Multiple size <= 100
TEST 1 ARG:68 0 30 90 88 69 51 24 57 10 86 89 43 38 64 87 91 72 27 75 37 59 58 78 48 2 97 8 50 16 26 39 20 85 15 17 12 41 11 67 14 45 46 34 5 19 93 56 98 18 70 74 80 52 13 53 71 76 92 7 55 95 73 47 40 23 6 28 42 60 4 63 96 81 83 99 79 66 54 84 9 1 44 62 31 77 61 35 22 94 21 3 49 36 25 32 29 82 33 65 
TEST 2 ARG:12 68 15 65 32 41 59 55 8 75 37 69 18 79 31 27 70 52 21 98 49 61 7 29 71 89 42 34 56 95 20 30 1 19 39 64 72 91 58 23 57 36 5 90 66 84 47 87 50 44 92 38 33 16 83 17 9 60 25 86 67 77 93 74 82 80 2 26 78 51 88 46 22 6 11 63 43 97 45 62 81 3 73 54 4 10 14 96 53 35 76 28 94 85 48 24 0 99 40 13 
TEST 3 ARG:85 58 8 75 51 32 10 9 17 11 84 18 16 86 94 99 96 26 80 2 79 7 44 83 59 36 49 3 54 55 12 28 71 62 88 20 60 69 77 29 91 64 39 30 23 33 74 57 61 19 97 37 24 93 82 46 70 81 72 13 90 15 48 73 41 66 22 89 92 45 63 31 4 52 78 0 76 65 42 95 38 50 56 6 98 35 87 5 25 53 34 67 14 40 68 43 47 21 1 27 
TEST 4 ARG:53 12 75 96 0 99 23 7 97 8 13 18 69 66 2 86 28 3 57 33 64 39 60 19 4 49 78 80 10 89 63 79 48 87 17 16 45 43 1 90 41 26 59 50 98 67 85 22 44 36 14 88 55 21 34 32 56 38 94 81 51 73 72 95 65 58 27 20 76 9 84 31 46 40 92 42 25 70 11 54 24 35 68 71 91 82 74 52 61 6 47 15 29 83 62 93 30 37 77 5 
TEST 5 ARG:58 23 1 28 27 57 10 77 38 39 92 46 15 88 79 61 20 7 21 36 16 90 87 65 72 95 86 51 70 45 99 94 32 44 91 74 76 75 0 8 9 60 78 85 96 59 82 35 30 71 29 98 3 66 56 34 6 17 11 19 33 14 84 54 2 50 62 83 25 37 55 41 67 24 47 18 31 89 12 63 22 40 49 64 48 26 73 42 81 52 97 68 93 4 80 69 5 13 43 53 
TEST 6 ARG:13 23 12 6 49 71 3 39 44 62 27 67 70 88 29 4 0 99 36 81 38 18 37 53 61 26 56 16 63 64 89 50 40 47 9 14 8 5 32 25 17 97 59 86 43 51 20 98 94 73 55 74 41 93 82 79 90 85 11 72 22 87 57 10 24 84 66 83 58 21 77 78 54 91 45 68 15 95 35 28 92 19 46 96 65 52 60 2 31 75 80 48 30 34 1 69 7 33 42 76 
TEST 7 ARG:68 66 54 98 76 64 60 39 85 84 69 19 29 45 86 26 14 93 8 42 38 83 6 41 74 96 77 71 25 22 67 32 23 70 43 47 35 49 44 7 78 11 37 13 40 75 89 27 1 5 16 55 51 24 18 28 50 95 46 91 48 12 73 82 31 9 53 57 81 52 15 90 79 20 4 63 56 72 58 36 62 34 99 2 21 92 33 61 59 97 0 87 80 30 10 88 3 94 65 17 
TEST 8 ARG:31 79 1 84 54 91 5 44 35 3 20 27 70 53 95 10 12 96 71 94 92 66 58 24 38 61 88 32 11 63 15 36 22 80 75 83 85 45 18 28 8 19 7 13 42 51 49 74 23 62 9 33 29 48 4 64 47 86 98 90 76 6 30 93 77 57 55 41 59 89 34 40 26 82 52 46 72 14 2 97 65 73 39 16 69 21 37 56 87 68 17 81 25 78 43 67 50 0 60 99 
TEST 9 ARG:99 5 53 80 72 57 41 97 87 38 46 84 85 31 50 35 37 81 78 94 12 59 42 71 1 36 64 83 29 82 9 7 67 92 18 15 51 56 54 44 23 74 20 30 10 70 0 14 90 73 68 79 13 77 62 27 49 21 66 88 63 8 96 6 25 19 98 22 3 89 45 32 76 39 75 93 43 86 69 48 33 52 11 47 40 28 58 24 65 61 91 16 26 34 60 55 17 95 2 4 
TEST 10 ARG:94 80 58 49 54 65 0 29 3 46 25 13 47 28 98 66 85 73 27 45 20 30 84 26 42 90 60 93 21 50 38 34 63 51 17 6 18 92 35 37 36 76 31 64 5 16 22 33 41 48 62 43 8 2 74 53 70 83 91 11 24 55 89 69 32 87 72 7 99 61 79 4 96 97 88 67 82 86 12 44 9 1 77 10 57 14 23 39 78 71 75 40 52 19 81 95 15 59 56 68 
Multiple size <= 500
TEST 1 ARG:-15 -108 113 41 -178 201 -51 221 136 -116 -57 -236 -185 236 151 220 219 175 62 95 -228 -45 76 -140 -249 -204 -60 25 117 122 -150 -189 -158 234 147 -7 79 -123 -128 -77 -229 97 61 -81 34 -34 184 -212 -157 -152 248 -151 209 -186 -224 -63 81 -114 152 186 51 80 -30 6 -54 65 -159 13 -182 195 43 246 -29 -53 -85 54 107 169 171 103 -36 -47 67 63 -193 -171 8 -223 115 162 129 188 83 -88 37 -230 138 -22 131 -17 -201 -55 -9 74 -216 -5 -187 -72 178 2 -146 146 239 -195 -43 208 156 -198 206 -221 16 121 88 48 -163 -31 211 35 143 -181 -242 -112 -78 -44 -8 -35 -56 158 87 18 -137 -130 21 0 -121 165 -188 50 -179 217 237 106 5 -21 -165 245 218 -177 116 -99 160 -210 -26 -202 150 199 134 215 -218 176 -200 -74 -16 -79 60 163 100 -109 -141 -206 164 -231 140 -148 187 91 137 -142 242 -147 -215 -42 53 -132 -65 -245 210 -71 47 86 213 216 -105 -104 94 90 -207 -58 119 -115 202 -136 72 126 -241 -248 148 -120 -19 -89 56 17 190 -117 57 102 -33 180 -133 123 168 -76 -62 179 170 -37 182 247 -124 32 -144 130 15 -10 -154 -83 -95 -101 232 73 111 222 39 -129 -220 128 -226 193 42 -39 -208 108 -67 200 135 -160 105 -2 66 -94 -217 -174 46 98 82 144 -66 249 75 -170 -145 58 -180 -175 -118 233 189 11 -234 229 28 159 -90 69 -52 224 -164 -134 109 44 45 -238 -113 207 59 3 145 142 -75 78 -155 -156 -4 -41 -119 -25 -196 -106 -110 205 -161 -153 96 -225 22 -190 133 -126 -87 -1 225 33 177 204 192 -102 24 -3 84 -219 -199 -91 -46 228 101 183 155 235 4 7 -20 112 -97 223 -250 198 64 -237 -233 -173 -23 161 -183 132 127 -96 174 -240 -125 -84 30 227 -107 167 -139 -167 181 226 -194 241 -127 -68 -205 -28 243 -111 -27 240 -138 -12 71 92 40 -80 -24 191 -49 -32 -40 -103 10 -6 -98 29 -197 -38 185 -232 -93 203 -50 -14 -166 173 23 -59 212 85 153 -131 93 194 -227 -86 -143 -18 -135 70 -243 196 -244 230 157 -122 99 77 -13 -92 -168 125 -100 1 89 -172 214 12 139 -176 -235 -149 -247 14 -246 49 154 -64 -239 -192 -48 114 124 110 -11 104 149 68 38 120 -61 20 231 172 -169 -73 -222 -162 197 244 27 141 166 -211 19 -70 36 26 31 118 -203 -209 52 -214 9 238 55 -191 -213 -69 -184 -82 
TEST 2 ARG:24 69 65 -223 49 -231 -110 -213 -91 -115 184 91 71 -246 29 -54 194 -224 10 157 -70 -127 -59 -60 0 -21 228 -117 195 47 -143 -102 -65 36 -86 121 -201 -181 237 -93 -133 -131 124 -125 79 142 -147 60 -146 220 226 52 104 -124 83 77 -227 -9 -207 170 -62 67 118 -100 149 -150 18 -119 138 50 208 -123 -219 -97 -130 249 -73 -236 229 5 -120 110 -212 156 -225 96 206 -210 -237 56 -15 209 111 -221 179 54 -7 -204 -206 197 235 -106 126 236 -16 -107 246 -176 -80 -170 -58 122 -136 -95 -69 -247 173 -138 117 -33 -29 4 187 114 -43 -96 -156 -103 -68 -183 -56 -53 202 -173 234 99 -196 181 -137 -155 183 137 248 -49 34 57 -144 22 7 80 -239 -41 -2 -188 -48 -129 -167 -84 -180 12 -14 -149 245 -169 180 -57 -27 -209 14 -67 152 160 -218 11 -11 129 241 -158 -234 -203 1 123 218 -134 -163 73 -3 -114 -105 33 -39 127 -28 166 2 106 196 8 28 -179 112 134 39 -10 221 -160 242 -178 188 182 177 84 213 -208 243 136 162 -20 66 70 -233 205 3 225 128 -135 -171 -222 -46 72 6 59 64 186 -76 244 -215 -104 -202 -45 -24 -186 -40 151 -177 -172 207 -145 -165 51 9 13 93 216 -191 -195 -139 120 214 -175 189 82 231 135 -77 210 92 232 43 -38 163 -23 130 -162 38 240 -182 35 55 -94 139 -141 -112 -55 146 -229 223 -242 97 169 109 174 63 -72 -166 75 150 191 -25 -240 -98 -190 -50 211 -235 185 -121 247 -90 -92 -87 -35 227 46 203 -8 -108 176 41 58 61 -250 19 -61 -4 217 -140 -211 37 107 144 -113 172 230 101 -197 158 -66 -78 -111 -194 -214 -118 168 15 -249 143 167 108 -152 153 86 -220 -19 -89 -185 171 200 98 48 178 -122 -199 131 -30 105 -31 -205 53 -148 119 -71 26 155 -238 74 -243 20 27 201 -34 -52 -44 -63 190 -230 -42 81 -22 -79 -153 -32 -217 140 78 -26 199 -248 192 100 -200 -192 62 -187 224 76 68 87 -101 -164 133 -241 -184 148 25 -161 -85 -75 204 21 17 222 159 89 164 85 -189 212 -5 16 113 31 239 23 -18 -174 -1 90 -128 -126 -154 -37 -64 -82 219 165 -17 45 32 -232 40 233 -244 -157 -159 88 -13 161 125 215 -6 -226 102 -36 198 42 94 -81 -12 30 -151 -216 -168 -228 -198 145 132 115 -132 -51 154 -74 -99 193 -109 -142 -116 141 -193 44 116 -245 -83 -47 238 175 95 -88 147 103 
TEST 3 ARG:68 -86 -229 -201 134 -214 -39 -208 -63 -204 -33 -38 21 91 -198 187 155 -212 245 16 -249 -46 24 108 -81 246 -89 -173 230 207 25 -82 -29 19 39 170 -58 59 239 -50 189 166 -117 -8 -197 61 64 -120 -10 188 -118 -111 86 41 133 87 -125 221 -52 101 -202 -112 -107 -37 -105 219 -102 -124 -242 183 6 -54 30 -137 194 71 -77 120 -101 85 -76 55 -51 150 -163 -5 -206 127 -85 -236 176 78 -224 -31 -12 -162 -145 -71 -133 110 -191 100 -57 -165 22 -155 -27 195 233 -55 -126 -132 -64 237 158 -200 84 -90 44 94 45 229 -14 40 128 -98 -74 20 105 208 152 112 137 -99 -115 184 54 -113 80 190 69 -79 -230 -131 -243 96 -152 -196 174 171 48 -240 63 -185 -32 -176 -9 62 56 -78 29 -183 121 -49 191 88 -195 146 -171 130 -237 43 -215 -130 193 163 -91 -66 12 26 -16 60 -109 -178 117 243 72 148 -241 97 -210 132 -35 -148 234 138 -88 -193 167 -246 -235 -72 -159 -93 -239 206 185 -231 -92 -142 -60 199 -134 -26 104 50 18 -129 214 200 35 124 99 -135 4 90 58 -146 238 173 210 -87 -42 75 212 9 -220 224 -24 122 -168 204 225 -110 57 -108 -30 -150 -182 38 49 -100 -45 177 231 -222 -83 129 220 27 209 -70 -217 82 168 -19 126 -144 -188 -11 -43 125 92 -228 67 93 -209 -205 232 182 228 2 223 65 74 -203 -95 -106 -40 37 34 42 217 -3 -96 160 -48 -250 141 -158 -122 240 -161 -103 -248 211 196 -207 -59 -23 -154 -221 -53 -21 -192 192 149 -114 -199 46 -127 235 -61 -211 15 77 -156 154 -189 -47 -18 123 113 98 -247 79 76 36 140 197 14 -218 -233 -65 81 31 -157 244 -213 -69 -180 -232 -56 -94 -116 -174 0 215 147 11 249 -143 -139 -44 53 3 -2 -149 143 83 -160 -177 33 227 -226 -147 109 136 -75 -234 157 7 153 95 -164 145 -20 -22 242 162 -187 -190 181 178 203 -138 142 186 216 103 -167 164 -141 28 -97 -238 -245 151 135 116 -67 226 8 51 144 -194 5 -172 114 165 -1 131 -123 73 169 -121 161 179 -170 -34 -169 -244 248 175 -4 111 213 205 52 107 17 -225 -80 -68 156 -62 -223 1 -41 -84 159 -119 -136 139 -175 236 -186 -151 10 -17 66 106 -6 -219 222 -153 102 -140 -13 -227 247 -15 -73 218 89 -36 201 32 118 -216 23 115 -128 -104 241 -181 -28 198 119 13 -179 47 -7 180 172 -25 -184 202 -166 70 
TEST 4 ARG:21 -203 -108 151 -237 -117 -188 -137 -95 -5 -93 -160 -69 -229 -32 -223 -55 237 202 -113 -125 -16 -177 221 205 -120 115 111 -216 31 2 -42 35 -3 14 -152 -103 -221 75 -244 200 41 189 -50 -222 206 113 -34 71 84 46 -68 -9 -31 -145 8 199 -66 -37 -64 -207 195 153 25 -91 69 116 -43 -150 79 118 194 90 -215 157 18 -19 -197 124 -250 -119 45 -170 185 -228 -139 176 193 183 208 -58 188 -238 85 249 42 -70 167 108 40 86 -27 239 -195 -155 -26 243 67 80 7 -146 15 231 -249 -194 -168 32 -193 -23 211 105 198 225 126 37 50 93 219 -24 196 49 107 -141 -161 -7 -149 -25 -208 5 -201 11 103 -6 142 247 6 -142 117 -92 -138 -192 135 -219 -52 242 -186 -36 -10 -1 -61 181 -232 148 13 -196 -110 -76 174 160 210 -121 121 -2 83 125 232 -184 27 165 222 58 -205 -217 -175 -39 -234 -151 -21 146 119 -183 -173 -79 -115 178 91 191 -247 245 -57 -174 -88 87 -82 59 -233 -210 -116 -38 82 -90 -85 114 217 -109 -87 -105 -60 28 244 169 159 -131 55 -100 4 -18 -211 -114 -220 246 -75 136 68 214 39 -15 -212 -86 228 92 9 240 112 223 -163 101 -144 -49 -74 241 72 -199 154 -148 238 122 -176 -48 88 -65 -202 -41 104 -140 110 -172 -78 203 54 -47 128 -98 -180 109 -187 76 -123 -14 -8 -156 33 170 -164 -106 -22 -178 156 -226 177 233 3 144 -73 166 -118 209 -71 123 141 173 -169 164 127 -133 16 175 168 47 -230 81 -4 12 190 -94 -153 -235 -171 96 77 -30 212 -182 -189 220 -166 43 -124 61 -162 192 -132 184 -107 22 -80 -245 -89 -136 30 229 36 158 -135 -72 -239 -77 24 162 10 138 216 236 235 234 -63 -241 131 19 -56 -179 152 -130 -20 44 -99 -12 -28 143 -204 -206 -165 -242 -224 137 155 23 -227 -129 56 -134 -246 98 -159 248 74 224 -112 48 -102 -96 187 215 57 34 -51 -111 179 100 171 78 -62 -83 180 130 20 17 172 -45 1 29 -236 66 139 207 -33 51 -143 -40 -198 -104 -185 150 63 64 -200 -191 -13 -209 -147 -81 -240 201 -128 62 132 89 163 -213 -248 102 70 -167 -46 38 213 -157 -122 -225 -59 140 -126 95 -54 60 -190 -231 -35 97 -53 -101 230 134 -218 99 106 -67 0 204 120 145 53 -97 -84 -44 218 129 147 -29 149 26 -17 -243 182 -158 73 133 186 227 -214 65 -127 161 94 197 52 -154 -11 -181 226 
TEST 5 ARG:30 239 139 -162 -43 44 64 143 -150 153 -16 166 -116 -49 90 24 -135 54 -100 216 -161 -151 -137 -97 -131 163 -111 -95 67 -244 132 -220 197 33 -10 154 -176 98 86 237 69 -33 211 198 144 -138 -183 36 152 -69 229 -106 221 -99 196 -134 21 41 168 -114 23 -120 193 -227 -105 -158 -213 85 46 -84 194 155 -236 89 136 -98 205 -23 8 -207 159 -155 96 180 -221 -112 93 80 -234 195 220 -171 148 -199 49 199 -230 178 -92 -62 -245 127 45 141 14 -31 62 65 140 -21 192 -249 -222 97 -15 -215 -39 -109 240 -28 133 -123 149 -153 -19 99 -247 17 120 70 -143 103 -237 -122 82 -85 -169 -38 -41 164 202 -141 -133 108 75 212 -201 -209 156 -142 208 181 84 -188 7 -17 -119 4 -154 204 -118 113 -211 2 50 -90 -1 78 147 114 -190 -148 -35 142 -126 -149 -175 -36 -59 227 -58 -193 -191 122 19 230 -110 -239 0 -12 177 -214 -121 -42 -217 248 -157 -172 -232 -44 -205 18 -241 -146 -145 -177 -74 -70 71 190 170 -226 -25 -124 182 247 157 -192 123 217 61 130 234 135 -228 206 3 -167 38 -184 -218 -55 167 20 -102 -182 -13 118 -240 -51 40 134 174 87 -68 116 52 231 146 110 -250 -67 -231 56 165 -160 129 200 -159 -164 53 13 111 -4 -235 -32 249 1 -202 112 35 138 55 -147 -86 -34 188 39 -219 -208 233 -189 -5 -248 184 -20 32 -181 -81 77 224 -6 -7 173 -125 175 215 -203 -115 109 245 92 -73 151 -136 218 222 -52 66 95 150 102 -152 -168 -113 191 232 -194 107 243 60 -82 -80 126 242 -128 214 -88 -2 106 37 241 -47 105 -24 -229 179 -91 -107 -46 -93 83 -27 -179 223 169 185 26 100 -53 -246 -54 48 27 63 -156 125 51 43 -139 34 -22 187 -180 76 172 57 209 -117 58 -186 -223 91 -163 -96 -140 162 -18 -77 -132 -94 228 -8 -173 -79 131 -174 176 119 74 158 -210 -129 -170 128 -72 213 -87 31 235 79 246 -61 -78 117 72 -103 -65 -185 186 -48 -130 -144 68 -60 -101 -127 124 88 -66 207 226 145 -204 16 115 219 -45 238 42 -75 189 160 -57 -50 -76 244 -166 137 203 -11 -200 -224 6 12 -165 47 -104 -212 -40 -242 59 121 -37 101 94 -29 -197 -206 10 -198 -216 5 -30 -233 9 28 -83 -56 -225 -71 -9 236 104 81 15 29 -26 -196 210 -243 11 -14 161 171 -108 73 25 -187 -3 -195 183 -238 -63 225 -178 22 201 -89 -64 
TEST 6 ARG:17 64 -188 18 164 -64 -100 60 -193 228 118 160 -17 193 208 -32 126 -234 89 54 -250 154 -199 27 52 -25 -37 -120 236 143 196 137 -44 158 121 192 245 -69 44 -209 205 215 10 -97 247 -127 -162 86 57 131 59 -191 8 211 246 -91 -168 195 174 -6 -205 -247 32 36 -33 28 29 -180 -170 134 21 -38 -73 -52 76 190 248 203 15 25 95 -148 -174 -200 116 3 219 -213 -66 153 62 74 -112 178 213 63 186 148 -39 37 194 138 -65 -217 -161 -83 243 35 112 -242 -9 -50 2 -30 117 90 -240 -149 -101 181 -235 67 -49 -62 -173 -172 -166 -202 242 177 -87 -164 -86 -34 -8 220 -80 -19 113 -177 -16 85 -118 206 70 -204 -131 103 -146 22 56 224 -231 -13 93 -223 182 238 -189 -163 201 99 162 -94 110 4 175 -14 -106 227 -181 65 -165 47 -171 -210 244 45 -128 -137 6 -4 58 26 -147 145 -81 -158 166 -22 114 75 -144 -117 -198 141 -219 -88 -230 23 163 -57 24 -107 49 189 -24 98 19 105 198 -26 108 87 -192 233 234 -185 -246 230 -194 -150 -115 222 123 -167 42 -90 -122 -186 -218 170 91 -121 -29 101 -222 46 -221 -31 115 -190 9 151 -7 204 -157 -159 -169 -63 -2 -156 -249 218 139 100 128 14 82 -11 214 -232 216 -224 16 -187 207 -182 -54 -211 -179 -119 97 33 -178 -133 157 -79 197 -126 -151 72 -104 41 140 202 212 102 -5 188 -143 -46 -47 5 40 161 125 168 156 -12 83 150 -28 -45 -75 180 209 -124 73 -78 -154 144 -41 -109 -183 66 225 -239 -1 -215 159 -216 -134 -36 -227 -51 -139 -108 -27 11 169 120 -214 80 -84 -123 -20 223 -241 -74 130 -92 -212 53 185 -129 61 107 -135 -76 152 96 -15 155 -89 -132 -141 -196 -225 146 237 -176 79 191 241 -116 -103 -72 173 -243 50 -111 -236 106 0 -61 221 171 231 -220 142 -58 210 -99 -59 20 13 179 -206 -114 -160 -42 69 -153 -3 84 200 1 -237 167 -105 -138 229 -130 -40 -85 48 94 -248 -228 55 -229 249 -18 92 -68 -56 111 -152 -10 -48 -201 43 147 -110 30 235 -145 240 -175 136 31 104 -184 -77 51 217 -70 127 -96 -35 187 135 -67 -82 122 68 -226 232 -245 165 133 199 88 -203 172 78 7 129 124 176 -233 -23 -136 -55 39 71 -60 -142 77 81 -71 -197 -21 38 -113 119 -125 -244 226 109 239 132 -43 -98 -140 12 -238 -208 -53 -195 149 183 -207 184 34 -95 -93 -155 -102 
TEST 7 ARG:-199 -17 190 174 207 -136 128 -74 -168 132 136 87 61 148 -16 86 194 -135 -224 38 -159 -40 137 231 -39 -4 -189 -121 -221 -205 -185 91 -99 184 -80 -222 79 146 243 187 -45 -143 109 240 65 39 -12 219 200 239 -198 31 135 44 164 -53 103 -175 7 9 -129 -54 139 118 -144 166 143 -186 -209 -60 244 -49 73 27 157 202 -30 -132 -166 238 101 119 -188 140 69 141 -36 234 70 42 211 -195 160 -125 134 -103 -35 -223 -244 76 -8 -7 -190 -239 -90 -32 -148 -187 98 66 208 153 155 171 29 -14 226 -249 -93 163 152 108 -66 -206 -105 248 177 -13 53 -112 -235 158 88 -116 198 -180 -128 -42 2 97 121 -41 92 -88 -213 -152 168 112 196 -67 -20 -219 229 -214 63 142 5 25 113 -139 -91 -208 125 -79 18 -131 117 -197 107 -47 214 232 -76 224 48 -226 30 203 -193 -192 170 23 -203 -231 -160 123 60 17 57 37 -52 223 1 81 -176 41 -58 -50 4 -61 -149 197 -62 -241 -33 26 -177 154 -115 -63 149 -64 247 -37 -179 -98 32 54 144 -29 24 -250 77 -194 -104 -27 -75 -94 228 124 -101 -243 -107 206 -212 126 -207 -25 0 209 169 22 -228 215 74 188 93 67 225 -137 50 -246 -182 204 105 80 -211 116 230 -24 -109 64 -110 72 -155 -127 217 -154 172 16 -150 -26 -31 -48 -57 -204 181 -151 95 -72 45 150 -34 -119 -73 -86 -126 14 -96 100 237 222 -65 218 183 -147 -236 51 102 205 -108 35 -170 -18 178 -55 -11 106 233 -216 -100 8 114 131 -3 156 193 227 110 -196 3 52 -169 -15 20 -215 182 -201 242 -238 -247 -43 -240 94 11 71 -123 -178 59 167 -173 -157 165 161 -163 245 129 -70 104 -2 99 40 -23 -134 -200 -92 89 201 49 43 147 -111 189 -227 84 145 55 -82 162 10 -141 21 -233 -113 -81 -22 -191 210 -44 56 -230 -183 -106 235 -172 -145 115 179 -232 -171 58 138 96 -95 213 199 -71 192 -85 -97 -77 176 221 82 68 133 -114 -161 -5 -102 -6 -142 -87 127 33 28 -68 -248 185 -237 -133 -184 -83 -51 -21 216 -122 83 212 -46 122 191 -146 180 85 173 36 -28 46 -220 159 220 -69 -165 -19 15 -10 -242 -225 111 -158 90 236 -234 130 249 75 -84 -124 241 -140 -245 246 -78 -217 -162 -153 -138 -229 -1 175 34 151 19 -117 186 12 -181 -167 -156 -89 47 78 -164 -9 120 -59 -210 62 -174 -120 -56 195 13 -118 -38 -202 -218 6 -130 
TEST 8 ARG:-23 -170 59 -2 -239 -155 14 -22 -238 28 61 -193 -76 -81 -153 53 -104 196 52 -156 66 179 -94 26 129 -241 -70 157 -178 99 -242 -69 -136 69 137 21 -48 -85 -225 82 114 117 -87 -109 34 -119 172 -112 -152 -172 170 -20 103 -167 -58 86 243 244 131 -37 213 145 136 141 218 31 -250 -108 -142 -240 241 -117 27 230 -95 247 98 57 130 -184 188 183 234 -44 -80 -40 -56 120 -213 208 -149 -102 144 -91 -222 -199 -176 -73 -3 -59 -219 219 22 -234 -43 -53 -182 -52 -179 240 180 -160 -68 148 -84 -166 231 43 151 95 -66 182 48 -124 184 149 119 150 39 -61 -144 122 173 13 -230 -78 232 167 189 -11 168 -72 -57 87 -49 89 -110 32 163 195 -34 -139 -146 143 -133 156 -150 142 -118 -79 158 -46 -122 24 5 41 -13 -232 -163 -120 102 -19 -161 18 -145 206 -137 162 226 -132 227 -158 205 -121 -218 30 -39 -154 17 -127 -6 217 187 -226 -148 -245 197 -207 -116 84 -185 153 25 -65 -89 40 63 166 50 -82 -215 45 92 -201 -21 60 67 -88 -141 38 118 -83 194 159 -169 246 239 138 46 233 110 -9 -5 -217 -1 -32 133 83 212 222 -248 -64 191 -128 -214 -8 -38 -125 -93 164 -47 1 186 77 74 0 23 -60 -131 7 75 78 201 210 90 -98 -244 -191 -16 33 116 135 211 -96 -192 -115 -123 -130 -194 58 -107 -224 139 223 -233 235 192 -236 220 132 -228 94 229 -126 109 -31 -54 -97 -92 -165 -203 -237 65 108 181 -71 128 -189 -7 237 -27 123 -171 -90 12 -243 169 113 -113 101 97 -12 -10 9 -105 146 -45 -151 105 -183 228 -164 -174 -220 178 175 -212 100 126 4 -63 -249 -247 -140 -211 -99 -67 -17 -197 6 -157 155 176 -15 -101 154 -180 -14 72 -30 200 -111 245 -36 44 2 -173 -227 -188 190 29 -200 76 165 -202 71 174 -103 -106 -209 35 -75 93 91 214 140 -190 -50 249 10 -205 80 3 225 -4 62 -186 -216 -221 81 19 242 -114 -175 -147 8 -62 16 111 -231 64 104 -29 -86 96 107 -33 -229 51 -135 -159 171 -223 42 215 -26 221 125 -196 115 106 127 -55 121 -41 -198 -181 -206 85 -138 47 248 207 -195 -100 20 160 88 -74 -204 198 185 124 238 -235 -162 -208 -35 68 56 -51 112 -134 49 37 203 199 70 161 193 -143 79 36 -177 -77 -18 134 152 73 -24 202 204 -42 54 11 177 224 236 -25 -28 -168 55 -129 -246 15 216 -210 147 -187 209 
TEST 9 ARG:-140 59 -100 187 -196 43 -207 -150 -232 -220 228 128 -169 -145 -248 115 -158 -245 24 -148 72 -181 78 92 -112 35 151 13 57 202 -184 106 27 -231 -154 103 29 96 204 136 -26 -21 -216 -131 -23 -14 -208 -151 -233 -93 -85 70 62 -167 160 19 205 64 121 -63 63 40 -132 -141 -115 52 -52 -10 -205 34 -111 -109 -51 -99 138 -110 -194 -47 -89 129 220 93 -104 80 118 210 -228 90 56 -155 174 28 240 -24 -129 97 -28 31 -56 -78 5 -234 -17 215 -206 -16 67 14 -195 -149 76 156 -192 142 -180 -94 32 -87 -130 141 -40 170 -237 54 -30 98 -101 -45 74 157 112 139 48 216 197 -170 -34 37 -160 117 -44 110 -68 199 -75 152 155 -174 229 38 -175 85 -185 26 100 -168 -200 88 124 -116 15 44 -199 -60 232 105 135 51 -135 -65 175 -43 -176 -125 -138 -19 -159 -189 -18 -55 184 -139 -172 22 -98 -12 -59 -226 -227 -15 -144 -108 191 65 -221 120 -74 20 21 -20 171 41 33 182 7 -103 -88 -42 185 -61 -38 227 39 -202 -54 81 94 231 147 49 144 235 176 -242 109 161 239 -191 4 95 221 -64 -48 -247 -124 -244 119 58 -209 209 8 30 214 242 189 -95 -2 211 -36 224 6 79 -70 -128 91 53 36 -147 -6 -146 203 180 238 -249 195 -165 241 -69 -5 -11 -250 222 -203 -235 -183 219 -177 101 -126 -27 114 60 -153 181 111 89 -198 -67 18 11 -4 247 125 -46 -91 -82 -213 -76 -105 132 12 159 -86 -161 212 233 -7 -73 71 -236 169 137 -79 -114 -214 -41 154 234 107 243 194 -22 23 -121 -217 75 148 -188 190 -57 153 149 -166 -71 -204 -107 230 -179 -210 -222 87 -32 -134 248 150 -97 218 196 -77 -239 126 183 -163 82 133 166 -137 208 -33 123 -215 -102 -106 178 84 192 201 163 99 73 -173 113 246 -156 -211 102 -113 236 -157 -187 -118 -80 179 158 -212 198 9 206 -8 104 177 69 134 -123 244 188 -72 -219 168 130 162 -29 -241 131 217 77 -53 -136 -127 0 -31 -62 -190 -119 -1 165 -223 -201 146 1 225 16 3 207 -58 237 -96 193 -152 -238 -218 173 83 46 86 -39 -182 213 -186 -13 17 -81 47 245 10 -9 -229 -84 -120 122 -240 140 -92 167 200 -37 -66 -50 -25 -164 61 68 223 249 -178 226 -122 164 -49 -243 -224 143 -133 -230 -90 -142 55 2 186 -171 -117 -197 -162 -193 -225 42 127 145 45 116 25 172 66 -35 -83 -246 108 -3 50 -143 
TEST 10 ARG:-147 218 124 183 -200 -61 -161 -65 -203 -9 -85 -108 -45 -217 229 -115 -143 81 174 16 -15 142 111 147 105 -72 -142 -47 210 -141 236 47 130 -154 197 8 196 -70 -180 66 -226 -133 -223 -49 64 -227 235 181 122 70 17 -12 225 -30 -236 205 40 112 194 -98 222 120 -66 -215 -242 128 -247 -146 -75 63 -54 -221 134 -128 -52 -211 -228 146 108 249 -245 133 -55 224 155 53 -248 118 -162 160 -195 91 26 173 -214 51 -177 -74 -210 13 74 145 -28 117 240 -31 -199 209 -62 57 -89 69 -159 3 50 -237 -24 -183 100 162 96 39 -67 -5 -19 119 -229 -181 -152 -222 242 103 247 71 166 -90 -243 -205 -91 -10 -80 -250 228 23 168 -137 5 221 -56 -208 -44 206 -138 215 -134 -46 -42 241 98 156 -175 -58 159 -173 -182 -22 6 212 244 -171 4 28 -53 125 -174 -130 177 116 172 138 29 178 85 248 231 -14 -197 -189 21 211 -113 107 203 99 75 -7 175 62 237 -212 -77 -241 220 -120 -68 -149 190 163 -33 60 9 -136 187 -132 92 -117 -188 -50 -40 -6 -69 -165 -64 202 -122 -155 232 126 45 -139 214 14 -209 -166 -63 176 44 -144 101 10 22 38 86 -76 151 -231 -232 -11 77 87 -202 140 24 -95 2 213 102 192 198 -119 -48 143 41 -238 -196 -39 67 239 20 -192 -207 -124 -34 234 -184 110 -204 -164 170 -23 -206 89 245 -239 131 -104 58 -106 -105 -21 37 185 154 34 27 109 -18 -121 65 -38 -135 -109 95 -96 19 129 -8 219 -114 -71 -126 -29 -156 199 -235 93 104 56 -51 59 -168 152 -145 238 52 141 -213 -186 106 226 -35 49 -82 164 -230 -131 -100 -79 -160 7 -43 -191 -99 54 -32 -101 150 -249 84 136 90 -93 -246 -240 -167 246 -26 -83 171 -158 135 169 -244 149 31 -194 -86 -41 158 161 191 179 230 30 18 -163 36 -190 -4 -170 -13 -187 -116 -94 15 1 -103 -1 -102 -84 -92 -151 48 233 243 144 0 -59 216 -216 207 73 132 -81 -176 204 -219 -157 -36 115 79 188 -2 217 184 -140 -150 -107 43 82 -97 148 -179 -118 11 -127 42 -16 182 -88 -224 -234 35 157 -125 -198 76 127 -78 33 186 78 -172 167 -193 94 55 -37 -73 97 -27 -111 137 -148 208 180 139 12 195 -25 -112 193 -123 114 -110 -129 -57 -225 121 -17 61 200 88 153 -178 223 -20 32 227 189 83 -220 -233 -185 -87 165 -201 -3 -218 80 123 68 -169 46 113 201 -153 72 25 -60 
All size test
TEST LEAKS 5 ARG:0 1 
TEST LEAKS 5 ARG:1 0 2 
TEST LEAKS 5 ARG:0 3 2 1 
TEST LEAKS 5 ARG:3 0 1 4 2 
TEST LEAKS 5 ARG:2 0 1 4 5 3 
TEST LEAKS 5 ARG:4 2 0 5 1 6 3 
TEST LEAKS 5 ARG:7 2 0 3 4 5 1 6 
TEST LEAKS 5 ARG:2 5 4 3 8 0 6 7 1 
TEST LEAKS 5 ARG:3 0 1 5 8 2 7 4 6 9 
TEST LEAKS 5 ARG:6 8 3 0 4 9 10 5 1 2 7 
TEST LEAKS 5 ARG:0 7 2 11 4 6 1 10 9 3 8 5 
TEST LEAKS 5 ARG:11 9 5 10 1 0 7 6 3 12 4 2 8 
TEST LEAKS 5 ARG:0 8 7 6 12 10 9 13 3 5 1 4 2 11 
TEST LEAKS 5 ARG:0 14 12 9 5 3 2 13 10 4 11 7 8 6 1 
TEST LEAKS 5 ARG:8 9 4 10 13 3 6 5 15 7 0 14 12 1 2 11 
TEST LEAKS 5 ARG:15 6 13 14 16 2 5 1 10 0 4 9 12 8 3 11 7 
TEST LEAKS 5 ARG:11 0 3 14 15 2 8 16 17 13 1 5 9 7 4 10 6 12 
TEST LEAKS 5 ARG:11 3 5 9 12 8 7 0 17 6 16 1 4 10 14 18 15 13 2 
TEST LEAKS 5 ARG:16 18 6 13 8 11 0 1 19 4 12 9 7 14 5 2 15 17 3 10 
TEST LEAKS 5 ARG:18 16 10 3 5 20 9 15 12 17 14 11 1 0 2 19 4 6 8 13 7 
TEST LEAKS 5 ARG:14 21 17 0 10 4 16 2 13 15 5 7 11 18 3 1 6 19 8 9 12 20 
TEST LEAKS 5 ARG:3 13 10 5 21 8 17 6 12 11 22 4 16 20 1 14 7 2 15 19 0 9 18 
TEST LEAKS 5 ARG:19 21 11 10 23 18 22 4 7 15 8 17 20 9 0 12 1 5 2 16 3 6 14 13 
TEST LEAKS 5 ARG:23 19 13 15 22 0 7 12 10 9 21 8 14 3 2 11 5 18 24 4 6 1 20 16 17 
TEST LEAKS 5 ARG:5 18 0 2 12 11 23 4 9 24 16 7 22 15 3 10 20 17 8 25 19 6 13 21 14 1 
TEST LEAKS 5 ARG:9 2 0 23 3 16 18 7 6 25 10 20 11 5 8 15 12 1 22 14 19 4 17 24 13 26 21 
TEST LEAKS 5 ARG:15 1 11 8 7 21 24 18 23 19 14 12 2 17 25 16 6 26 22 9 13 0 20 4 27 5 10 3 
TEST LEAKS 5 ARG:26 22 27 20 11 6 19 8 25 2 5 1 16 17 13 7 4 18 21 14 9 15 0 10 24 3 28 12 23 
TEST LEAKS 5 ARG:23 7 9 4 20 3 29 26 6 2 5 11 22 12 17 28 13 16 18 25 15 14 8 1 10 19 0 27 24 21 
TEST LEAKS 5 ARG:5 13 12 18 19 11 17 16 23 29 8 9 6 30 0 4 20 3 21 1 10 15 28 14 2 26 7 25 22 24 27 
TEST LEAKS 5 ARG:8 19 25 6 3 16 20 21 10 1 18 2 22 5 13 14 27 11 0 15 9 17 29 23 30 4 26 28 7 31 12 24 
TEST LEAKS 5 ARG:32 18 1 27 13 19 31 21 8 15 24 20 29 7 17 9 26 3 2 11 25 5 23 30 10 0 14 16 22 12 4 28 6 
TEST LEAKS 5 ARG:19 31 23 21 13 16 18 4 20 28 22 5 14 7 8 33 12 1 11 0 3 30 15 10 6 9 25 32 26 2 17 29 24 27 
TEST LEAKS 5 ARG:26 4 15 33 10 27 34 19 23 8 1 24 20 2 9 11 3 31 28 13 0 6 12 18 25 29 30 14 21 17 22 16 7 32 5 
TEST LEAKS 5 ARG:5 11 24 0 13 31 4 16 35 2 14 20 33 3 1 7 23 22 32 30 15 6 18 21 25 34 17 27 9 19 28 29 8 26 12 10 
TEST LEAKS 5 ARG:12 29 21 22 33 26 1 17 13 32 11 7 18 9 2 14 28 27 4 24 5 34 31 20 3 19 0 6 8 16 30 25 23 36 10 15 35 
TEST LEAKS 5 ARG:30 35 9 0 12 32 31 21 8 7 15 4 18 22 23 17 26 29 33 16 11 34 27 10 25 20 24 14 36 3 19 5 13 2 37 6 1 28 
TEST LEAKS 5 ARG:19 24 7 26 10 21 14 25 13 37 33 20 11 36 31 8 6 12 15 34 1 27 22 18 4 2 3 17 30 29 23 0 28 16 35 38 9 32 5 
TEST LEAKS 5 ARG:10 29 15 8 3 13 32 16 17 9 20 36 18 11 37 33 21 7 12 39 0 23 27 30 38 25 6 4 22 35 31 5 1 26 14 28 19 24 34 2 
TEST LEAKS 5 ARG:5 0 6 27 21 11 40 26 17 37 29 2 32 36 39 3 9 13 16 34 30 1 4 10 31 19 8 38 20 22 25 18 12 7 23 35 33 28 24 14 15 
TEST LEAKS 5 ARG:30 24 5 41 0 9 17 13 40 20 36 37 31 39 7 18 29 23 25 2 19 28 8 34 14 38 4 1 16 22 10 3 15 21 11 32 6 33 35 12 27 26 
TEST LEAKS 5 ARG:1 28 27 34 12 37 41 42 32 4 31 10 19 24 25 2 7 39 33 17 14 29 35 40 3 11 22 0 18 21 16 9 6 5 20 26 38 30 13 23 36 15 8 
TEST LEAKS 5 ARG:25 28 0 26 7 6 30 15 11 29 37 19 23 3 21 43 2 5 20 38 35 8 18 41 14 13 24 40 39 31 36 9 27 22 33 17 42 4 1 10 16 12 34 32 
TEST LEAKS 5 ARG:19 36 14 30 33 3 21 43 6 10 18 11 12 29 42 32 38 35 7 20 31 8 44 2 41 28 17 9 23 39 37 24 27 1 22 40 25 26 4 0 5 16 15 34 13 
TEST LEAKS 5 ARG:36 23 43 45 21 18 40 2 10 15 22 41 32 30 4 25 9 24 12 37 35 38 1 42 3 13 39 29 16 14 19 0 7 33 31 34 44 8 5 28 20 27 17 6 26 11 
TEST LEAKS 5 ARG:5 16 15 33 10 1 29 20 7 9 39 4 30 44 24 28 2 40 38 37 32 14 25 21 41 18 27 11 42 23 3 46 34 26 8 31 6 19 0 36 45 35 43 13 22 12 17 
TEST LEAKS 5 ARG:21 36 37 29 0 5 7 43 28 4 38 35 45 14 19 23 25 27 17 44 8 3 10 9 1 16 40 13 26 30 11 24 12 2 34 42 33 22 6 39 41 15 32 31 47 20 46 18 
TEST LEAKS 5 ARG:33 11 3 46 7 37 24 27 36 28 44 9 39 0 35 23 12 48 40 22 21 47 2 1 10 26 32 15 4 41 16 6 17 20 5 42 38 43 13 14 19 45 30 8 25 31 34 18 29 
TEST LEAKS 5 ARG:44 38 30 41 14 35 37 6 15 34 22 11 21 40 42 24 48 20 4 17 12 23 33 28 3 47 0 13 25 10 9 18 8 43 2 5 29 45 26 1 36 7 32 49 46 39 16 31 19 27 
TEST LEAKS 5 ARG:31 47 33 43 6 17 10 1 7 20 39 26 2 4 30 32 19 25 50 8 46 11 14 45 40 15 28 9 29 49 44 36 21 42 22 13 37 34 18 16 23 24 3 38 5 0 48 35 41 27 12 
TEST LEAKS 5 ARG:14 11 5 51 19 26 28 8 12 33 6 20 24 4 22 18 46 0 16 50 32 1 43 25 10 13 31 34 35 48 44 7 40 29 21 36 23 41 37 2 39 17 38 42 27 3 9 49 30 47 15 45 
TEST LEAKS 5 ARG:25 36 6 30 50 43 29 33 18 0 20 31 44 3 49 8 46 35 2 32 19 34 51 41 39 10 13 15 38 16 52 42 5 7 21 40 12 26 37 9 11 45 14 24 22 23 1 17 47 28 27 48 4 
TEST LEAKS 5 ARG:50 12 32 3 28 18 8 13 39 2 19 51 27 49 42 26 16 38 40 43 4 36 34 41 15 7 53 25 45 11 1 52 35 44 0 24 37 48 21 22 29 31 10 30 23 9 6 33 5 46 17 47 20 14 
TEST LEAKS 5 ARG:24 13 42 52 18 12 29 47 46 34 28 44 4 1 45 48 27 7 41 14 54 8 15 40 5 43 51 30 35 32 37 39 6 23 19 31 36 22 53 25 16 0 21 2 26 33 50 10 38 9 11 49 20 3 17 
TEST LEAKS 5 ARG:36 31 8 19 17 12 49 9 41 30 50 10 52 26 32 40 14 15 53 35 34 13 20 6 38 54 16 46 1 45 39 55 44 28 2 48 3 22 11 47 27 23 0 24 25 29 21 33 43 7 42 37 18 4 5 51 
TEST LEAKS 5 ARG:19 16 10 1 41 31 33 45 26 2 50 9 21 5 22 14 47 8 12 4 28 37 30 36 56 35 6 27 52 53 13 46 43 24 17 32 39 3 20 51 38 34 7 48 29 40 23 25 15 55 54 18 44 11 42 0 49 
TEST LEAKS 5 ARG:53 47 16 36 37 26 31 3 54 14 2 25 30 21 27 57 55 8 24 35 38 50 22 42 10 34 18 45 7 5 39 48 43 23 0 13 20 40 32 49 11 19 51 15 9 33 52 41 56 6 44 46 29 4 12 17 1 28 
TEST LEAKS 5 ARG:11 27 8 34 25 3 49 14 47 24 32 53 33 52 48 37 5 2 36 18 23 54 0 43 38 42 35 20 17 45 39 21 50 40 57 22 26 10 44 16 55 19 7 6 15 51 28 58 13 41 31 1 9 12 4 56 29 30 46 
TEST LEAKS 5 ARG:41 1 16 11 5 26 20 7 38 56 14 2 3 49 31 23 0 50 40 37 18 21 35 51 36 59 4 25 10 47 48 44 6 58 8 52 13 27 34 46 42 30 28 12 45 57 32 43 17 19 33 22 24 9 54 55 53 15 29 39 
TEST LEAKS 5 ARG:51 44 34 31 48 59 6 43 53 60 5 52 49 28 54 57 29 36 11 50 20 12 38 37 4 21 22 26 33 46 41 55 42 47 2 35 10 23 15 16 9 18 13 19 25 0 40 58 27 8 14 1 56 30 17 24 39 7 45 3 32 
TEST LEAKS 5 ARG:5 21 42 53 24 18 59 47 60 35 31 10 34 50 52 4 14 22 20 13 17 32 43 29 36 57 19 40 28 26 3 61 45 27 46 16 56 44 39 51 33 48 6 49 23 1 0 55 2 12 25 9 8 54 30 11 41 38 37 7 15 58 
TEST LEAKS 5 ARG:52 41 33 61 37 29 36 47 28 40 32 35 2 60 10 0 34 31 38 54 5 27 43 45 15 17 24 30 9 39 59 6 55 44 22 20 23 42 4 57 11 58 62 25 1 53 48 26 7 13 51 3 8 18 56 49 19 46 50 21 16 12 14 
TEST LEAKS 5 ARG:37 4 35 28 18 48 39 31 21 29 12 44 56 30 26 23 40 1 46 25 43 52 14 15 33 63 38 60 11 5 42 27 54 32 3 10 59 62 47 45 17 53 61 50 0 13 58 24 36 51 2 49 19 16 20 55 22 34 9 6 57 7 41 8 
TEST LEAKS 5 ARG:45 61 60 22 51 14 9 55 12 46 42 56 29 53 48 18 30 19 47 25 54 64 7 38 43 62 52 49 41 32 4 20 0 44 35 58 21 36 31 15 27 2 3 11 24 10 26 23 34 16 59 39 50 1 37 28 40 63 13 5 33 6 17 8 57 
TEST LEAKS 5 ARG:36 15 8 56 40 26 52 65 47 59 31 12 63 61 10 16 32 35 46 25 53 24 51 34 39 58 30 44 23 54 41 37 38 64 27 60 22 50 28 49 1 17 42 20 6 7 55 62 45 43 5 14 11 48 18 3 21 57 0 2 13 33 29 9 19 4 
TEST LEAKS 5 ARG:61 44 63 57 66 19 25 9 64 56 17 29 22 41 6 16 38 50 20 30 28 43 3 5 12 49 47 4 7 42 11 54 18 55 21 65 53 36 26 37 27 48 13 15 35 14 51 8 33 0 34 45 23 60 1 10 62 46 24 31 2 32 59 39 52 40 58 
TEST LEAKS 5 ARG:21 33 36 53 56 0 20 64 34 37 50 44 46 25 8 39 67 3 43 13 57 18 9 5 1 47 52 30 2 58 45 62 12 60 19 22 42 27 7 63 24 38 17 26 29 28 14 48 49 23 54 40 65 11 32 51 35 55 16 59 15 66 10 31 6 61 4 41 
TEST LEAKS 5 ARG:55 66 15 23 52 24 13 26 32 4 65 9 30 49 61 31 60 53 8 16 58 46 43 57 48 35 68 3 27 6 12 19 28 25 20 0 59 44 54 1 14 40 62 50 29 45 34 64 2 21 11 10 38 33 63 17 42 22 39 47 41 18 36 56 7 37 5 51 67 
TEST LEAKS 5 ARG:44 49 20 30 31 62 63 1 11 61 56 58 33 36 32 55 19 7 46 66 48 26 5 65 50 0 59 16 37 38 4 6 14 2 34 68 42 52 53 43 39 54 25 51 35 67 3 21 47 69 9 57 8 22 10 18 28 23 27 40 60 29 64 17 15 41 24 13 12 45 
TEST LEAKS 5 ARG:12 64 46 21 29 37 68 67 69 33 15 45 47 8 53 23 61 20 57 9 65 17 4 26 62 55 35 6 56 18 41 48 36 19 27 30 54 44 1 51 22 60 59 2 31 24 34 66 40 70 14 11 49 52 5 32 39 0 28 16 38 10 3 25 63 58 13 43 7 50 42 
TEST LEAKS 5 ARG:2 22 46 15 23 24 61 43 49 38 9 45 55 34 18 4 29 13 69 8 35 36 28 63 57 71 5 39 31 66 42 50 58 17 44 60 47 40 64 16 67 27 56 12 48 53 33 6 59 37 30 65 19 11 26 52 51 32 20 10 14 70 21 3 7 41 0 25 1 62 54 68 
TEST LEAKS 5 ARG:48 52 2 17 8 53 51 36 3 25 71 20 19 29 57 41 54 21 46 31 45 59 0 50 38 44 12 23 1 55 60 35 62 58 6 43 24 27 22 13 26 30 40 32 42 34 56 10 72 18 4 70 11 65 39 16 28 37 14 66 7 69 33 61 47 68 64 49 5 15 63 67 9 
TEST LEAKS 5 ARG:30 40 23 55 58 47 70 35 45 42 39 10 51 12 22 56 29 66 59 13 57 28 67 44 26 53 5 25 73 46 6 61 54 48 62 20 43 72 21 31 11 0 52 33 18 19 68 65 8 15 37 49 36 2 7 4 38 64 32 60 27 9 50 24 16 17 34 3 41 69 14 63 71 1 
TEST LEAKS 5 ARG:53 20 72 3 10 54 57 73 6 52 2 60 68 34 47 40 16 59 35 44 69 71 15 24 4 18 38 37 30 55 17 11 48 74 31 41 58 27 61 51 14 28 5 33 64 13 8 23 56 19 70 67 42 0 9 49 62 32 1 63 46 36 65 66 22 43 25 45 12 26 21 7 50 29 39 
TEST LEAKS 5 ARG:22 68 38 67 0 35 54 48 52 34 59 11 41 53 19 36 23 56 51 5 12 8 61 15 7 37 30 65 18 39 13 31 72 25 20 47 46 57 6 69 2 24 42 10 62 58 73 3 32 29 28 26 1 63 40 74 27 16 14 4 17 64 45 66 21 50 49 44 60 33 71 55 70 43 9 75 
TEST LEAKS 5 ARG:31 64 34 62 71 13 27 41 57 68 54 72 75 73 2 61 65 38 22 44 63 28 67 15 11 51 10 50 52 40 43 5 36 3 42 32 37 47 53 46 23 6 56 33 59 0 18 4 1 16 35 14 7 24 26 9 20 74 76 8 66 45 55 30 19 48 29 69 21 25 39 49 12 70 17 58 60 
TEST LEAKS 5 ARG:45 49 67 57 1 75 36 54 53 33 7 5 61 60 24 59 48 13 15 63 28 9 14 0 11 55 72 52 76 56 2 35 51 38 66 73 44 77 43 3 41 58 31 32 21 10 19 22 39 8 69 34 46 68 47 6 17 37 12 71 74 27 23 40 42 25 26 4 65 20 16 70 64 18 62 29 50 30 
TEST LEAKS 5 ARG:18 0 1 40 6 77 38 59 14 42 16 75 78 35 27 60 26 13 37 24 2 36 54 45 4 58 30 68 28 67 76 62 34 32 41 33 43 48 15 70 74 20 10 5 21 49 8 69 31 55 44 56 51 63 9 64 47 7 12 3 66 53 29 72 52 11 46 57 65 50 61 17 71 19 23 25 39 73 22 
TEST LEAKS 5 ARG:70 11 63 46 68 22 9 38 18 72 29 12 43 5 25 1 6 56 19 37 32 31 28 24 20 13 50 49 26 54 40 0 59 52 41 23 67 53 34 4 57 77 15 65 74 73 14 8 2 7 42 36 55 39 66 10 3 79 51 45 64 47 17 33 75 71 78 58 16 60 48 30 44 69 27 76 61 62 35 21 
TEST LEAKS 5 ARG:37 50 59 62 54 12 39 70 76 65 66 8 36 28 3 42 53 26 58 2 56 68 57 43 79 61 41 80 46 30 0 1 35 32 51 73 63 11 22 77 67 17 20 71 55 21 45 5 40 24 34 4 7 78 23 60 29 10 15 27 19 49 16 6 44 64 18 74 75 72 69 52 48 38 25 9 13 47 31 14 33 
TEST LEAKS 5 ARG:42 72 40 24 38 21 12 64 2 17 33 10 20 56 34 18 14 81 73 59 50 62 80 1 8 22 9 15 23 75 77 54 55 30 26 5 16 43 70 3 47 35 39 36 32 45 46 69 28 48 29 41 11 67 7 60 51 74 65 57 61 79 6 63 76 66 68 49 78 0 31 37 13 53 4 71 52 27 25 19 58 44 
TEST LEAKS 5 ARG:75 67 77 51 17 61 55 46 79 78 8 65 9 63 41 34 25 54 16 47 59 57 69 53 56 31 43 36 7 37 14 62 13 49 71 70 74 29 60 32 26 28 50 21 48 20 80 12 73 27 35 52 33 0 30 66 3 58 1 22 5 68 40 42 82 10 24 23 44 39 64 2 76 6 18 72 11 81 19 38 45 4 15 
TEST LEAKS 5 ARG:57 22 51 65 13 49 3 28 72 47 2 56 14 8 16 78 37 6 36 48 10 62 68 45 0 63 43 12 4 82 76 32 9 40 74 18 15 83 1 69 7 26 64 20 61 25 42 55 19 33 23 17 34 21 52 27 24 67 70 38 59 66 46 73 44 53 75 71 5 80 58 54 77 41 79 11 29 50 81 30 39 35 31 60 
TEST LEAKS 5 ARG:24 62 32 69 40 35 10 13 51 22 60 25 3 77 67 6 47 45 9 73 19 61 71 84 21 50 55 81 78 64 16 34 72 59 4 28 8 41 20 39 58 54 46 33 18 66 49 48 79 80 53 43 42 75 57 52 70 83 44 12 27 14 56 31 68 23 37 65 76 0 11 26 29 74 7 15 36 38 82 5 30 63 1 17 2 
TEST LEAKS 5 ARG:55 76 37 42 43 73 66 58 51 5 72 44 35 33 59 11 57 21 61 28 15 8 32 16 70 81 71 3 22 25 69 4 17 85 6 9 38 63 46 1 49 41 23 26 45 74 18 0 65 77 68 52 14 64 13 40 75 82 27 48 78 62 80 67 34 2 19 60 12 50 79 31 29 7 56 83 10 36 53 24 47 84 39 20 54 30 
TEST LEAKS 5 ARG:86 64 34 24 14 11 61 65 63 67 60 39 5 54 58 29 52 9 42 19 21 45 74 32 84 2 40 41 48 46 7 18 69 66 8 85 13 53 51 28 77 55 71 6 37 1 83 16 44 22 62 15 17 56 3 80 0 35 31 59 57 20 36 76 70 81 78 10 47 4 49 79 82 23 25 30 75 50 68 72 43 12 27 33 73 38 26 
TEST LEAKS 5 ARG:12 85 21 55 87 60 59 83 37 30 1 28 43 24 5 19 31 14 23 72 44 80 68 82 61 49 67 78 11 7 13 15 79 22 51 29 47 2 16 10 75 25 77 48 46 39 27 53 38 64 9 86 81 62 34 52 3 41 84 69 54 74 18 4 40 76 71 66 50 35 36 70 33 56 63 6 45 17 65 0 26 20 42 58 73 8 57 32 
TEST LEAKS 5 ARG:60 55 50 72 82 3 68 64 1 88 79 36 4 76 15 34 27 46 86 75 54 57 59 10 80 7 31 13 30 33 78 53 29 23 0 67 58 21 65 63 37 56 51 8 41 17 20 62 69 73 52 18 6 44 81 71 83 2 28 5 74 42 85 47 84 19 40 16 22 26 32 43 39 35 24 25 49 45 77 87 9 12 38 61 70 14 66 11 48 
TEST LEAKS 5 ARG:64 23 87 71 17 38 85 36 78 50 21 25 68 86 33 84 53 88 80 63 57 59 77 24 41 54 11 35 49 56 73 44 81 13 58 20 15 7 27 10 79 48 75 31 5 29 69 16 45 1 62 19 83 72 46 6 28 51 22 89 9 39 67 76 66 55 82 34 40 70 65 74 2 37 26 52 3 60 47 61 42 32 18 30 4 43 14 0 12 8 
TEST LEAKS 5 ARG:53 5 89 65 71 27 3 36 56 45 58 49 6 42 87 85 2 63 67 44 38 73 68 90 57 72 74 18 25 8 40 81 30 75 84 83 28 41 1 32 55 4 69 16 19 9 46 29 0 59 39 20 86 78 12 23 17 66 80 33 88 21 22 14 60 64 31 7 11 52 70 37 62 43 47 15 35 13 82 77 34 26 50 54 51 79 61 76 10 48 24 
TEST LEAKS 5 ARG:39 15 59 21 27 62 7 25 79 12 56 85 63 1 50 58 29 76 86 37 17 32 13 89 55 43 69 31 57 91 34 83 87 18 3 19 72 36 38 33 26 78 52 40 16 74 30 11 80 71 54 4 73 28 35 53 75 81 70 24 49 77 5 51 46 65 88 68 45 0 8 10 14 41 61 60 47 6 20 2 9 67 90 84 82 23 66 64 22 48 44 42 
TEST LEAKS 5 ARG:19 78 10 51 4 5 56 74 71 9 57 65 84 3 53 55 26 47 67 62 64 49 1 7 17 33 86 50 80 29 90 15 12 92 63 68 54 6 36 35 21 61 24 44 16 14 30 20 25 27 40 46 0 41 58 43 70 39 37 76 91 59 23 88 89 32 38 69 66 73 22 8 28 18 72 2 60 75 83 31 77 45 85 11 34 48 13 79 52 42 87 82 81 
TEST LEAKS 5 ARG:28 7 63 14 1 88 45 64 12 29 37 42 11 83 90 38 15 19 25 23 93 31 8 62 20 44 57 68 89 6 91 87 40 70 26 56 66 32 46 24 3 39 77 16 81 5 79 33 18 53 30 71 41 22 47 9 82 34 2 73 0 67 84 10 17 55 80 59 43 72 36 51 27 76 58 86 4 92 52 50 49 60 85 69 75 13 78 54 48 21 61 65 74 35 
TEST LEAKS 5 ARG:46 20 9 77 65 41 62 60 31 61 39 84 73 29 71 28 89 81 43 36 50 33 47 68 45 11 69 87 67 52 15 7 55 26 24 66 13 85 27 10 63 86 3 48 22 58 83 34 80 78 4 5 35 2 76 0 18 54 17 74 70 53 72 32 25 6 42 49 14 79 51 88 93 90 40 38 37 57 59 56 1 8 30 23 91 21 44 16 64 94 82 92 19 75 12 
TEST LEAKS 5 ARG:53 47 39 46 41 60 49 29 64 7 11 62 59 81 44 58 17 1 85 75 16 79 43 55 70 23 18 89 22 31 12 91 36 57 78 72 30 87 35 26 61 80 42 10 21 38 28 25 74 67 73 93 4 14 83 92 63 32 34 94 48 77 45 95 8 50 2 40 3 27 5 20 24 86 76 54 33 6 65 90 0 69 9 19 84 37 66 52 71 56 15 82 68 13 51 88 
TEST LEAKS 5 ARG:32 23 42 13 71 36 11 53 75 27 10 40 83 19 35 1 29 45 70 12 68 56 16 66 25 67 20 49 9 43 15 4 82 48 72 51 96 28 58 31 74 41 80 86 55 18 5 14 34 76 92 7 88 26 91 85 6 57 30 24 38 90 37 63 61 54 89 77 22 33 21 87 8 47 69 3 52 93 94 59 81 39 62 65 44 64 95 79 2 17 60 50 0 46 78 84 73 
TEST LEAKS 5 ARG:10 44 42 70 66 48 57 17 55 37 95 9 59 64 78 81 71 0 54 89 68 88 51 72 84 50 15 31 82 49 92 26 35 97 61 33 25 77 79 7 60 47 22 56 3 6 2 86 43 74 58 34 67 30 91 29 11 41 94 24 16 52 96 5 85 87 20 93 53 46 65 18 90 63 14 69 76 13 8 83 40 4 32 28 45 1 23 36 38 27 75 21 39 80 12 19 73 62 
TEST LEAKS 5 ARG:68 81 83 24 19 2 40 37 74 73 98 85 15 50 70 18 72 8 62 46 56 91 42 61 39 88 25 54 69 75 21 10 4 22 28 71 78 67 38 64 53 87 3 59 13 23 1 60 45 63 27 31 51 92 7 52 17 94 11 90 84 34 41 96 93 76 35 33 20 47 29 58 26 43 55 79 14 16 65 32 86 5 44 77 49 95 80 30 48 66 36 12 82 0 57 89 97 6 9 
TEST LEAKS 5 ARG:10 95 25 96 9 60 4 78 63 99 47 88 24 82 74 70 23 39 51 5 26 33 58 14 20 91 38 64 3 12 84 80 41 34 21 0 16 44 72 11 69 97 42 77 86 53 28 54 98 76 27 83 29 79 73 50 7 59 87 81 75 8 56 46 6 37 32 61 36 89 18 66 52 45 17 94 43 57 1 85 19 31 65 92 48 90 62 93 71 30 2 49 55 35 68 67 13 40 15 22 
TEST LEAKS 5 ARG:91 22 57 52 59 33 11 20 51 46 45 48 60 39 65 61 70 6 85 78 87 1 69 32 72 2 73 10 56 28 100 55 21 81 92 40 43 74 24 93 88 42 27 38 90 18 14 79 9 34 49 47 63 3 37 23 76 13 25 7 58 5 71 80 75 36 95 64 44 30 67 82 12 16 77 15 17 94 31 8 86 50 19 99 4 96 84 35 98 89 26 83 68 0 41 53 62 97 54 29 66 
TEST LEAKS 5 ARG:27 67 91 53 70 38 73 51 61 39 11 59 46 60 3 4 74 94 8 75 81 20 7 66 44 93 37 1 21 45 17 16 2 41 100 65 6 82 31 12 13 34 85 79 22 23 76 97 101 84 33 63 90 83 26 80 68 62 64 88 43 48 30 25 32 35 50 5 69 96 24 92 36 57 15 89 14 29 55 52 58 42 99 28 72 87 56 77 95 19 98 9 78 40 47 10 49 0 18 54 71 86 
TEST LEAKS 5 ARG:95 1 90 40 99 61 49 32 63 11 41 39 52 80 13 92 22 21 74 88 51 56 79 14 17 97 48 15 62 47 45 69 102 42 54 58 25 75 46 9 84 6 94 50 26 31 7 59 19 66 83 10 33 57 16 20 0 78 30 60 87 82 3 70 55 86 27 8 4 35 96 89 98 64 100 44 85 37 5 38 2 24 29 81 101 77 36 34 68 28 91 67 53 43 18 65 71 93 76 73 23 12 72 
TEST LEAKS 5 ARG:35 33 24 86 32 3 96 92 7 59 45 53 47 29 79 18 37 27 84 74 41 23 43 58 38 39 30 98 0 82 63 8 2 89 55 88 69 94 56 25 22 77 81 28 13 14 76 26 71 12 21 68 67 20 52 1 49 40 95 65 75 97 90 4 100 17 48 102 85 34 15 11 44 31 57 72 73 42 61 87 19 9 16 36 83 60 64 46 78 51 99 62 50 6 91 101 80 54 70 66 93 103 5 10 
TEST LEAKS 5 ARG:62 31 83 49 101 21 78 38 0 82 80 12 33 37 45 46 67 1 66 50 25 75 63 34 68 44 22 36 43 93 64 70 71 91 59 53 2 58 74 81 54 16 56 6 9 96 10 20 95 90 41 51 13 32 79 77 15 99 55 73 65 102 24 28 60 11 14 97 72 69 47 76 7 92 85 3 26 104 87 98 40 17 23 27 39 103 61 8 89 5 18 29 94 52 19 42 4 57 30 100 48 88 86 84 35 
TEST LEAKS 5 ARG:105 94 61 38 57 83 66 92 53 98 22 18 78 29 41 35 49 90 30 74 91 68 2 15 70 100 95 79 7 87 4 101 42 14 99 17 19 11 85 26 8 32 51 55 88 75 96 46 58 5 27 20 21 103 40 72 76 73 64 65 84 97 3 10 93 37 36 71 25 45 12 52 47 24 16 54 102 44 80 34 89 60 48 56 62 86 31 67 23 9 0 59 6 33 82 77 13 50 63 81 28 1 69 39 104 43 
TEST LEAKS 5 ARG:15 93 38 48 54 1 4 20 29 6 19 60 2 86 59 58 39 70 88 71 69 75 64 34 31 63 26 76 12 83 45 67 16 53 85 17 103 52 47 105 106 3 95 28 77 0 10 90 44 35 62 50 22 98 68 36 11 55 5 100 87 102 61 25 43 81 80 97 94 42 56 78 65 24 23 33 18 9 66 46 32 13 7 104 79 74 41 21 14 89 72 57 82 49 96 99 8 84 51 40 37 101 91 73 30 27 92 
TEST LEAKS 5 ARG:18 6 16 8 19 40 41 89 9 39 35 99 5 79 83 33 78 87 4 105 82 80 47 38 85 54 30 104 68 0 73 62 51 21 42 63 72 31 60 44 46 26 28 59 23 75 37 45 66 65 103 36 20 15 77 2 29 106 64 98 3 24 107 81 96 12 48 1 71 52 92 7 94 95 34 69 56 17 55 91 86 58 102 14 84 43 27 10 90 101 50 61 57 13 53 76 11 25 88 93 70 22 100 74 32 67 49 97 
TEST LEAKS 5 ARG:79 7 57 14 1 65 26 41 25 42 104 12 52 60 98 28 73 105 23 16 74 32 30 36 44 27 47 64 81 5 40 3 43 82 75 2 102 94 96 50 68 58 78 62 80 71 13 66 69 55 38 97 76 20 37 39 8 99 34 92 11 10 84 90 18 46 103 95 9 0 17 56 91 35 29 4 70 87 72 22 61 88 21 54 49 77 83 15 48 100 101 86 63 31 67 33 51 24 108 106 85 45 93 59 6 53 19 89 107 
TEST LEAKS 5 ARG:59 92 84 90 61 22 67 2 71 5 63 80 24 68 18 106 105 36 75 94 56 79 39 103 51 9 10 55 98 109 72 29 30 104 48 85 35 107 49 42 23 64 38 3 86 26 33 70 73 76 102 69 16 58 101 97 20 100 31 15 57 40 0 32 12 4 37 54 91 62 82 83 6 78 108 43 11 19 1 95 45 13 96 28 25 53 66 81 74 89 77 47 50 8 87 52 88 7 41 99 14 46 21 17 34 27 44 93 60 65 
TEST LEAKS 5 ARG:15 29 92 56 78 49 47 80 5 28 62 59 89 82 31 103 75 66 64 14 58 39 20 101 17 6 52 4 1 23 32 11 90 83 85 76 7 106 73 42 95 93 74 55 45 98 61 44 91 24 22 48 110 50 2 79 13 38 94 12 21 87 16 33 9 81 26 63 57 25 102 107 34 40 8 71 67 18 30 96 77 41 100 43 51 0 65 27 88 105 60 69 104 108 53 10 35 72 3 84 19 36 99 70 46 109 37 97 86 68 54 
TEST LEAKS 5 ARG:74 101 69 1 109 27 2 68 31 59 12 22 93 70 20 73 50 40 34 30 48 17 98 86 95 100 102 67 38 106 52 105 71 11 35 36 104 97 25 0 103 18 89 23 49 72 3 33 78 45 8 107 55 26 63 84 53 108 9 111 16 66 60 92 15 99 65 44 76 94 42 83 90 14 13 80 39 85 58 24 110 47 91 79 56 51 4 21 37 6 28 43 57 10 88 41 96 64 82 54 29 77 75 87 7 62 61 5 32 19 81 46 
TEST LEAKS 5 ARG:40 98 27 46 66 69 4 71 19 72 12 85 30 29 101 93 87 6 2 21 56 88 50 75 42 80 36 102 112 1 111 37 90 94 13 78 108 62 68 76 0 25 65 51 26 32 15 81 89 84 8 54 58 67 20 38 14 34 55 47 35 74 103 106 110 22 82 9 105 77 70 33 10 31 107 17 16 7 48 60 53 109 73 86 61 99 5 92 52 59 64 100 45 18 44 79 95 83 28 96 41 23 57 91 104 63 49 39 11 3 97 43 24 
TEST LEAKS 5 ARG:113 95 1 17 55 52 90 33 21 104 7 10 89 15 35 76 105 5 85 68 69 50 64 3 22 67 4 20 96 112 93 111 41 43 83 36 88 39 82 107 30 49 61 72 109 91 71 101 97 70 47 38 9 75 99 60 34 48 74 16 11 46 8 44 19 28 0 59 79 62 12 81 73 18 14 102 57 54 94 26 65 100 77 27 40 58 51 103 63 78 13 92 37 25 2 110 24 108 45 80 87 84 29 6 66 23 31 86 53 98 106 42 56 32 
TEST LEAKS 5 ARG:86 98 46 75 78 40 83 91 70 56 95 79 20 34 82 8 27 99 43 14 61 66 77 45 31 19 59 97 7 15 114 90 84 89 35 41 60 76 5 39 102 44 108 47 33 6 23 107 55 62 104 48 81 9 65 0 101 103 53 2 25 112 36 12 72 18 85 105 110 94 73 17 113 68 63 111 32 109 64 30 69 49 16 42 106 92 1 22 67 38 29 24 74 13 37 80 3 54 100 50 28 10 4 11 88 57 52 96 26 93 58 87 71 21 51 
TEST LEAKS 5 ARG:76 71 56 41 29 3 102 77 90 30 83 113 46 88 111 15 28 12 21 43 27 104 33 106 95 109 115 69 110 54 92 52 35 7 70 112 84 49 20 78 97 17 8 53 24 2 39 93 73 74 91 55 23 32 58 57 100 34 25 45 65 31 105 14 86 0 66 107 60 79 16 68 61 67 1 26 63 108 75 99 13 11 62 6 38 101 96 47 103 114 18 22 59 19 9 4 85 36 40 10 48 98 44 64 42 5 81 80 51 72 50 82 94 37 89 87 
TEST LEAKS 5 ARG:31 14 34 7 0 57 18 50 71 110 113 72 107 112 27 89 32 115 100 68 103 5 105 48 78 37 74 58 21 9 22 88 41 98 60 111 53 45 73 8 55 101 91 69 95 93 67 94 106 54 30 86 104 29 63 76 66 36 35 75 62 59 3 102 49 19 85 15 25 52 44 65 13 92 11 80 43 46 51 82 97 108 38 24 61 10 99 12 116 79 1 42 28 56 26 84 77 23 83 87 96 81 40 90 39 17 16 114 2 6 109 47 4 64 33 20 70 
TEST LEAKS 5 ARG:9 4 90 39 60 78 48 106 19 69 23 57 12 25 50 61 116 8 102 21 89 117 40 41 0 55 22 58 54 16 3 6 49 42 77 28 72 59 80 112 31 97 67 94 29 17 73 27 36 81 5 66 115 18 64 7 114 91 101 103 34 32 37 14 71 109 100 62 75 46 70 53 110 65 56 20 82 68 108 87 63 111 24 51 44 47 45 92 33 11 93 99 35 10 38 26 113 96 98 1 95 52 86 104 2 107 13 74 79 15 30 88 105 76 85 83 43 84 
TEST LEAKS 5 ARG:95 15 81 107 43 26 85 18 10 72 62 56 45 42 46 118 33 16 52 65 115 69 57 93 30 27 110 79 40 20 38 66 101 14 117 54 83 114 39 92 32 64 2 76 24 105 90 88 68 63 36 102 47 73 80 49 17 28 23 89 87 104 0 111 116 53 75 11 21 59 97 106 50 29 51 25 35 3 100 61 108 94 12 31 86 82 103 112 22 77 99 84 4 8 7 6 1 41 19 44 60 5 98 13 96 58 109 37 9 74 78 70 34 113 48 67 91 55 71 
TEST LEAKS 5 ARG:55 18 118 78 3 117 35 16 103 14 112 83 62 60 71 5 85 61 45 113 4 30 31 28 19 70 68 36 81 26 89 46 12 110 105 42 34 116 51 69 1 109 67 27 80 87 22 63 25 13 0 74 77 102 111 39 41 88 95 57 91 48 101 58 96 108 100 98 24 106 7 104 53 20 17 38 21 33 52 84 114 23 15 97 37 92 29 66 43 10 8 99 75 49 59 93 40 11 64 72 115 54 6 47 73 44 79 86 2 50 9 56 90 82 65 94 119 76 32 107 
TEST LEAKS 5 ARG:94 120 105 90 100 60 75 42 97 89 41 103 83 18 114 88 57 91 80 67 82 58 77 1 9 36 69 85 62 0 22 38 59 56 74 54 21 104 6 108 68 64 63 101 5 110 51 31 70 10 35 65 95 87 55 81 106 46 39 113 28 25 79 34 107 45 30 27 16 12 109 29 117 13 93 7 32 14 23 92 72 48 37 102 119 8 24 66 15 99 20 73 98 115 44 52 86 17 11 43 47 33 76 118 84 96 3 116 40 19 50 111 4 53 49 26 78 2 112 71 61 
TEST LEAKS 5 ARG:97 119 118 57 9 82 106 74 25 78 30 13 46 95 113 8 109 91 108 71 23 56 41 88 75 120 96 10 98 20 14 111 45 7 17 2 40 107 63 69 99 100 28 29 11 27 43 1 92 58 51 115 3 68 22 60 104 83 85 84 112 73 76 18 72 86 61 53 89 117 16 15 33 49 32 70 94 87 67 4 0 80 93 55 48 34 36 105 65 116 47 39 114 66 5 62 26 121 12 64 52 103 110 38 21 101 50 19 6 77 59 37 81 24 44 90 31 102 42 54 35 79 
TEST LEAKS 5 ARG:38 113 28 45 118 4 26 55 0 111 103 33 53 97 102 27 36 90 21 47 65 107 24 80 108 75 100 82 121 70 114 15 49 101 67 77 91 60 25 6 84 115 42 72 63 74 116 17 117 7 10 1 41 57 12 94 81 105 119 92 32 52 35 20 78 73 98 59 34 51 46 109 106 71 95 56 13 18 22 83 88 58 2 29 89 11 61 48 112 64 62 86 54 23 44 37 14 122 9 104 99 120 66 110 39 68 85 16 50 87 69 76 3 79 5 96 31 93 40 43 19 30 8 
TEST LEAKS 5 ARG:59 67 41 9 47 4 32 51 100 27 5 44 18 29 118 119 103 121 37 11 48 38 2 39 117 85 81 110 120 116 46 101 97 73 24 56 99 82 13 77 78 20 43 122 23 102 15 64 7 8 71 90 76 79 54 63 12 75 36 108 91 31 105 6 70 83 33 45 58 28 57 10 52 65 40 1 111 34 95 60 69 26 50 68 94 30 93 62 19 16 112 21 84 92 87 89 25 3 66 114 104 107 61 0 96 14 113 72 88 42 17 49 115 109 123 80 86 35 74 55 98 22 106 53 
TEST LEAKS 5 ARG:3 74 99 117 4 67 36 9 21 70 56 31 101 11 43 54 57 17 69 55 109 29 19 53 0 2 7 39 34 46 23 111 110 10 37 80 24 116 58 40 87 66 106 14 59 73 38 26 92 25 89 103 122 12 81 15 44 41 114 95 123 112 61 86 49 108 104 91 119 72 93 28 30 82 16 100 22 102 113 50 13 71 65 124 118 98 42 79 83 63 60 6 88 107 97 94 20 78 121 105 90 64 47 115 32 18 68 76 85 62 52 33 77 8 120 1 51 45 96 5 27 75 84 48 35 
TEST LEAKS 5 ARG:24 70 77 89 50 12 96 17 43 35 6 4 121 101 86 14 100 72 37 27 109 26 105 78 118 53 98 30 113 40 41 103 57 104 82 65 87 21 0 93 18 102 31 29 67 112 51 23 80 81 7 74 3 15 42 59 16 123 115 88 55 66 114 60 11 47 19 36 111 71 22 73 20 75 9 91 92 39 95 69 8 116 125 32 45 64 122 85 68 99 124 107 90 49 44 63 10 54 1 2 52 76 61 48 84 34 25 94 28 117 13 108 119 83 33 38 97 58 110 56 120 79 5 62 106 46 
TEST LEAKS 5 ARG:2 51 39 52 36 17 126 48 106 4 125 11 99 90 80 84 114 22 46 43 18 37 49 77 44 119 85 89 121 65 108 124 7 26 70 14 69 58 83 88 98 55 122 57 115 53 71 30 25 117 91 87 81 78 23 94 113 76 34 5 68 16 45 93 61 109 13 105 66 40 3 103 38 74 10 20 123 82 35 60 73 19 112 62 0 32 28 31 118 100 50 42 21 15 64 9 116 111 24 79 29 8 101 104 67 63 27 59 97 95 92 12 102 86 1 41 56 54 6 96 72 107 75 120 110 47 33 
TEST LEAKS 5 ARG:37 60 98 47 72 89 110 45 30 54 19 8 69 68 67 17 49 119 64 66 22 83 3 105 53 21 15 125 7 40 32 113 63 114 20 4 0 28 59 94 61 35 108 88 85 34 120 48 62 74 70 90 46 123 97 122 78 38 84 91 93 33 57 104 106 39 10 14 86 43 58 44 71 115 100 75 5 79 50 124 2 51 27 102 24 6 80 55 118 103 112 12 11 126 26 29 117 41 127 23 95 18 77 107 101 121 82 76 73 111 52 36 25 109 87 96 65 1 99 42 81 16 56 9 31 92 13 116 
TEST LEAKS 5 ARG:119 89 87 6 96 124 27 29 116 95 26 9 100 114 98 35 56 110 76 55 14 54 22 75 13 43 103 2 17 93 86 82 15 34 60 42 74 79 8 106 11 44 71 32 67 111 30 48 120 125 115 122 117 70 5 40 45 123 128 66 113 112 65 63 78 24 36 61 39 107 51 57 28 69 41 84 72 3 85 80 16 12 88 127 81 21 18 92 121 25 4 47 0 46 64 31 105 126 101 59 97 109 38 20 49 53 33 10 99 94 102 83 90 1 118 62 52 68 50 108 91 77 23 37 58 73 7 104 19 
TEST LEAKS 5 ARG:29 38 89 37 112 117 65 60 16 26 102 46 79 34 56 127 91 53 22 120 105 82 63 68 107 106 85 126 128 35 13 33 104 12 10 93 28 97 61 66 23 62 20 71 80 96 24 43 76 113 111 73 17 8 19 94 58 6 69 39 114 18 30 87 122 9 27 67 88 40 57 95 92 50 14 48 55 44 72 116 108 45 42 54 119 5 0 86 129 31 115 77 109 118 121 59 74 11 3 51 101 21 110 52 100 1 125 15 98 123 78 103 49 83 2 99 90 64 4 81 70 84 36 124 47 7 25 75 41 32 
TEST LEAKS 5 ARG:55 33 4 17 26 32 98 111 110 27 0 90 50 86 124 79 19 107 114 95 104 65 29 89 6 96 20 10 73 59 16 94 3 100 68 53 75 22 127 103 116 130 52 128 34 9 69 51 62 47 5 61 106 81 14 115 105 31 43 117 18 120 76 125 88 39 21 15 64 126 87 99 122 119 42 129 102 78 7 48 71 66 30 121 24 60 67 80 92 118 57 1 84 45 91 37 25 13 58 54 108 83 49 112 70 12 77 11 82 40 56 72 97 93 46 36 28 2 38 44 101 74 63 123 113 109 41 8 35 85 23 
TEST LEAKS 5 ARG:51 98 87 24 82 14 96 53 37 95 131 113 76 43 70 39 81 46 65 72 23 107 18 102 122 64 93 128 123 28 61 11 59 91 4 62 30 90 49 120 29 32 63 48 34 35 71 129 94 68 124 67 101 8 115 3 20 89 58 77 41 40 78 31 22 97 50 44 104 26 21 80 106 12 9 25 73 79 2 69 1 130 74 105 10 119 111 7 86 109 125 118 88 84 112 36 19 85 126 54 17 127 92 60 55 16 5 66 99 110 52 103 116 57 33 56 75 100 38 117 114 15 0 108 6 45 42 47 27 83 121 13 
TEST LEAKS 5 ARG:49 115 101 63 123 84 132 111 66 7 110 108 54 113 45 57 50 53 81 0 35 26 85 119 2 96 10 43 86 104 126 97 78 105 67 61 124 21 87 17 64 109 52 8 30 83 22 51 70 127 11 3 39 18 71 9 74 14 4 1 76 24 114 12 16 100 58 15 99 13 68 72 102 92 44 91 118 90 103 82 55 116 38 6 48 36 122 98 42 5 31 79 75 65 37 40 121 130 34 131 32 56 73 112 62 120 23 27 33 69 41 88 95 125 129 93 80 46 29 117 128 28 47 106 20 60 77 19 89 25 107 59 94 
TEST LEAKS 5 ARG:90 36 97 126 108 45 124 46 132 28 4 47 86 15 10 129 18 88 50 12 7 74 61 0 9 70 48 27 125 67 112 43 66 130 103 106 119 40 16 133 60 79 109 32 19 91 13 96 11 2 78 93 85 80 51 82 87 81 107 117 3 37 98 59 127 34 39 128 99 105 35 56 55 89 72 118 58 23 73 101 104 95 44 17 92 52 84 29 115 123 75 22 31 114 57 25 120 30 8 63 24 102 1 33 38 54 64 110 68 6 26 5 116 113 53 71 65 76 69 83 94 77 49 14 111 100 131 20 62 41 21 121 42 122 
TEST LEAKS 5 ARG:118 5 83 113 84 32 59 52 26 100 92 28 72 133 1 89 99 124 6 8 68 21 38 36 40 4 77 90 122 57 82 80 16 110 34 54 2 91 63 0 93 69 7 134 25 27 131 101 53 121 50 125 126 115 107 17 61 75 23 46 103 13 129 120 44 105 41 33 109 39 51 98 97 116 31 132 112 11 87 18 117 85 86 49 62 30 55 102 19 37 9 3 45 15 14 42 35 47 108 24 71 78 76 74 127 48 56 111 12 79 88 20 67 10 128 95 65 123 64 106 81 119 22 60 70 94 43 29 73 104 58 66 130 96 114 
TEST LEAKS 5 ARG:92 53 54 40 19 35 109 90 135 122 6 84 116 79 59 1 68 28 117 126 17 29 33 89 34 132 81 82 0 127 46 5 106 8 103 30 73 77 3 37 9 124 108 74 88 52 75 110 129 98 31 14 32 78 58 111 36 23 16 60 55 26 80 114 71 70 27 99 38 12 50 66 22 107 113 125 133 121 67 115 63 43 25 93 62 21 96 11 51 76 105 56 10 45 94 120 65 101 64 7 44 47 15 119 123 131 85 57 87 61 128 41 13 130 48 72 20 39 102 49 100 69 4 97 104 118 91 112 2 83 18 86 95 42 134 24 
TEST LEAKS 5 ARG:135 4 68 93 23 98 66 131 10 21 123 85 97 12 89 25 59 76 53 69 27 99 112 78 0 129 57 90 52 95 64 18 46 9 80 20 17 103 47 83 72 42 126 132 106 15 84 2 104 127 13 77 16 48 74 117 33 34 75 62 114 8 118 49 56 87 11 5 120 109 43 7 71 108 65 101 130 19 113 28 116 96 55 1 102 37 121 86 44 79 111 88 92 40 134 41 60 115 31 45 110 128 61 58 26 54 124 133 122 82 67 119 39 94 125 24 107 100 38 29 22 3 6 81 105 136 14 51 50 73 70 91 36 30 63 32 35 
TEST LEAKS 5 ARG:123 62 21 52 23 28 38 20 12 90 98 67 79 83 43 88 129 68 31 124 116 78 137 24 5 2 47 120 17 9 7 122 44 99 94 27 42 73 45 95 76 115 87 32 131 135 54 111 16 37 105 15 55 66 22 61 8 50 72 132 33 64 80 69 126 65 81 136 106 70 19 36 119 92 82 1 71 100 53 4 77 104 118 29 41 56 96 75 97 113 46 74 13 84 130 34 57 6 26 59 128 35 0 49 48 108 85 91 112 51 101 109 127 10 107 30 3 102 133 134 89 25 60 103 63 121 39 14 40 93 117 58 18 125 86 11 110 114 
TEST LEAKS 5 ARG:5 137 61 8 94 138 72 17 29 96 110 22 103 14 34 104 114 43 87 53 52 85 130 39 38 115 77 48 57 67 68 127 71 132 78 91 118 105 12 113 24 124 10 80 21 15 65 6 55 135 102 122 25 30 93 82 133 16 86 79 107 13 9 75 117 131 27 97 129 31 49 59 33 35 45 126 111 125 56 119 26 1 112 88 66 106 41 109 3 136 76 62 134 51 101 32 108 37 64 42 47 99 18 40 11 58 128 83 89 60 120 19 44 100 28 7 54 36 50 20 4 123 73 84 46 121 63 92 98 81 0 116 69 90 74 95 70 23 2 
TEST LEAKS 5 ARG:35 17 97 57 105 136 92 43 88 40 38 10 118 19 3 83 18 106 21 122 133 51 117 39 15 139 59 7 78 138 37 6 125 91 98 115 73 134 96 45 61 68 11 5 52 9 47 30 65 66 27 103 111 110 8 32 99 100 26 126 62 94 108 77 87 33 23 4 127 22 119 55 13 0 71 74 63 81 123 46 114 116 128 1 16 84 25 67 93 54 124 101 132 72 56 75 64 137 82 42 60 70 135 53 76 48 129 86 95 20 112 34 50 2 130 12 80 113 28 121 41 58 49 14 85 36 29 120 31 79 24 44 90 102 104 131 69 109 89 107 
TEST LEAKS 5 ARG:82 131 94 54 1 120 130 24 97 115 72 134 8 3 71 59 12 34 57 51 46 73 27 87 43 100 36 29 109 85 114 119 101 40 21 19 64 61 74 116 108 6 35 132 60 49 41 128 20 91 140 2 4 44 110 98 63 48 121 129 16 106 104 53 11 84 111 103 37 135 15 88 105 107 67 22 138 93 50 7 13 25 81 136 14 89 78 68 118 139 70 126 47 38 95 31 96 80 30 112 18 137 86 9 76 92 133 79 65 23 113 52 124 0 56 69 125 28 42 122 26 102 62 58 45 55 33 117 10 32 75 5 77 83 99 123 66 17 39 90 127 
TEST LEAKS 5 ARG:47 31 23 77 75 105 96 127 16 123 17 108 124 53 30 88 61 60 25 93 102 52 76 8 115 92 27 109 126 91 11 125 116 32 128 13 107 86 6 58 51 129 33 12 54 55 119 112 90 64 87 139 122 36 82 68 19 106 48 44 35 59 114 85 103 29 72 63 37 95 89 132 62 79 98 2 80 57 113 84 4 28 41 26 70 104 74 21 15 18 3 137 40 69 65 135 97 22 1 7 34 120 136 24 131 130 43 140 10 67 73 138 78 99 133 9 45 134 83 56 14 110 38 39 141 5 20 101 46 66 121 94 50 111 42 0 117 100 81 118 49 71 
TEST LEAKS 5 ARG:34 94 29 129 39 75 52 58 20 136 56 140 139 95 11 105 37 49 138 142 48 141 10 76 80 124 135 81 137 9 42 77 8 96 22 102 104 45 110 103 15 33 134 89 3 27 106 118 57 116 79 87 43 13 23 70 90 119 53 41 7 16 130 51 93 64 132 6 46 59 67 82 24 68 32 113 35 14 21 69 109 63 1 4 65 12 60 73 100 128 61 50 131 18 115 71 66 28 123 84 5 92 54 25 78 114 125 40 133 36 44 86 111 91 85 122 99 30 97 112 72 38 26 55 98 101 121 88 17 83 0 47 107 127 108 2 126 31 62 117 120 19 74 
TEST LEAKS 5 ARG:25 99 30 115 21 66 79 105 11 7 23 73 35 15 91 108 12 9 138 46 97 53 55 41 42 119 54 90 111 51 3 2 58 98 87 56 116 126 68 48 1 4 70 47 134 104 118 36 114 49 121 85 89 63 8 110 60 139 44 14 107 88 117 69 17 106 57 76 0 95 62 45 93 43 128 96 124 34 22 16 5 82 61 141 77 142 84 103 78 6 72 38 31 20 102 13 28 27 64 50 40 113 71 33 67 109 29 59 125 65 32 130 120 10 123 24 112 80 127 37 101 132 26 52 39 83 137 140 133 81 122 136 19 100 94 143 75 135 131 74 86 129 92 18 
TEST LEAKS 5 ARG:54 52 109 121 130 41 43 36 32 74 44 78 14 38 140 88 58 120 131 15 95 51 59 98 57 48 25 63 76 87 129 110 53 96 73 100 127 106 137 5 108 46 75 11 12 49 89 115 102 6 18 118 60 33 64 136 62 1 29 50 56 26 105 82 13 16 93 138 90 83 22 117 84 132 134 4 133 42 139 101 24 68 40 23 20 122 114 66 45 86 94 7 99 143 70 10 144 107 71 77 35 119 17 31 69 111 113 97 28 65 126 80 72 39 85 79 92 9 142 125 19 103 135 61 67 128 8 2 3 81 91 37 27 112 55 123 34 116 104 30 124 47 0 21 141 
TEST LEAKS 5 ARG:126 64 92 4 102 134 145 129 85 34 36 90 142 11 2 30 17 76 44 1 24 79 14 104 57 83 45 16 19 107 53 113 49 32 43 103 82 109 60 144 133 88 72 8 143 74 51 119 127 68 96 97 7 139 130 99 80 81 78 117 31 118 35 38 25 13 141 137 77 63 28 42 23 138 67 52 9 18 94 87 128 22 55 124 121 46 3 136 48 39 110 27 10 108 122 100 98 26 69 91 125 62 33 12 15 73 71 50 123 135 29 105 56 93 37 114 0 40 106 140 75 58 120 95 86 84 66 70 61 6 131 47 20 116 132 54 112 59 5 65 115 101 89 41 21 111 
TEST LEAKS 5 ARG:92 33 23 70 137 10 20 66 42 114 24 94 64 16 22 79 4 115 98 9 56 31 40 126 60 140 108 69 73 6 130 43 116 96 45 26 122 62 107 85 19 78 76 8 90 141 104 30 63 72 93 88 61 1 83 135 36 86 53 52 29 84 32 7 125 109 67 121 0 145 18 28 51 65 58 123 118 142 50 136 5 71 77 120 95 14 17 124 144 68 81 101 99 12 112 106 25 143 131 127 11 117 2 55 47 129 21 138 74 119 87 13 103 82 39 57 37 132 134 110 139 128 49 3 54 75 80 111 89 44 133 41 15 102 105 100 38 59 113 146 48 34 46 91 35 97 27 
TEST LEAKS 5 ARG:8 31 98 83 137 30 58 65 61 55 112 22 111 139 113 147 101 15 63 19 132 37 54 138 59 121 50 72 21 129 76 120 89 134 110 12 66 14 100 78 92 74 3 79 17 71 126 36 38 130 69 131 142 32 125 51 57 20 118 87 82 13 60 128 10 28 91 2 53 48 107 1 88 47 27 102 43 145 127 9 117 124 109 45 94 105 77 143 34 141 86 46 70 99 140 95 96 68 85 93 106 67 33 16 104 122 90 44 35 136 4 108 123 116 7 29 49 146 6 97 84 23 40 64 42 41 75 119 26 114 62 103 52 18 5 56 0 135 115 73 11 25 39 80 144 24 81 133 
TEST LEAKS 5 ARG:54 96 105 75 11 98 7 95 78 46 73 26 104 45 41 40 6 82 135 81 110 113 146 132 134 20 141 80 139 44 118 128 37 74 115 123 36 15 29 86 67 119 88 63 107 3 85 48 101 14 30 0 142 19 51 24 13 143 56 77 16 127 58 72 121 106 83 114 22 108 145 102 32 27 69 76 43 25 129 2 52 112 60 89 87 124 130 131 90 97 57 109 70 133 38 35 33 99 8 1 47 103 92 91 71 117 148 93 147 120 17 31 140 59 23 50 144 79 116 28 125 42 100 34 84 137 62 49 94 64 5 111 66 122 68 9 138 12 136 61 65 126 4 10 53 21 39 55 18 
TEST LEAKS 5 ARG:128 142 105 102 115 35 30 52 113 3 69 148 73 83 6 120 16 143 126 103 38 34 23 14 9 5 46 117 125 81 107 11 124 127 93 56 57 86 25 75 47 13 45 91 149 118 108 94 132 147 60 4 109 55 32 139 71 72 90 96 89 141 85 79 129 92 100 48 123 2 122 27 140 42 31 67 88 116 84 65 110 22 74 15 33 114 101 138 135 63 104 106 26 40 134 54 121 133 136 37 21 66 82 59 68 53 144 19 49 20 70 39 44 112 97 36 0 77 18 137 8 17 78 87 12 29 131 76 145 41 64 95 130 146 7 99 43 28 24 119 98 80 50 1 111 51 10 62 61 58 
TEST LEAKS 5 ARG:46 72 103 131 48 89 141 51 12 147 36 7 134 150 15 143 40 52 126 129 128 42 79 9 50 34 75 80 17 95 142 61 5 135 43 96 138 39 31 119 90 66 113 122 14 44 82 58 83 107 59 121 116 108 37 76 132 74 149 8 6 2 123 78 111 133 102 84 87 19 69 144 93 49 130 63 13 24 91 146 109 23 56 94 62 30 54 106 21 85 118 41 98 125 77 137 100 4 92 117 55 148 29 86 112 65 68 47 26 97 99 145 53 70 71 35 38 11 3 114 115 25 136 110 67 60 64 88 20 57 45 140 124 32 104 127 139 1 101 33 120 28 105 27 18 10 0 81 22 16 73 
TEST LEAKS 5 ARG:37 103 35 134 101 104 40 25 12 117 49 146 22 70 141 145 94 53 45 28 75 2 71 65 4 1 102 33 115 14 61 64 111 127 136 106 54 120 42 87 89 133 43 82 81 124 138 7 60 27 26 88 19 135 77 98 129 10 85 130 121 11 110 96 62 72 8 125 122 78 29 93 126 116 123 97 76 34 20 57 83 68 147 9 18 86 39 139 46 15 131 47 16 31 58 143 55 13 151 80 142 44 114 50 23 137 41 128 52 107 59 113 67 92 132 100 24 105 84 119 32 90 95 17 74 63 144 140 148 108 51 79 21 0 48 69 6 5 118 73 38 66 3 91 30 56 99 109 149 112 150 36 
TEST LEAKS 5 ARG:151 137 37 108 115 22 127 4 103 30 7 38 145 148 73 136 9 118 66 93 0 11 52 114 63 120 59 130 32 24 122 89 34 6 96 141 10 15 19 72 110 142 53 44 54 147 42 13 129 46 5 49 20 124 126 144 134 39 107 45 82 21 87 12 14 135 91 98 55 33 68 90 150 140 8 113 104 116 143 69 84 77 95 25 36 62 92 81 146 64 119 152 106 100 139 133 94 16 61 71 83 51 111 97 88 74 112 47 40 57 18 2 125 121 117 80 70 50 109 56 23 123 67 58 85 29 76 31 138 131 41 28 101 105 43 1 102 75 79 27 48 78 17 60 86 132 128 149 99 26 35 3 65 
TEST LEAKS 5 ARG:12 35 152 124 72 121 58 97 146 110 67 128 75 56 39 50 42 125 153 45 41 52 143 46 66 108 16 80 76 112 65 83 49 148 137 133 109 7 116 141 84 15 130 100 34 102 30 70 47 132 33 92 104 114 82 113 127 105 68 48 38 60 85 31 150 21 2 95 103 135 61 13 149 134 96 19 22 89 115 54 86 119 142 44 138 6 88 151 25 94 131 99 118 28 40 62 147 24 120 26 51 64 18 37 0 111 77 117 9 59 78 10 14 98 32 8 55 3 36 107 53 29 57 140 20 79 74 81 43 91 136 4 63 144 73 145 93 101 106 27 90 23 126 71 11 122 17 139 129 87 5 1 69 123 
TEST LEAKS 5 ARG:135 85 28 82 41 37 128 25 139 8 88 13 106 97 91 147 126 32 70 151 6 138 112 17 108 49 95 140 10 59 114 142 61 136 90 120 93 1 121 11 3 57 63 81 38 87 113 119 20 145 153 47 122 102 79 0 7 133 96 74 27 152 18 69 78 64 54 15 92 55 40 105 131 14 73 39 66 35 83 77 31 116 149 71 144 118 104 76 94 9 52 109 117 19 4 72 46 75 62 84 12 53 150 16 80 50 51 111 23 26 33 137 34 101 125 45 143 67 29 132 98 68 24 43 146 65 22 42 58 89 36 130 124 48 103 148 123 129 134 127 115 5 56 21 107 154 30 86 110 141 2 100 44 60 99 
TEST LEAKS 5 ARG:59 65 124 41 91 66 8 81 13 155 47 7 79 36 42 84 78 40 112 119 120 57 43 123 32 105 147 127 23 76 6 5 90 130 16 74 122 106 100 20 104 33 137 138 143 26 139 129 37 135 38 82 2 0 126 77 152 31 11 48 34 96 83 142 102 146 71 108 134 27 19 17 150 85 4 148 69 15 121 53 44 70 144 88 114 67 51 154 93 103 73 98 25 140 94 28 111 133 113 12 145 99 151 60 18 117 61 24 21 115 107 141 153 9 80 35 50 54 95 92 49 46 132 58 29 30 131 86 72 1 75 118 64 3 56 89 10 63 149 116 110 22 109 55 68 128 14 136 97 52 39 101 62 45 87 125 
TEST LEAKS 5 ARG:0 125 10 62 135 112 132 153 121 56 64 4 150 128 91 101 15 156 57 100 54 131 53 70 52 115 136 68 155 144 29 103 41 11 20 117 25 39 126 85 49 142 89 34 152 104 94 79 137 63 78 40 90 138 38 69 30 67 43 46 32 134 59 106 75 116 81 93 88 96 3 86 124 7 33 55 140 114 24 151 127 8 47 74 18 95 145 77 72 80 21 98 71 109 36 141 50 102 107 26 5 118 44 28 9 31 1 65 48 105 6 99 108 76 73 17 143 87 122 97 82 147 110 14 58 61 120 19 113 13 2 130 148 66 12 111 35 37 45 27 23 16 83 51 60 119 42 129 154 146 22 92 149 84 123 133 139 
TEST LEAKS 5 ARG:17 156 36 86 88 130 120 61 30 139 112 26 137 126 51 140 10 90 66 138 144 87 42 5 111 150 119 152 145 24 3 122 115 75 65 118 64 102 132 13 80 47 116 146 11 33 113 14 71 54 31 108 12 148 56 155 69 72 84 92 121 114 45 104 74 97 106 129 9 7 131 100 103 107 95 101 105 109 63 157 58 96 82 57 79 2 59 43 0 154 39 78 4 23 40 83 73 93 134 151 37 135 77 20 55 153 49 35 29 128 50 28 38 149 8 85 21 44 136 53 70 99 60 25 18 142 19 68 52 15 147 22 6 94 81 32 62 27 41 110 1 98 89 48 127 91 124 125 76 46 143 117 133 123 141 34 16 67 
TEST LEAKS 5 ARG:141 126 148 117 143 84 68 60 112 57 79 158 39 29 42 30 5 76 140 27 63 71 92 48 6 152 47 37 0 106 46 107 62 85 116 26 82 18 17 3 80 135 105 147 44 93 65 55 123 100 87 95 115 157 109 130 70 41 11 131 120 144 119 1 8 132 103 45 67 136 28 56 59 43 121 150 25 16 90 23 96 9 98 31 75 156 110 145 91 72 88 104 78 83 4 122 40 138 54 101 50 127 74 12 81 15 113 89 142 97 58 13 34 22 128 51 49 38 66 153 133 69 129 86 134 35 111 36 102 20 114 94 64 52 14 137 139 108 155 7 77 149 53 124 2 19 24 33 151 154 32 118 61 73 21 146 10 125 99 
TEST LEAKS 5 ARG:21 134 138 60 34 94 22 119 84 70 48 61 0 117 26 63 159 16 125 130 73 9 66 31 116 20 85 78 88 112 43 8 58 113 33 155 35 23 56 129 86 95 12 38 64 53 14 156 76 6 135 149 157 158 15 37 42 52 89 123 91 139 104 148 121 87 136 107 79 47 147 45 109 111 141 80 103 41 108 10 114 68 13 65 55 18 128 30 54 51 93 2 145 1 46 133 131 152 82 115 27 92 57 132 44 96 106 124 153 40 69 74 72 71 32 81 28 5 3 118 120 11 110 150 39 75 67 143 122 151 83 142 36 105 146 49 140 62 154 101 77 127 102 25 100 99 144 17 7 98 50 126 90 24 4 29 19 137 59 97 
TEST LEAKS 5 ARG:138 54 82 101 6 94 46 56 2 71 134 23 125 73 34 139 124 86 142 20 32 58 154 106 1 157 63 100 30 140 146 105 143 37 122 43 26 9 88 10 13 36 27 130 80 53 57 28 11 48 17 44 45 24 83 132 65 85 16 39 12 153 114 145 107 18 160 22 128 113 7 52 69 60 21 111 55 137 144 103 87 119 8 98 70 79 118 93 64 91 15 31 159 117 75 4 62 149 51 96 66 115 131 99 110 104 14 68 148 136 47 95 41 49 152 155 67 50 150 141 74 135 33 156 151 158 126 78 89 19 92 109 129 77 5 84 81 3 108 61 112 42 76 127 59 121 25 116 120 29 133 102 38 0 123 72 90 40 97 35 147 
TEST LEAKS 5 ARG:73 69 90 15 152 83 67 37 147 104 63 97 114 31 109 87 130 40 35 39 88 25 93 4 64 7 23 22 48 44 151 71 101 55 120 54 16 126 12 20 92 94 123 33 143 108 124 8 65 140 132 118 117 42 129 89 47 50 159 70 56 153 26 0 150 46 74 17 72 30 161 137 11 80 127 106 100 45 75 125 34 141 57 84 145 105 27 1 38 60 135 82 128 32 122 133 157 103 112 146 13 18 85 3 116 19 98 149 111 81 24 5 121 158 79 160 14 52 6 61 131 102 107 43 68 115 134 77 139 53 59 9 49 66 2 21 138 154 142 155 86 148 156 36 144 136 41 10 110 29 28 119 96 76 51 99 95 91 113 78 58 62 
TEST LEAKS 5 ARG:161 67 31 23 147 145 148 38 129 141 34 140 32 123 155 77 85 78 0 26 56 117 46 13 105 45 125 44 159 119 99 104 33 86 22 14 138 122 162 154 107 101 21 10 133 118 113 146 90 53 27 108 63 139 62 76 81 158 88 47 106 95 83 20 156 36 28 131 19 24 11 60 124 7 73 48 72 35 111 17 115 114 6 29 93 151 61 149 68 66 134 82 89 55 25 120 42 18 91 121 69 15 4 110 41 5 112 96 52 74 64 50 8 126 39 142 153 9 49 103 152 51 37 100 102 84 97 128 16 150 79 80 57 70 130 58 40 54 59 160 87 30 1 12 135 3 71 144 2 132 116 143 109 43 137 92 94 157 136 98 127 65 75 
TEST LEAKS 5 ARG:144 21 74 68 96 63 158 114 116 147 31 32 127 102 79 110 145 101 92 137 47 133 67 135 118 132 64 13 136 15 12 91 25 6 29 157 11 99 86 18 48 141 88 115 154 7 160 37 69 142 90 140 75 155 80 0 34 139 153 112 43 77 122 156 126 113 104 51 149 24 81 82 97 73 89 95 162 93 121 65 120 161 70 163 131 2 19 41 27 107 159 76 71 58 30 130 28 16 61 57 72 129 4 146 55 111 45 56 14 109 54 78 46 36 49 9 117 128 17 83 40 106 143 44 125 100 53 8 94 148 152 134 42 108 23 35 119 59 123 26 39 98 33 138 1 87 52 150 124 50 20 38 3 66 151 85 5 22 62 10 84 105 103 60 
TEST LEAKS 5 ARG:142 81 122 113 59 61 17 42 0 145 35 88 65 131 53 6 45 46 12 109 141 50 135 139 33 146 112 137 152 52 157 28 156 160 127 31 55 3 97 63 56 100 75 7 115 39 107 106 150 163 93 99 96 70 9 129 2 72 117 77 68 118 79 5 71 10 83 76 121 16 114 132 58 143 23 25 78 110 116 43 47 120 11 98 21 13 126 14 44 155 66 15 90 95 18 124 149 119 111 105 57 4 154 60 54 91 86 32 8 48 69 37 41 108 80 128 92 164 151 103 67 138 94 104 40 148 159 34 22 49 19 1 134 38 130 136 140 144 102 161 162 101 73 85 74 30 26 27 158 87 133 64 125 24 153 20 84 147 29 62 123 36 89 51 82 
TEST LEAKS 5 ARG:39 95 55 32 29 93 5 9 10 2 22 14 57 138 113 139 44 27 124 3 0 53 74 84 15 137 81 69 153 130 112 106 149 129 147 155 143 18 64 19 111 121 30 41 99 52 26 7 63 80 163 34 35 66 45 107 165 118 160 48 142 79 8 131 38 49 110 145 159 17 88 4 128 46 123 68 28 85 105 11 120 70 21 62 33 164 157 36 125 104 12 151 61 54 51 40 144 60 96 23 89 67 100 73 47 141 90 127 156 126 76 42 94 140 114 65 146 150 71 134 13 86 87 101 50 83 162 56 43 59 117 92 91 152 16 58 78 122 154 103 75 148 6 115 133 31 108 25 132 119 1 136 72 158 20 98 77 135 109 161 37 97 116 102 24 82 
TEST LEAKS 5 ARG:77 120 156 88 161 6 21 125 63 83 109 57 36 104 26 7 158 94 4 13 10 91 164 149 157 49 163 155 139 16 31 64 135 79 142 123 102 2 75 80 74 65 19 147 129 58 132 44 107 34 56 41 46 92 143 9 5 105 20 32 38 12 140 72 85 42 151 71 97 67 122 45 113 59 152 114 160 115 66 62 154 68 119 124 127 76 73 39 33 108 48 61 110 159 141 15 30 50 1 23 99 131 138 43 52 96 148 60 29 17 98 111 116 117 27 144 126 103 133 86 112 130 24 84 87 150 81 11 166 118 100 95 53 69 8 35 137 3 106 51 146 128 54 70 101 89 82 153 136 14 18 55 93 28 121 0 78 162 47 134 25 90 165 40 22 145 37 
TEST LEAKS 5 ARG:135 144 82 108 14 74 124 44 67 28 110 66 31 117 16 143 165 94 97 80 62 20 90 23 111 78 76 38 35 54 69 115 9 7 158 167 147 65 49 134 61 120 42 51 57 24 12 36 142 104 151 58 106 81 85 145 63 64 140 154 138 93 83 46 146 89 26 137 6 77 113 96 118 141 131 163 43 11 47 114 10 103 153 102 22 19 70 39 161 34 149 152 13 123 52 132 41 15 129 127 59 130 166 84 17 155 4 112 121 71 157 98 79 126 156 95 8 122 1 73 29 2 128 55 87 133 101 40 100 92 109 119 139 148 162 33 48 159 3 99 75 56 91 88 50 116 164 105 136 68 21 25 86 27 60 150 107 125 30 37 45 18 5 160 72 0 53 32 
TEST LEAKS 5 ARG:126 118 136 92 164 13 152 142 115 138 11 127 154 36 100 93 109 91 81 25 89 43 17 14 166 39 33 32 37 117 4 9 130 48 125 8 61 34 15 16 26 63 62 160 112 75 86 65 35 83 153 29 102 148 94 167 30 20 90 68 50 80 163 64 168 165 0 145 76 82 144 3 57 31 121 108 116 159 49 155 74 99 134 84 107 12 101 21 77 143 151 120 135 128 41 96 1 161 52 162 110 54 5 66 156 60 137 24 141 38 51 95 59 78 88 149 45 150 131 113 79 97 69 98 124 157 70 146 140 47 58 106 27 71 56 129 40 53 87 114 6 73 132 67 7 2 23 119 72 55 28 133 46 111 10 158 147 139 19 104 103 22 123 42 105 85 44 18 122 
TEST LEAKS 5 ARG:88 14 6 70 2 23 148 43 50 21 76 116 5 58 26 94 155 59 4 151 167 34 74 46 29 49 84 73 54 11 35 120 7 112 31 90 141 107 1 16 152 82 123 98 67 33 39 93 45 139 113 44 124 169 32 100 135 66 168 99 143 9 133 28 41 111 10 97 51 79 0 114 83 13 164 25 40 103 145 166 36 126 63 154 129 81 92 55 158 134 156 104 69 131 132 57 121 20 162 18 77 38 62 160 146 91 65 115 95 85 72 106 53 122 147 52 3 128 19 12 61 149 89 108 78 142 144 87 130 71 140 101 30 68 127 8 137 47 22 42 153 102 86 80 60 161 17 157 165 119 105 118 75 136 24 125 138 163 64 15 56 150 48 159 96 110 117 27 109 37 
TEST LEAKS 5 ARG:132 46 118 98 141 142 50 12 156 77 155 163 117 100 158 113 51 168 35 111 79 166 116 87 96 164 120 6 56 45 114 88 34 95 90 65 89 108 102 27 162 103 0 24 136 25 17 28 52 23 32 42 137 149 72 115 37 68 78 153 143 29 8 11 70 64 75 43 147 58 54 71 124 21 93 9 94 60 121 101 146 82 140 150 20 81 109 154 127 97 15 48 134 133 7 138 126 2 105 160 159 40 30 63 66 36 91 1 169 86 152 14 112 131 165 92 26 47 57 31 125 85 19 73 41 76 38 139 13 104 128 22 99 62 5 53 33 107 80 83 151 167 157 144 59 161 135 123 122 170 145 44 3 84 39 55 110 106 10 67 61 74 49 148 69 129 16 130 4 119 18 
TEST LEAKS 5 ARG:147 75 55 103 23 155 70 125 20 144 169 85 98 91 4 112 101 29 86 153 44 25 41 131 157 30 170 66 106 63 56 116 145 133 90 130 48 102 143 94 107 77 40 38 59 11 152 45 161 126 167 110 114 129 76 89 31 171 93 73 64 43 54 46 162 168 72 150 88 58 158 154 113 16 139 95 65 115 132 28 51 148 156 97 127 137 136 119 122 100 104 165 135 82 10 22 81 83 5 67 6 12 17 128 1 19 117 15 9 78 14 60 34 74 57 32 138 42 13 27 21 87 47 0 120 7 37 24 96 151 118 166 18 71 3 50 134 52 62 68 142 8 140 121 124 92 53 160 39 123 69 141 33 164 108 79 49 99 84 163 159 109 146 2 35 61 80 149 26 111 36 105 
TEST LEAKS 5 ARG:171 85 57 120 28 36 155 157 142 65 34 25 75 61 5 80 8 144 10 24 159 111 39 54 160 9 92 131 42 40 37 51 126 117 27 88 100 146 74 123 16 154 149 0 60 124 14 147 94 113 70 96 145 141 44 110 143 125 26 79 50 95 97 48 163 84 73 109 166 72 104 76 71 132 129 23 32 115 11 127 148 89 91 3 56 102 38 161 137 167 168 138 81 86 20 107 93 119 114 170 17 130 152 112 139 66 169 31 30 69 105 101 164 77 82 165 156 106 4 58 98 45 68 151 108 55 6 87 49 83 158 46 59 7 29 133 19 52 140 33 1 153 21 62 35 12 47 121 90 116 122 134 128 136 172 2 18 162 43 135 22 63 15 67 78 13 99 118 64 103 53 150 41 
TEST LEAKS 5 ARG:89 33 52 81 42 29 3 108 100 16 128 66 107 92 144 164 167 61 76 113 150 39 5 62 117 118 123 70 64 121 83 48 102 133 4 45 134 127 32 90 149 94 135 130 86 137 103 151 57 51 162 154 40 119 25 148 8 111 132 22 98 147 59 101 163 126 172 58 152 41 120 37 146 129 160 95 44 23 14 6 105 99 110 75 88 165 159 125 93 136 56 13 104 78 141 112 85 158 139 2 168 77 10 72 97 19 24 173 21 114 54 9 79 34 166 138 170 7 71 124 18 116 80 26 36 161 143 145 153 82 49 67 157 27 122 50 55 11 169 17 31 131 46 155 115 53 20 91 28 1 140 30 60 0 96 68 38 63 171 73 106 109 74 84 156 87 69 12 35 142 15 43 47 65 
TEST LEAKS 5 ARG:25 127 22 165 16 111 28 148 46 133 27 29 71 96 50 94 20 7 38 107 74 151 117 160 8 145 154 10 56 53 119 109 115 158 172 73 146 159 81 87 123 129 37 42 101 170 1 136 95 77 43 5 39 68 126 122 130 69 163 116 140 102 67 98 19 6 90 113 138 125 97 167 40 75 147 134 173 14 150 66 35 82 86 52 58 141 72 11 15 161 83 103 142 110 63 32 84 171 135 12 121 62 174 76 48 114 92 169 100 9 59 99 78 156 60 164 17 139 112 51 88 18 45 105 118 80 89 162 91 166 26 137 131 24 21 157 36 149 65 34 57 3 79 33 13 70 85 153 31 106 49 104 4 168 0 44 93 120 55 124 2 54 155 61 64 128 144 108 41 47 143 152 30 23 132 
TEST LEAKS 5 ARG:9 93 87 145 7 23 69 31 141 33 62 89 22 137 77 102 90 34 8 27 51 169 49 85 16 115 117 45 18 72 130 74 17 61 105 36 3 171 128 83 162 54 48 134 132 71 76 58 24 119 46 13 79 106 126 146 19 175 167 35 103 84 135 92 111 65 57 68 88 153 165 44 164 149 147 53 41 73 20 163 113 12 91 42 56 140 66 154 81 95 158 168 124 86 25 96 142 0 6 123 78 109 99 131 108 26 94 32 38 138 116 127 114 129 157 28 29 160 107 110 67 122 5 121 173 174 100 136 10 150 170 148 40 82 52 60 55 43 101 21 2 172 98 161 30 63 166 39 70 152 133 75 144 47 155 59 14 64 1 4 120 125 15 80 118 159 37 156 139 97 11 50 104 112 151 143 
TEST LEAKS 5 ARG:93 137 146 75 88 130 162 144 30 90 38 77 94 151 142 12 46 48 1 42 125 100 128 57 39 3 40 126 136 41 152 124 62 117 114 68 101 173 116 170 10 99 167 21 129 165 150 50 133 145 105 15 37 176 51 44 33 166 134 138 78 71 158 103 81 66 47 53 6 26 163 157 104 96 171 149 19 67 154 34 76 107 156 59 52 168 160 164 58 118 17 74 69 49 18 32 7 143 131 161 36 28 83 120 135 5 147 95 140 23 16 8 70 20 11 72 127 56 65 109 29 159 169 123 89 97 108 139 45 35 0 14 61 31 155 64 27 87 172 112 121 115 148 24 73 174 80 102 63 54 43 2 111 106 86 22 122 175 79 132 91 119 84 9 110 25 55 98 153 113 82 60 92 141 85 4 13 
TEST LEAKS 5 ARG:28 102 144 44 169 115 50 47 114 82 36 146 43 95 33 80 75 73 155 140 133 29 159 8 153 168 23 6 120 154 0 177 163 79 77 71 122 14 67 17 171 138 148 12 165 123 98 101 126 45 57 110 88 83 13 48 91 112 56 52 9 42 137 97 4 20 92 99 158 63 145 111 135 49 160 53 72 31 24 156 25 58 69 105 40 62 41 103 143 119 37 65 147 130 61 34 89 142 11 1 173 162 64 124 86 128 104 84 74 157 139 22 109 35 106 85 93 16 51 27 152 166 60 39 150 81 131 7 129 116 118 141 132 113 161 100 174 78 10 107 54 38 5 26 96 134 108 68 46 176 170 172 87 125 30 59 66 90 117 70 15 149 21 175 55 18 19 2 94 76 151 121 164 136 167 127 3 32 
TEST LEAKS 5 ARG:46 41 26 27 129 140 130 155 116 147 33 126 34 124 83 54 73 36 24 82 132 10 133 104 97 5 22 32 14 106 20 159 148 156 153 48 71 166 8 105 2 95 53 99 135 177 0 3 21 101 164 81 109 45 55 90 121 161 1 62 143 158 40 160 172 15 112 69 70 149 120 52 162 137 30 122 134 165 169 127 57 56 167 67 142 125 88 87 146 80 75 4 64 29 84 47 92 157 17 12 9 16 178 86 72 31 115 110 93 74 60 37 111 131 173 25 141 100 123 114 28 96 154 77 49 113 108 58 94 145 6 35 128 138 51 61 118 68 117 85 176 79 107 98 50 89 11 152 168 139 119 174 43 171 18 91 65 136 103 42 170 59 23 76 66 150 163 39 144 19 175 151 78 102 44 13 7 63 38 
TEST LEAKS 5 ARG:57 38 78 12 95 71 63 62 30 98 103 124 121 25 172 175 110 34 128 67 131 64 145 150 162 54 173 21 118 75 45 44 147 125 28 111 29 94 101 41 115 37 68 39 46 171 40 112 166 139 48 19 5 149 26 123 138 76 24 161 129 177 69 143 0 66 15 120 99 117 87 27 32 107 49 179 42 106 22 83 170 18 165 108 167 135 96 126 116 140 163 3 60 109 133 59 176 77 74 33 9 50 23 136 153 159 31 20 65 151 104 70 58 84 144 158 51 178 90 35 16 93 73 4 47 10 92 11 55 72 119 148 56 88 169 127 61 114 14 97 7 137 53 8 80 102 164 1 13 82 2 168 142 134 85 152 105 156 43 81 52 122 155 89 174 157 132 146 79 36 113 100 141 130 17 86 160 154 6 91 
TEST LEAKS 5 ARG:124 170 69 6 127 67 73 9 15 23 115 165 21 99 159 93 113 111 46 130 178 87 156 27 3 66 157 174 171 153 5 176 175 162 84 24 79 64 29 177 149 148 132 14 53 123 70 76 140 83 86 164 30 126 72 136 35 71 85 2 40 96 48 43 38 180 0 28 166 114 118 117 129 52 54 77 89 17 88 75 42 59 133 50 108 138 161 8 98 142 44 91 144 57 139 56 103 94 18 34 11 81 102 160 172 169 119 7 51 45 37 26 150 101 146 112 147 33 74 60 55 158 80 20 154 122 168 109 155 145 10 137 16 12 65 36 110 116 61 49 1 143 13 25 90 100 97 68 32 131 163 141 107 121 22 134 167 4 152 179 128 105 63 47 125 104 173 78 62 58 39 41 120 19 82 151 135 106 92 95 31 
TEST LEAKS 5 ARG:136 7 143 65 43 134 36 20 80 28 50 73 155 120 8 150 93 58 55 66 23 70 62 44 35 146 68 162 122 45 67 57 52 153 167 75 74 91 113 126 144 117 94 88 148 97 11 12 160 166 16 159 33 161 85 78 10 98 95 178 139 31 106 149 124 96 2 9 18 116 135 72 110 171 34 3 71 151 131 87 142 111 107 86 5 61 133 42 27 19 83 115 22 174 102 26 99 168 129 109 60 119 14 64 32 170 127 6 15 38 145 84 164 114 21 76 51 173 163 53 30 138 132 105 48 82 165 79 123 24 81 101 100 121 137 17 69 125 157 46 179 40 13 47 41 1 108 39 118 104 54 77 140 158 90 25 89 49 154 59 112 180 130 181 92 172 156 128 56 4 152 63 169 29 175 141 37 147 103 0 177 176 
TEST LEAKS 5 ARG:125 91 75 68 60 94 136 123 156 169 6 65 96 28 97 33 159 47 31 44 168 5 24 99 13 117 72 43 155 38 93 116 129 69 164 140 120 20 173 167 118 41 171 29 37 9 175 142 34 153 105 85 39 172 146 121 152 128 55 143 15 81 52 11 101 154 149 138 63 22 59 74 21 36 77 179 166 160 131 135 89 14 62 54 98 163 35 111 80 127 122 141 150 87 18 70 78 158 137 30 2 67 162 48 76 7 19 90 139 126 119 113 50 114 8 115 145 46 100 109 174 88 10 27 25 32 40 86 130 102 1 4 182 71 181 64 23 49 16 79 66 110 92 73 42 165 108 148 45 26 134 103 83 132 12 124 176 95 161 180 57 53 106 112 0 17 133 84 107 157 61 170 51 178 56 58 144 104 147 151 177 82 3 
TEST LEAKS 5 ARG:108 19 114 22 173 67 177 180 172 46 167 126 124 43 20 14 113 84 128 7 12 63 178 88 96 34 98 125 18 151 141 55 105 150 25 39 171 45 80 16 100 149 104 53 33 76 56 119 116 162 145 15 17 74 181 182 3 183 65 51 29 42 137 143 61 159 94 37 13 38 23 77 153 83 66 68 95 158 36 93 179 27 134 60 52 90 165 9 115 174 131 79 106 170 44 102 50 99 140 97 64 1 21 87 41 26 49 144 89 86 6 72 138 62 110 139 73 4 156 54 147 78 31 92 157 176 122 103 152 127 70 40 28 5 118 148 47 109 107 155 69 111 133 163 166 154 142 135 32 121 175 30 81 168 169 59 82 112 10 58 85 24 57 71 2 120 164 146 11 160 91 35 129 130 101 132 75 117 123 136 48 161 8 0 
TEST LEAKS 5 ARG:162 49 30 180 97 9 70 134 81 153 52 46 136 12 127 51 141 43 175 125 40 92 73 133 132 137 25 57 145 90 80 157 179 146 154 11 160 156 170 111 18 115 123 129 172 109 33 2 77 99 45 181 16 184 167 6 69 128 112 53 55 139 140 37 54 150 94 36 95 41 168 183 143 8 3 14 65 104 96 4 144 35 42 71 177 158 114 17 110 68 58 28 173 100 159 66 23 88 19 85 48 152 27 0 64 86 72 74 1 31 60 98 26 113 50 120 84 56 34 24 103 169 22 101 82 79 63 89 119 116 102 122 176 7 32 161 142 117 130 138 118 148 126 91 15 87 83 20 39 155 151 78 38 10 182 108 163 61 5 47 135 106 174 75 67 59 147 178 76 124 164 29 93 171 121 13 149 165 21 131 62 44 107 105 166 
TEST LEAKS 5 ARG:136 111 146 157 118 171 104 72 22 28 160 123 39 6 5 68 49 100 69 120 130 147 89 133 176 11 93 96 90 41 103 109 149 23 85 12 164 88 16 54 18 27 138 113 156 162 80 180 7 56 48 20 116 169 159 38 158 178 81 121 150 86 154 29 128 40 34 3 31 42 78 132 182 153 4 43 95 24 35 52 25 53 106 82 179 122 143 110 55 92 77 148 134 46 173 151 73 58 168 183 47 67 60 44 141 174 97 181 15 101 75 125 144 142 105 166 21 184 98 71 94 26 13 131 117 30 63 114 83 112 59 108 70 10 145 99 124 76 152 19 163 2 32 175 62 127 165 167 115 17 161 74 119 0 66 14 140 50 45 172 91 139 33 129 155 87 170 37 185 65 51 1 107 9 79 8 177 61 102 126 137 57 36 135 64 84 
TEST LEAKS 5 ARG:151 158 134 41 128 111 163 137 131 146 127 36 104 57 93 138 108 184 161 95 170 87 103 21 0 5 47 66 153 166 180 139 16 60 179 148 150 169 142 28 119 155 160 124 86 53 159 123 69 80 84 30 174 29 32 98 88 67 9 42 154 145 1 20 178 63 143 126 4 61 135 52 54 64 56 186 15 141 132 19 94 37 114 140 17 43 55 167 48 26 130 68 102 109 12 173 39 10 71 157 85 76 172 11 96 106 176 100 38 62 133 117 121 6 82 92 182 120 116 115 50 90 33 34 58 177 24 18 175 2 23 25 144 75 91 81 105 171 46 8 3 147 72 40 49 79 118 149 99 164 65 45 74 27 44 168 35 162 31 77 165 185 113 22 152 101 156 129 7 112 78 13 70 181 97 59 89 110 136 83 183 51 125 14 122 107 73 
TEST LEAKS 5 ARG:85 36 138 132 112 101 88 99 89 22 130 154 152 14 100 15 47 30 9 176 178 3 141 55 163 43 78 87 140 124 67 91 70 80 153 42 44 104 96 143 149 12 175 73 4 133 92 173 33 117 134 24 171 105 139 1 119 26 137 84 66 8 18 168 115 45 102 116 82 11 60 6 5 41 142 21 167 127 97 109 183 103 169 121 165 50 136 155 48 180 107 19 161 7 61 81 0 108 160 184 71 111 31 182 40 83 86 28 128 151 23 35 90 38 34 98 174 158 170 179 146 57 166 114 126 51 93 75 177 181 63 25 185 157 145 186 148 29 27 144 59 106 2 10 64 159 37 156 62 113 122 74 20 95 46 77 76 39 131 17 164 172 52 65 72 58 68 79 13 94 162 129 118 110 147 123 32 150 56 69 54 16 135 120 49 187 125 53 
TEST LEAKS 5 ARG:52 54 118 135 106 126 91 163 171 183 22 23 31 68 119 138 24 39 72 41 155 77 40 50 101 95 120 80 49 69 104 47 2 102 157 98 82 143 92 66 153 186 55 29 32 64 67 173 37 169 89 4 152 56 71 73 136 43 148 109 121 110 13 151 46 81 14 57 79 184 85 58 150 27 154 146 180 9 35 174 131 141 166 144 25 60 127 3 185 158 130 30 53 116 10 44 18 5 0 97 42 108 11 129 167 16 90 26 28 87 187 34 162 113 176 78 112 74 168 83 122 99 59 140 6 149 61 96 33 7 137 159 100 93 124 111 142 178 21 19 177 103 36 48 105 145 132 94 12 125 51 84 20 117 15 38 172 164 76 160 182 70 188 65 107 147 134 17 75 165 123 139 45 8 1 88 181 128 133 156 62 170 179 86 115 175 161 114 63 
TEST LEAKS 5 ARG:82 1 26 179 109 125 47 174 84 14 114 133 41 5 100 53 33 117 112 3 188 157 140 85 115 154 96 130 66 8 17 97 50 71 120 78 146 123 107 131 13 62 169 132 118 55 102 20 172 43 25 152 54 110 108 87 148 21 155 166 121 72 86 160 171 32 37 129 83 95 177 98 137 52 159 153 28 11 136 35 149 141 2 59 134 23 46 186 64 24 168 150 128 16 79 93 77 42 75 61 45 48 189 73 92 88 127 60 9 135 12 40 51 103 139 173 181 10 124 187 58 27 39 91 30 31 36 119 6 113 183 29 165 106 80 90 182 74 163 143 167 101 22 38 0 99 68 76 4 164 111 161 158 49 176 147 81 89 94 116 178 57 104 122 175 69 19 65 15 105 184 44 145 34 67 56 63 185 142 7 144 18 151 180 138 170 162 126 70 156 
TEST LEAKS 5 ARG:135 95 148 63 29 161 169 83 23 164 24 48 78 179 9 52 101 19 103 46 13 176 50 149 38 40 162 108 6 91 36 134 177 44 73 5 84 3 61 120 123 90 20 127 167 146 143 147 37 75 43 173 122 85 15 142 14 183 182 64 159 168 153 35 175 170 71 111 102 130 10 112 137 56 188 17 100 31 125 58 8 187 87 116 172 62 11 89 118 32 59 65 180 30 160 110 136 96 114 152 156 18 27 97 113 184 140 81 86 109 82 166 70 131 79 174 128 88 77 144 93 21 99 141 189 145 121 190 51 124 138 60 158 49 67 47 115 129 92 42 181 2 66 16 68 154 163 117 12 74 186 106 133 104 151 139 22 165 1 39 26 41 34 80 33 25 157 45 119 185 76 7 0 126 72 132 94 171 155 28 107 4 150 98 55 178 53 69 105 57 54 
TEST LEAKS 5 ARG:164 5 166 100 13 121 179 55 8 149 133 88 105 181 143 56 61 83 178 64 16 171 183 18 81 182 99 32 160 96 129 115 58 169 138 65 14 42 172 48 46 19 36 97 187 113 49 168 3 188 165 54 148 163 147 170 126 109 119 93 7 153 156 15 11 95 154 71 35 174 189 151 118 66 69 21 51 76 9 110 140 120 186 145 159 10 68 175 90 104 124 77 98 116 30 114 31 59 27 141 125 40 91 22 1 158 108 144 47 134 139 136 45 52 6 82 122 0 41 128 123 70 111 130 107 177 127 12 33 152 103 137 135 146 75 102 185 20 180 23 29 50 17 157 190 78 34 85 38 63 73 43 67 62 142 184 94 24 89 161 26 101 28 92 173 60 87 37 112 2 4 155 167 25 162 117 131 132 53 176 84 57 106 74 39 79 80 86 44 191 150 72 
TEST LEAKS 5 ARG:140 5 55 88 41 119 165 92 138 64 58 151 19 14 33 137 131 176 72 54 108 105 1 172 7 158 120 153 80 36 111 71 125 154 129 34 161 13 192 124 148 102 180 67 52 16 12 118 164 63 146 31 38 147 49 113 122 174 47 62 18 53 168 134 191 94 26 114 39 46 95 79 109 68 121 81 183 97 17 185 90 171 65 30 159 85 21 128 74 11 78 107 0 156 56 187 48 152 40 116 130 42 163 60 51 20 112 188 150 126 173 110 69 104 189 133 160 70 190 89 162 135 103 179 96 84 149 98 177 9 170 186 57 59 4 166 2 76 169 6 27 23 155 157 3 178 184 86 91 142 35 66 75 8 115 101 175 43 144 100 61 73 44 10 24 82 141 117 182 22 45 15 50 32 167 83 87 143 106 25 77 123 37 99 181 136 93 132 28 127 29 145 139 
TEST LEAKS 5 ARG:105 124 51 178 153 83 26 31 81 2 169 102 128 28 14 59 84 111 142 188 88 43 156 159 41 189 16 98 121 38 15 36 180 129 77 165 10 80 171 0 190 192 164 170 162 29 103 1 58 19 112 150 74 73 37 155 179 50 144 4 72 91 54 108 107 13 20 104 148 96 109 9 140 146 18 152 24 132 35 100 53 76 21 62 99 137 174 131 141 32 8 49 44 57 183 157 70 25 39 89 139 173 138 172 117 52 48 22 61 113 151 114 93 191 46 125 94 123 187 78 119 177 120 27 136 126 3 42 47 147 122 85 166 86 161 11 68 90 118 115 45 71 133 158 33 40 130 17 149 79 5 116 160 65 56 67 75 145 182 181 34 55 23 186 87 64 82 30 69 193 97 95 63 143 60 12 127 110 7 163 101 66 154 175 167 176 135 184 185 106 134 6 168 92 
TEST LEAKS 5 ARG:87 160 100 34 2 0 21 112 171 62 191 51 138 187 176 106 193 13 145 118 126 1 146 52 86 167 29 131 5 154 184 24 152 78 55 36 129 66 181 159 80 65 188 31 148 6 162 153 174 43 163 194 79 10 60 47 99 125 73 161 18 169 139 182 19 128 133 113 67 151 68 41 58 50 140 170 156 32 180 103 114 85 177 25 45 185 172 137 175 22 90 168 76 91 27 56 92 30 70 110 12 38 15 35 11 149 119 82 48 120 142 179 144 4 53 164 63 107 46 72 127 178 44 104 94 26 3 8 183 74 121 165 54 42 158 136 186 157 93 143 166 134 71 116 117 141 96 95 135 173 23 88 101 75 61 132 57 37 33 192 39 89 124 102 150 147 98 130 28 109 105 64 7 84 49 111 9 20 59 108 155 17 81 189 97 83 190 115 122 77 16 69 14 40 123 
TEST LEAKS 5 ARG:187 106 125 161 13 60 102 139 88 92 86 124 34 54 26 64 74 65 143 149 70 2 68 44 112 4 132 173 188 130 134 22 3 181 156 147 56 107 104 27 6 67 182 1 94 192 28 23 50 24 150 46 136 157 73 118 178 15 98 113 185 77 99 5 120 9 85 37 80 121 162 175 164 35 180 48 78 90 82 170 174 30 33 167 144 43 177 71 61 135 42 19 168 45 176 148 189 87 159 55 51 142 110 53 12 63 166 195 66 40 41 179 145 117 75 138 96 69 119 31 108 97 171 163 155 154 84 103 47 0 57 95 129 186 152 122 153 194 193 101 109 137 127 38 8 191 183 131 17 93 105 59 83 49 11 126 62 72 146 10 58 128 165 52 32 158 7 81 114 14 115 89 190 172 18 151 25 91 16 140 76 184 160 123 21 79 133 39 100 111 116 141 36 29 169 20 
TEST LEAKS 5 ARG:134 178 176 61 113 27 46 101 135 35 196 53 115 141 175 186 25 142 116 3 98 69 59 126 127 182 5 82 10 145 44 160 70 23 19 181 189 60 18 137 122 88 12 30 163 161 57 150 0 79 97 169 114 65 124 8 58 85 179 118 43 155 29 24 96 195 83 39 167 49 147 103 75 100 143 190 164 36 80 109 63 159 86 95 173 149 187 119 50 112 108 20 107 47 7 105 121 138 102 125 55 21 177 106 193 171 153 132 183 157 37 13 73 151 129 48 170 120 93 166 154 158 81 6 156 139 130 117 165 38 84 66 77 16 76 67 152 51 92 191 184 15 40 28 168 62 2 14 172 111 72 89 32 9 180 128 110 52 99 148 185 78 74 26 42 11 1 94 131 194 90 71 104 133 34 64 41 45 33 123 144 31 174 146 22 192 140 54 91 87 136 68 17 188 4 162 56 
TEST LEAKS 5 ARG:55 180 72 104 48 70 19 25 97 30 93 164 73 76 12 150 6 137 136 102 75 88 83 28 134 152 188 90 60 144 148 192 91 32 10 174 172 4 197 36 168 128 58 22 114 31 187 181 153 80 81 171 71 53 108 20 167 77 126 177 107 111 185 159 2 13 147 163 98 47 189 14 15 113 143 155 45 193 8 105 195 42 59 103 146 131 129 109 79 124 69 7 92 3 0 179 56 63 78 41 37 115 135 123 94 84 33 39 21 170 138 121 67 116 165 151 160 178 169 132 51 95 82 130 101 18 1 118 74 11 89 173 50 46 16 23 26 141 44 29 183 100 65 175 196 186 34 158 35 120 40 85 145 96 133 87 182 110 49 184 117 127 154 64 194 140 54 156 9 52 139 149 99 5 157 122 142 68 125 119 17 112 57 106 176 24 191 62 190 43 162 166 86 161 66 27 38 61 
TEST LEAKS 5 ARG:89 87 41 163 116 99 33 197 80 178 145 20 28 135 117 181 22 104 175 21 186 191 143 49 78 121 124 57 122 58 115 69 96 52 40 183 156 177 64 179 95 154 43 72 60 34 182 82 84 150 165 77 93 130 160 91 134 38 13 176 109 171 7 81 157 188 70 35 164 92 11 108 136 85 37 10 98 27 107 131 67 30 161 56 184 170 19 90 5 112 86 142 97 59 47 94 128 65 111 167 147 110 139 14 46 195 105 25 185 73 44 42 24 118 189 16 106 169 166 18 132 173 0 3 144 55 162 120 168 140 32 29 15 172 39 192 127 4 26 50 146 53 23 88 138 159 62 45 152 187 36 198 151 1 83 114 196 2 158 193 79 133 51 54 63 71 129 31 68 61 100 180 148 75 12 125 103 126 76 137 6 113 190 17 74 149 101 194 8 102 9 174 48 66 141 119 123 153 155 
TEST LEAKS 5 ARG:52 131 62 38 172 185 113 99 171 160 40 118 195 166 125 102 107 192 54 108 24 57 163 190 101 79 70 103 177 61 186 7 72 127 77 80 149 59 145 36 123 124 75 162 168 151 114 11 179 153 51 6 39 84 69 19 87 176 193 161 116 8 30 197 187 126 104 64 178 154 150 20 82 86 183 133 96 43 10 15 144 25 35 170 139 105 164 199 174 18 119 78 63 48 95 158 34 67 137 22 132 31 37 157 98 146 44 12 148 3 159 56 41 128 155 122 169 28 0 76 194 93 196 46 156 65 58 130 173 180 83 184 68 53 181 88 49 4 136 21 198 120 5 42 66 97 55 115 167 90 2 89 92 14 26 29 188 121 1 71 109 17 27 142 189 111 33 106 73 74 175 182 135 117 23 85 81 138 60 94 152 140 9 100 45 147 191 141 91 129 16 47 165 32 134 143 112 110 50 13 
TEST LEAKS 5 ARG:36 38 20 71 65 172 148 154 174 54 30 132 111 121 44 22 182 136 95 83 170 96 37 68 159 165 92 128 153 48 89 147 91 129 84 7 85 60 122 139 119 2 76 87 41 177 25 40 194 35 171 184 155 13 70 142 149 126 81 113 18 64 62 117 5 88 179 55 156 59 115 191 57 133 9 23 46 163 12 8 45 120 97 131 195 143 61 151 79 100 173 32 42 77 183 107 102 86 110 175 188 67 74 186 31 161 164 105 157 108 103 187 27 73 192 51 145 123 146 199 137 152 63 98 17 167 134 176 82 24 47 11 75 58 90 66 16 99 0 140 168 39 125 162 196 138 14 19 4 52 1 190 6 104 21 101 135 72 69 127 141 106 166 118 112 34 200 50 80 185 124 33 169 198 144 193 29 56 26 78 130 160 150 114 116 49 93 158 53 197 3 10 178 109 181 28 43 15 180 189 94 
TEST LEAKS 5 ARG:174 126 28 131 53 65 168 17 199 118 75 11 57 195 125 129 146 105 1 121 151 148 89 143 84 136 48 180 155 93 46 191 71 135 42 119 73 133 100 6 13 160 109 95 87 61 27 124 127 18 171 162 169 184 194 78 163 60 132 20 81 67 141 175 176 96 157 49 140 172 186 10 200 185 88 154 149 187 114 90 91 111 14 139 104 0 164 7 68 76 128 113 152 80 196 52 197 9 161 51 40 193 44 198 55 31 33 98 156 106 37 117 22 29 107 30 182 70 137 112 64 150 173 97 25 101 115 116 167 83 170 72 63 8 166 103 16 62 21 85 158 130 82 47 39 138 12 3 36 189 24 4 58 99 188 92 43 59 102 35 192 41 34 32 153 190 142 122 15 38 147 144 2 74 201 179 123 26 181 177 45 50 66 79 165 86 108 94 19 183 56 110 178 159 145 69 77 23 54 134 120 5 
TEST LEAKS 5 ARG:181 190 177 155 15 78 166 115 130 26 117 171 160 158 66 88 132 86 16 169 65 123 202 22 57 73 162 131 136 148 72 39 13 144 5 20 79 71 29 45 87 32 37 153 76 28 85 139 138 93 179 50 84 60 9 111 19 183 180 113 121 23 185 116 95 3 53 94 25 197 194 168 193 59 127 201 27 54 24 172 142 102 80 112 159 156 199 56 195 104 11 31 58 137 38 36 81 174 165 42 145 126 83 170 103 17 134 118 14 18 82 189 114 52 98 147 149 77 74 175 150 33 89 12 184 182 44 167 6 196 92 176 198 129 90 108 154 97 151 40 105 186 106 161 120 30 1 96 109 100 141 101 4 69 119 91 99 62 46 133 75 48 43 0 128 164 122 68 7 146 173 200 143 55 34 67 10 107 61 64 110 188 157 124 152 135 178 2 192 21 70 191 47 51 125 163 187 41 140 8 35 63 49 
TEST LEAKS 5 ARG:190 201 103 70 124 193 101 107 61 125 97 27 7 156 72 128 39 102 17 45 199 191 131 173 186 118 75 53 155 12 145 184 119 20 165 179 8 54 114 33 76 98 85 24 23 150 31 14 166 90 69 38 143 67 35 74 116 188 123 120 172 137 5 55 196 140 136 122 96 65 16 63 106 52 159 50 185 183 88 198 0 66 25 111 100 174 42 189 113 177 9 10 29 129 109 79 26 84 49 46 104 19 163 32 146 202 157 21 3 164 200 86 110 82 11 138 68 2 197 132 94 36 92 192 95 15 91 142 169 154 187 135 158 175 167 108 153 93 139 117 59 162 56 48 40 34 182 73 121 13 1 30 144 130 194 83 115 176 168 127 51 37 44 99 60 151 178 57 64 80 171 161 62 152 47 41 22 180 133 77 87 71 112 147 4 18 78 148 6 170 126 149 134 195 43 203 58 160 181 81 28 89 141 105 
TEST LEAKS 5 ARG:117 60 3 138 35 201 97 71 36 172 57 38 30 66 17 100 136 196 44 111 146 99 202 102 93 8 42 64 148 70 84 142 185 175 197 116 94 167 181 37 104 174 198 27 154 139 110 101 2 86 33 120 153 61 46 178 134 191 82 32 28 12 108 168 52 107 40 16 31 184 125 133 121 74 72 15 13 50 0 132 90 166 39 18 63 186 179 150 173 56 55 45 160 145 130 6 128 69 54 23 98 91 105 80 141 62 151 123 103 190 88 75 124 195 170 165 68 143 53 155 192 47 106 159 77 9 176 14 92 194 187 204 67 199 137 78 87 109 188 183 140 193 149 48 161 169 147 21 5 65 83 43 81 10 158 7 119 20 79 59 126 180 96 144 118 73 129 115 131 171 41 200 182 164 85 51 114 89 95 22 162 76 19 1 163 157 49 152 112 26 189 122 135 113 4 203 156 25 29 24 177 58 127 34 11 
TEST LEAKS 5 ARG:172 72 135 166 120 179 31 39 95 147 188 107 79 13 196 202 177 47 9 146 20 118 134 158 101 133 80 96 114 121 111 113 12 129 59 64 105 143 89 204 155 5 100 205 130 171 139 3 42 164 178 0 84 187 170 126 87 108 189 28 102 192 44 18 123 21 91 11 138 152 150 93 24 38 32 149 145 33 198 85 30 165 36 116 55 2 115 127 76 98 90 142 140 136 124 167 119 194 73 88 74 56 94 195 180 193 29 40 15 78 151 7 62 173 82 141 99 112 48 159 67 58 132 117 50 200 70 186 197 148 51 161 122 185 104 66 190 83 53 77 131 10 49 174 160 63 184 71 156 6 69 203 34 176 54 125 4 45 16 183 153 168 61 8 128 60 182 26 81 37 144 52 19 97 163 1 14 46 157 27 110 181 103 162 92 201 175 199 35 17 22 191 23 25 109 137 43 57 169 68 65 86 41 106 75 154 
TEST LEAKS 5 ARG:160 138 65 193 197 142 102 196 51 123 200 94 122 145 170 171 69 194 181 201 136 97 16 148 158 61 115 151 88 104 127 195 168 9 121 110 70 52 143 4 169 187 155 18 8 35 62 44 53 111 192 67 59 17 109 180 93 177 91 156 26 126 11 89 141 178 99 105 49 128 48 43 124 78 92 23 82 36 133 20 173 6 154 95 72 134 146 0 42 150 202 30 144 186 205 174 75 165 131 175 71 162 25 21 159 166 108 76 129 31 100 28 198 147 74 120 85 38 41 191 106 77 107 60 172 58 90 114 84 179 112 117 132 46 190 98 45 7 184 63 116 79 80 47 130 24 101 40 1 12 68 22 139 10 149 185 81 161 103 157 183 152 206 29 113 204 188 57 135 5 33 34 39 182 83 153 73 27 37 19 118 137 199 64 189 54 86 66 176 50 14 56 2 15 125 55 140 167 87 32 164 163 119 13 96 3 203 
TEST LEAKS 5 ARG:116 130 25 176 62 28 55 64 15 43 45 134 69 10 163 175 73 23 7 160 76 97 172 18 151 192 197 114 44 170 127 31 144 174 138 112 143 42 87 126 149 185 38 0 54 33 89 171 67 167 14 118 128 120 196 29 156 190 75 162 169 181 166 47 6 22 4 142 36 115 206 108 157 56 19 193 173 86 165 100 107 60 34 202 9 103 70 179 106 65 207 140 68 159 77 16 11 203 98 141 58 48 186 82 80 168 131 148 52 72 182 105 147 37 198 191 61 155 101 78 12 1 32 135 41 104 66 81 3 49 194 5 184 110 2 180 30 85 195 187 39 92 177 111 102 122 200 139 124 161 50 74 125 137 90 123 46 119 99 113 164 136 51 20 154 13 146 150 188 88 95 158 26 201 121 53 132 8 94 40 17 133 205 83 84 93 59 57 183 63 24 129 199 153 178 152 109 35 91 71 96 145 117 21 204 27 189 79 
TEST LEAKS 5 ARG:87 152 134 53 78 18 65 72 169 149 168 157 47 32 92 20 145 163 109 34 116 56 35 98 122 113 70 9 93 138 193 144 25 206 118 19 73 84 81 107 181 190 135 51 165 90 10 205 164 198 174 50 0 28 59 186 54 83 66 7 176 170 67 22 4 12 33 202 17 182 13 110 177 5 127 203 102 39 16 150 31 133 121 74 153 6 80 103 137 208 96 8 76 104 119 37 146 179 105 14 26 148 100 15 95 46 23 68 86 112 191 125 128 41 1 158 21 136 3 166 42 194 108 155 120 99 62 200 115 197 154 161 45 130 143 199 85 140 175 124 184 151 57 55 2 49 171 185 97 123 29 94 101 172 207 160 36 89 48 60 126 159 132 44 58 178 129 40 195 139 183 63 38 167 117 106 187 192 189 43 111 131 82 77 173 79 69 24 141 180 30 156 162 204 114 71 88 61 11 52 201 64 75 147 196 188 142 91 27 
TEST LEAKS 5 ARG:121 79 61 123 151 66 0 44 95 110 180 109 54 70 64 72 196 172 73 22 97 145 124 179 47 35 19 155 40 187 7 71 33 128 173 197 104 130 132 6 171 24 149 34 161 92 36 153 23 154 69 86 182 207 141 189 96 10 1 135 3 177 136 85 191 119 138 127 84 181 144 37 199 190 77 185 174 48 81 51 63 16 152 101 20 184 17 14 100 52 76 113 49 75 8 188 30 89 102 12 93 150 107 83 26 175 186 117 27 203 168 60 137 126 55 192 28 167 98 157 208 106 68 193 78 87 2 65 159 146 133 82 112 118 139 42 143 29 183 4 53 206 38 46 170 116 91 178 5 15 164 198 166 120 43 162 62 122 160 205 169 129 103 39 140 88 57 74 18 156 131 45 41 21 13 209 25 31 80 148 115 108 201 58 9 147 114 32 200 158 176 11 163 195 142 194 165 59 56 50 111 105 204 94 134 90 202 67 99 125 
TEST LEAKS 5 ARG:201 119 98 90 48 105 23 117 190 8 73 101 178 53 9 204 6 76 58 92 163 32 171 194 66 52 176 115 186 118 97 168 169 24 172 19 158 4 173 166 44 42 205 43 89 30 207 151 129 37 187 203 160 116 67 159 112 88 17 137 80 128 162 148 134 27 79 69 153 54 0 47 149 199 184 130 133 86 109 192 208 106 81 31 126 57 145 61 11 143 113 202 100 77 180 200 60 55 5 18 136 20 185 10 68 152 124 102 91 179 33 181 122 40 123 93 170 49 120 15 147 165 110 28 141 83 191 26 7 114 161 71 193 197 45 139 103 3 64 127 140 146 198 39 82 164 56 1 156 142 174 175 157 46 189 78 75 63 35 99 121 154 85 209 104 12 59 96 84 150 13 206 155 131 138 196 65 111 36 50 21 95 16 72 41 51 87 125 107 2 74 29 177 22 210 108 195 135 25 188 70 132 34 167 38 182 62 144 183 94 14 
TEST LEAKS 5 ARG:11 149 185 21 182 61 37 200 69 72 143 65 202 15 144 128 35 173 199 121 192 157 131 207 59 177 114 19 31 66 103 81 211 197 12 55 198 88 171 179 168 176 13 6 14 139 134 152 130 71 4 209 68 196 96 142 129 178 77 62 41 151 116 162 163 45 8 93 24 0 158 64 42 150 112 191 16 137 43 170 193 205 70 95 56 75 174 166 32 78 85 153 208 83 109 175 154 133 86 26 90 110 169 2 30 63 57 210 160 18 52 194 80 155 60 34 122 119 104 156 25 135 124 47 161 183 17 67 82 148 123 49 164 99 108 29 105 126 187 92 39 145 20 201 58 44 53 136 73 102 76 7 186 125 38 165 106 46 23 115 97 127 117 189 172 79 203 159 28 40 195 9 94 167 138 190 204 27 10 107 146 100 50 120 3 87 132 98 111 33 141 181 1 147 74 84 51 206 113 101 54 184 89 118 188 36 140 48 180 5 91 22 
TEST LEAKS 5 ARG:173 162 202 29 111 16 57 112 90 84 49 165 131 41 4 123 35 183 163 113 59 159 18 178 2 44 54 179 64 132 153 198 38 52 28 9 26 99 176 102 46 94 141 95 124 97 91 17 164 53 60 195 66 143 194 30 61 23 42 151 71 142 12 152 166 104 155 145 86 76 32 110 147 96 6 182 186 100 114 47 209 92 205 10 199 149 80 133 75 78 1 85 93 187 171 134 200 108 107 138 15 150 126 87 115 21 117 33 0 3 207 24 106 25 101 188 116 8 140 196 58 181 51 48 82 39 37 135 157 62 118 125 45 67 191 120 160 70 144 20 127 197 88 167 190 137 172 203 79 55 189 170 13 208 34 56 177 201 122 81 154 40 31 185 19 89 121 7 69 72 36 148 174 192 158 103 130 129 175 109 210 146 43 73 27 74 168 63 68 11 204 211 22 83 50 105 65 184 5 14 193 119 156 77 139 98 169 180 212 161 136 128 206 
TEST LEAKS 5 ARG:105 36 194 83 192 114 148 98 212 93 138 65 195 205 154 69 170 171 27 30 210 120 23 172 56 186 8 34 91 207 153 163 48 99 178 144 7 200 29 66 180 37 88 33 87 82 183 94 102 131 0 187 6 133 78 53 5 185 127 141 106 196 209 193 12 116 126 42 58 201 159 110 211 41 177 26 111 160 81 51 103 97 125 18 46 45 13 21 115 143 169 31 96 4 67 3 62 181 146 14 52 166 142 32 107 204 149 35 15 74 151 92 121 122 147 68 1 155 100 184 164 86 130 10 139 136 137 191 167 49 132 197 112 145 168 24 128 203 47 190 55 63 19 9 39 73 70 95 109 40 71 157 134 175 79 75 44 206 2 80 28 188 165 60 199 119 198 156 43 101 54 57 89 76 16 202 38 174 124 123 158 90 117 11 84 104 118 77 176 173 20 59 179 85 152 135 113 150 140 22 61 108 182 50 17 25 64 72 162 208 189 213 161 129 
TEST LEAKS 5 ARG:36 28 107 146 81 113 194 162 181 94 13 133 172 44 202 176 166 126 84 164 130 209 71 20 184 93 9 56 70 149 8 135 213 21 99 158 152 198 174 16 106 114 155 96 69 187 142 110 98 12 154 211 212 74 86 58 79 62 15 182 54 108 177 178 206 7 179 147 128 137 38 168 14 144 129 97 22 49 131 1 105 91 11 203 25 153 185 141 186 46 60 78 160 150 193 53 76 32 159 157 45 47 118 80 66 180 171 40 132 123 210 29 95 214 26 120 31 48 117 119 57 72 148 140 104 167 43 89 41 204 173 208 50 87 35 127 199 207 163 121 6 188 37 124 183 73 82 139 0 61 39 23 67 18 189 92 88 175 34 200 52 134 33 151 111 3 83 90 24 68 103 5 77 115 205 27 195 197 65 196 145 201 101 116 170 51 4 17 30 55 19 64 112 2 156 102 63 165 59 169 138 75 190 10 100 125 143 136 191 85 192 42 109 161 122 
TEST LEAKS 5 ARG:182 147 10 106 66 20 9 78 181 114 165 38 144 201 28 212 102 73 184 209 81 103 65 170 87 123 200 49 176 174 2 112 145 42 189 18 72 77 179 211 23 26 95 168 128 161 82 163 136 93 175 187 39 120 156 203 5 99 159 121 109 195 207 129 92 14 117 53 149 146 118 24 22 177 83 107 60 40 15 51 188 32 27 74 97 162 7 172 63 169 122 119 150 88 62 64 25 61 68 192 37 19 171 191 16 115 139 91 196 152 33 142 31 143 199 79 59 213 76 1 140 206 6 208 71 127 12 55 4 202 186 105 46 148 57 133 135 3 110 157 13 58 54 125 124 96 45 126 67 100 80 17 94 130 153 50 90 154 111 131 166 69 0 44 198 21 70 164 8 30 138 141 29 178 85 134 41 89 52 183 194 86 180 193 34 108 160 11 137 215 151 116 190 155 158 205 167 214 197 43 173 75 210 84 132 185 104 48 56 98 35 36 113 101 204 47 
TEST LEAKS 5 ARG:90 203 127 212 130 72 69 89 52 2 111 9 61 142 186 57 37 171 190 140 109 100 206 41 183 152 43 78 113 161 121 159 14 123 85 21 82 131 31 194 18 173 96 60 157 102 1 40 8 200 166 150 62 34 68 108 81 10 134 143 38 162 177 20 139 12 208 160 135 179 147 124 216 33 42 168 145 198 170 11 146 22 132 87 148 54 214 77 196 205 202 29 45 24 138 154 28 92 63 112 98 15 23 129 76 120 210 73 136 65 51 172 17 0 116 211 128 122 84 141 189 104 155 6 117 53 39 67 178 95 36 48 153 105 56 174 191 169 94 47 44 126 74 182 180 71 184 158 35 46 149 176 204 107 86 26 114 50 119 181 66 101 213 55 188 7 91 163 167 199 110 88 49 195 164 16 125 209 80 27 103 106 13 144 193 192 201 133 197 19 79 165 4 59 215 137 30 58 5 156 93 70 175 25 187 185 64 83 115 151 97 207 3 75 118 32 99 
TEST LEAKS 5 ARG:97 9 78 200 134 186 81 51 198 216 194 158 2 201 36 196 172 91 108 122 59 208 126 163 175 121 123 11 212 74 24 85 136 10 19 72 135 30 54 152 99 116 207 28 106 111 181 100 18 102 145 164 206 6 76 57 203 49 35 5 87 167 150 67 142 92 29 48 187 53 217 40 156 182 96 132 64 193 65 82 105 195 60 94 77 104 168 71 153 58 86 178 68 180 151 154 32 118 133 44 137 70 129 214 12 23 215 14 213 42 119 0 66 38 56 113 3 98 147 124 192 210 191 93 15 161 21 148 8 83 107 34 209 95 62 160 80 143 157 184 69 61 47 146 1 89 128 90 120 63 115 37 149 179 13 73 174 45 176 101 75 185 171 162 27 55 169 190 112 88 25 17 159 84 211 197 16 109 173 39 103 205 31 79 144 46 139 33 7 131 110 114 20 189 22 50 177 52 26 170 165 155 188 4 138 199 125 141 41 43 130 202 127 117 166 140 183 204 
TEST LEAKS 5 ARG:0 135 73 200 113 192 94 90 9 8 182 122 26 39 170 27 151 116 82 140 75 127 54 100 91 64 201 61 143 67 11 136 174 31 109 169 59 16 156 24 2 211 79 216 131 35 164 95 93 153 215 168 68 206 47 14 5 65 154 133 149 92 207 96 6 163 20 124 80 144 146 49 134 142 119 162 23 147 157 185 120 85 17 102 107 98 30 103 71 148 18 130 187 70 66 125 217 3 43 194 81 29 10 105 62 126 166 57 210 108 214 22 138 21 193 139 213 183 4 188 203 165 209 152 195 87 159 117 72 83 36 205 44 89 179 177 181 97 25 33 197 76 51 178 34 19 189 1 198 48 38 160 190 50 60 63 88 56 199 186 176 111 86 7 41 202 40 123 132 114 129 184 53 110 37 42 161 171 112 158 191 45 204 101 141 115 218 99 32 52 212 175 155 46 173 74 150 78 12 106 13 77 137 58 196 55 118 172 121 69 145 84 180 167 28 128 15 104 208 
TEST LEAKS 5 ARG:87 76 183 93 77 127 165 190 202 7 179 201 156 106 124 205 88 126 219 20 139 51 218 9 191 184 98 166 69 185 148 4 79 172 97 147 39 6 122 121 194 84 55 53 171 34 158 196 49 41 66 45 211 214 150 143 104 71 85 50 24 206 12 60 63 130 74 78 31 47 170 57 174 21 178 73 65 114 197 188 154 118 17 160 107 167 113 164 195 61 29 54 182 161 215 2 115 198 159 16 62 169 96 0 38 10 72 129 42 199 89 22 40 70 13 151 177 32 216 117 112 35 163 162 212 187 80 26 36 25 30 94 137 173 82 120 209 44 58 213 136 109 186 125 103 210 168 192 101 3 27 11 116 145 110 86 67 204 123 140 108 193 68 14 83 119 43 157 52 203 90 128 133 146 152 81 144 5 153 207 75 46 176 141 1 138 48 37 132 64 208 19 200 100 135 95 18 102 180 59 189 149 56 28 92 8 91 217 175 181 105 23 111 99 131 142 15 155 134 33 
TEST LEAKS 5 ARG:87 206 175 138 159 95 170 54 42 85 106 129 131 119 20 79 98 120 75 43 118 112 181 84 22 4 34 178 67 220 145 63 168 146 47 114 94 96 140 214 97 158 100 59 169 182 113 128 71 132 18 19 141 23 78 83 212 187 117 171 31 88 2 216 188 192 215 142 133 41 165 197 150 162 56 52 167 156 37 73 77 189 50 164 125 151 124 29 99 209 195 136 51 55 53 48 210 10 161 89 198 25 13 122 44 70 205 218 153 174 180 32 204 92 137 173 39 14 104 72 207 101 152 30 90 143 130 201 199 134 123 21 183 64 126 139 66 82 115 5 9 35 191 65 154 176 105 102 15 147 186 24 93 211 177 12 121 27 26 213 81 68 163 208 62 179 144 16 194 200 69 46 148 49 149 91 1 76 80 203 217 8 28 11 17 57 166 202 157 172 155 103 33 86 108 61 184 219 6 127 58 160 109 193 38 190 107 0 60 111 36 116 74 40 185 135 3 7 196 110 45 
TEST LEAKS 5 ARG:111 86 66 167 5 198 24 147 157 126 208 110 79 90 150 137 41 62 169 179 80 74 73 104 143 188 124 174 108 100 214 83 196 49 122 132 109 10 194 190 59 87 15 145 44 112 0 4 105 160 171 45 120 128 67 191 161 138 200 39 2 148 149 14 154 186 139 85 168 19 11 181 193 107 189 40 27 166 101 173 12 21 6 113 30 158 77 155 38 216 178 34 91 65 68 26 102 202 182 8 136 22 211 142 134 78 210 71 133 219 220 151 63 205 52 33 95 9 18 58 204 176 197 218 144 115 213 106 81 118 180 16 42 46 135 184 36 57 125 207 195 1 153 50 75 23 56 119 13 183 177 152 221 187 215 146 93 28 209 175 35 163 97 159 17 94 43 165 206 54 20 3 37 199 25 32 103 129 53 88 217 99 98 55 203 192 141 123 162 164 61 170 121 140 76 117 47 114 130 212 82 84 72 92 116 185 89 29 64 31 69 201 96 51 60 172 127 70 7 48 131 156 
TEST LEAKS 5 ARG:94 120 57 188 106 48 69 154 70 209 11 128 138 86 193 58 100 19 140 9 165 61 133 203 95 179 34 122 116 155 38 180 222 141 150 40 49 174 142 206 121 162 207 171 185 93 200 216 0 178 44 80 151 21 10 13 27 32 189 220 17 105 98 35 37 192 115 214 46 109 145 51 64 76 87 196 124 89 173 217 33 221 71 85 74 161 156 78 39 117 183 4 148 97 114 41 42 136 158 72 215 5 12 108 112 212 67 102 3 181 125 68 197 36 26 167 53 1 152 79 43 182 23 63 168 65 123 31 56 107 191 22 130 20 146 129 149 208 134 18 77 2 99 213 199 210 198 83 211 184 59 29 190 7 82 54 127 164 50 202 30 194 91 159 25 195 177 55 176 28 84 90 166 60 163 24 111 160 157 73 119 47 144 96 201 88 113 6 131 170 8 132 66 110 15 147 104 218 137 153 103 143 175 204 45 75 187 81 219 169 92 126 16 101 118 139 135 205 52 14 186 62 172 
TEST LEAKS 5 ARG:116 80 10 200 219 79 182 138 88 177 121 65 142 45 216 127 160 168 47 145 0 101 137 130 89 196 131 161 55 11 117 34 48 136 15 68 150 166 211 155 134 37 171 152 119 92 120 128 169 162 113 4 175 58 103 42 3 201 59 70 220 178 53 124 16 209 206 149 189 99 31 64 159 98 22 126 173 187 39 183 35 157 6 69 36 135 46 181 223 203 90 29 93 207 19 94 180 123 76 33 170 190 78 84 148 105 96 74 163 147 213 112 194 9 164 212 8 167 208 77 154 215 191 57 41 198 186 32 66 83 12 26 67 111 87 214 158 71 85 27 75 141 14 44 197 50 140 114 97 193 21 122 185 49 118 81 172 51 25 174 151 109 40 188 82 199 204 5 195 132 107 43 143 179 108 139 221 62 165 28 38 202 222 73 133 146 1 20 72 156 2 24 115 95 23 184 60 217 7 18 17 86 102 192 106 61 100 13 91 56 52 110 125 63 144 210 104 129 153 54 205 176 30 218 
TEST LEAKS 5 ARG:66 98 133 205 32 140 219 190 144 130 33 216 146 105 73 92 212 186 80 74 46 178 188 157 165 99 69 83 78 167 52 13 183 187 176 94 7 162 10 132 96 175 159 108 166 47 17 4 23 221 147 91 28 97 125 79 18 164 104 62 31 29 213 204 68 72 44 109 22 41 185 137 191 121 11 143 42 192 93 20 15 223 112 48 21 84 36 197 131 14 168 86 106 218 196 217 150 88 179 34 195 149 141 64 151 118 222 215 224 145 139 19 39 174 124 40 59 101 90 171 169 201 214 49 199 135 207 208 9 35 129 123 2 113 27 136 210 180 85 119 148 70 51 110 25 156 95 77 54 142 120 37 209 30 194 87 5 8 43 63 38 55 184 76 163 58 154 45 200 81 170 134 172 128 56 1 202 126 89 117 160 193 155 122 0 61 114 115 82 24 173 53 60 57 138 12 100 198 16 177 203 6 153 211 181 158 111 107 3 220 116 71 161 26 152 50 67 127 102 65 182 206 103 189 75 
TEST LEAKS 5 ARG:215 147 85 129 23 27 98 46 178 76 144 224 10 95 109 31 204 201 19 35 91 79 5 142 115 69 65 121 187 99 165 16 100 162 133 127 78 122 212 155 213 58 196 62 200 216 141 174 59 102 63 86 158 75 93 198 161 7 56 131 188 110 13 137 42 167 22 77 134 112 0 6 119 117 207 139 44 60 4 20 202 143 149 48 89 183 186 152 87 84 33 199 49 206 135 29 90 192 118 68 223 214 171 34 96 39 32 191 106 61 130 164 113 160 218 208 3 163 210 105 47 172 72 219 82 151 114 45 54 18 1 150 166 170 193 52 108 146 43 36 17 88 83 159 28 205 182 21 217 40 220 185 14 197 209 26 211 104 57 136 37 41 177 180 116 140 73 203 168 190 181 124 222 25 30 2 153 81 97 126 128 132 53 111 80 145 92 8 125 195 175 169 24 74 38 120 156 70 55 67 148 66 179 107 94 71 50 189 64 9 123 101 11 221 154 15 173 138 194 184 157 12 103 51 225 176 
TEST LEAKS 5 ARG:140 191 213 99 31 152 172 19 85 129 135 66 151 214 223 74 27 117 13 153 43 102 88 173 208 42 29 226 82 90 144 75 39 108 197 18 3 145 30 166 222 160 50 81 176 64 187 112 218 132 67 121 219 33 48 179 0 68 225 60 86 181 220 95 189 157 118 150 53 35 4 87 211 46 123 92 107 119 49 200 221 62 54 80 125 22 148 58 177 32 105 70 14 9 161 101 212 63 47 164 91 113 147 175 52 115 116 23 20 128 207 12 69 65 188 203 114 199 10 154 143 210 5 51 38 155 124 158 215 206 84 137 7 77 149 37 204 56 24 159 120 6 185 127 8 169 72 138 183 111 106 192 2 59 182 15 194 25 198 73 57 171 44 122 217 184 16 100 142 134 186 96 94 71 156 216 17 28 93 126 103 180 97 167 76 170 89 162 209 202 40 195 78 61 139 196 110 109 11 205 79 55 201 131 178 36 21 136 1 190 98 174 165 224 26 133 130 34 41 168 193 104 83 141 146 163 45 
TEST LEAKS 5 ARG:166 11 105 14 87 143 75 78 81 84 195 17 152 161 187 8 144 118 204 101 226 35 56 12 174 77 33 158 32 135 197 194 3 106 165 93 55 193 99 215 205 122 43 198 127 82 67 72 134 114 31 183 130 153 109 47 85 46 151 219 221 178 218 100 170 146 176 61 62 60 76 184 39 220 37 89 18 50 129 145 79 38 6 200 70 167 188 73 227 217 216 69 208 155 180 28 138 30 154 168 36 83 214 92 86 51 115 34 111 123 98 90 196 142 27 23 186 66 182 120 137 201 4 94 179 213 24 164 190 156 172 26 121 210 48 104 9 74 116 19 126 40 44 80 45 41 103 91 136 95 206 42 192 171 131 125 199 64 1 2 191 107 148 209 124 222 223 224 212 97 65 5 162 15 147 88 202 59 57 189 52 133 150 225 22 128 163 29 13 53 119 113 110 160 139 54 141 68 149 173 63 117 203 0 25 157 20 112 177 96 108 181 102 7 169 132 58 71 159 49 175 185 16 140 211 10 21 207 
TEST LEAKS 5 ARG:105 79 141 52 89 191 206 3 17 12 22 128 186 94 197 181 142 194 15 184 51 68 64 39 190 182 76 175 87 29 158 163 6 65 193 30 74 84 117 73 215 115 153 204 132 1 19 63 156 60 16 166 66 114 7 171 185 207 138 0 221 97 8 106 149 95 127 220 222 161 10 71 137 111 180 33 226 72 219 18 119 125 210 11 121 209 70 86 102 96 45 100 40 146 187 24 44 62 41 150 168 224 135 140 202 32 59 67 183 192 118 31 27 195 148 20 93 55 159 112 214 169 75 147 172 160 120 223 43 200 104 124 134 196 82 88 155 54 23 139 46 208 91 170 176 126 165 42 211 77 177 37 49 9 2 216 103 174 53 203 28 162 61 129 98 130 227 154 25 212 50 122 108 164 92 69 35 99 217 179 228 151 101 26 189 173 78 36 4 113 116 131 21 133 56 199 123 205 57 58 109 198 143 218 81 213 85 80 107 34 5 47 178 144 83 136 145 157 48 38 167 152 201 13 90 188 110 225 14 
TEST LEAKS 5 ARG:158 191 50 212 151 217 138 228 64 87 104 71 126 226 229 7 202 88 205 134 216 92 185 93 121 139 26 2 153 150 28 0 220 176 161 117 169 4 219 170 162 25 27 53 96 123 41 221 46 91 18 19 181 211 208 114 141 97 155 17 23 8 80 124 43 160 200 94 55 70 42 9 210 225 166 213 194 100 61 193 199 44 122 30 174 49 76 82 133 127 20 180 85 22 192 5 33 182 167 223 12 35 154 172 204 168 196 16 90 13 102 144 218 142 59 51 32 68 110 187 203 98 112 47 60 52 137 116 178 21 197 75 38 145 206 111 56 119 3 215 73 45 135 129 131 146 10 186 171 89 24 157 15 54 106 156 14 179 72 1 222 39 86 108 109 143 6 107 173 227 77 140 115 63 101 195 177 74 11 132 189 184 57 58 81 164 224 99 163 118 149 198 209 214 84 130 188 201 190 29 31 48 113 207 69 159 65 103 79 183 34 37 165 136 147 36 66 67 83 78 105 148 152 40 125 62 128 95 175 120 
TEST LEAKS 5 ARG:56 22 62 39 25 219 191 8 230 136 103 50 110 69 128 179 187 205 210 12 84 220 150 73 218 120 148 123 26 100 184 75 225 147 192 20 160 129 216 180 182 14 54 135 213 74 168 19 178 21 93 173 165 197 104 206 151 116 224 154 202 57 229 139 83 143 203 79 215 138 185 134 78 125 0 63 4 226 169 64 132 161 223 172 97 43 13 88 53 140 71 163 92 51 166 113 114 23 164 34 105 194 167 35 190 5 16 98 42 195 40 175 46 127 59 157 37 228 214 11 188 130 208 181 124 29 111 36 107 77 101 162 198 82 106 7 44 38 87 49 177 109 155 85 145 94 112 196 176 28 158 149 217 70 142 3 1 55 52 118 174 18 80 66 58 156 30 95 33 32 189 76 199 115 221 122 171 108 200 90 222 141 159 211 31 126 152 99 186 45 6 47 137 146 170 15 193 201 72 41 67 65 27 209 91 68 204 227 2 183 133 96 10 121 81 102 153 131 212 117 9 17 24 61 89 207 60 48 119 144 86 
TEST LEAKS 5 ARG:152 66 93 27 84 137 50 229 28 9 213 230 65 196 178 48 92 223 172 153 40 139 13 26 18 184 195 104 122 204 21 8 159 123 207 99 160 222 87 79 218 130 201 36 96 108 167 127 43 59 202 68 106 60 23 134 156 187 95 143 47 64 174 189 67 177 147 94 228 199 206 150 190 215 20 32 126 91 186 217 120 25 203 212 219 58 191 39 179 52 142 102 31 165 38 121 61 44 154 146 111 125 214 182 7 81 57 117 216 220 194 116 224 164 226 51 70 22 88 119 63 155 0 16 145 41 56 110 176 200 17 80 118 54 72 75 19 128 71 198 115 124 210 49 205 151 98 109 105 140 132 197 89 37 46 45 158 169 10 69 83 35 162 112 103 76 42 97 209 141 2 166 86 3 33 4 85 180 192 62 114 15 185 157 208 131 90 193 211 129 24 74 100 113 77 78 181 149 163 138 14 227 173 188 161 11 175 225 168 5 133 82 135 171 1 144 30 221 29 53 55 73 183 34 170 148 136 101 107 231 6 12 
TEST LEAKS 5 ARG:194 34 165 164 214 96 195 147 71 33 155 108 65 116 60 160 205 95 106 64 59 187 161 76 38 121 215 151 57 134 181 203 26 189 36 197 191 123 97 44 222 24 150 153 141 39 137 58 91 98 118 45 132 25 114 144 82 72 230 5 47 196 206 73 227 14 208 19 29 179 169 201 40 77 86 177 125 156 54 110 68 109 204 32 92 12 146 46 130 136 41 63 183 171 105 143 31 49 145 85 223 4 217 200 70 10 126 213 127 173 9 149 119 93 190 52 212 20 90 7 198 131 6 193 100 172 221 56 142 224 17 124 103 62 154 43 226 219 216 3 55 53 94 113 102 178 209 167 211 186 27 115 199 80 148 11 159 16 210 120 180 51 75 228 84 67 202 229 28 79 30 162 129 175 157 22 88 218 101 220 117 15 89 139 111 104 48 182 207 78 66 225 107 135 81 0 50 185 42 112 138 133 163 152 18 166 128 140 35 122 23 232 176 170 168 13 87 2 231 69 8 61 99 83 74 158 174 1 37 188 192 184 21 
TEST LEAKS 5 ARG:4 216 227 65 212 116 206 168 167 20 29 25 187 40 98 75 157 210 119 179 67 170 85 131 140 71 153 133 92 225 135 55 112 9 190 137 208 219 81 13 197 188 78 5 209 91 12 186 171 148 88 222 33 63 231 163 69 199 193 57 11 232 175 82 23 224 213 110 211 70 173 150 89 38 64 93 214 177 162 154 27 61 115 32 218 108 79 18 230 74 52 204 178 151 86 185 59 1 165 45 152 129 122 189 96 120 53 200 14 24 223 198 8 34 39 17 56 141 221 42 113 37 104 169 196 95 184 28 233 207 229 7 19 62 159 84 111 76 94 66 47 143 109 220 3 21 15 172 97 46 101 166 80 174 195 90 60 31 54 6 191 123 43 201 147 48 164 22 99 205 26 217 117 160 132 161 73 155 149 139 146 215 202 180 125 0 41 44 128 16 58 176 183 114 30 127 106 182 102 10 203 100 87 142 194 72 49 107 136 77 50 51 138 36 144 228 158 181 130 226 103 126 118 121 134 83 124 68 156 192 105 35 145 2 
TEST LEAKS 5 ARG:194 208 145 182 193 60 198 16 100 104 172 20 223 225 192 106 195 188 206 95 227 74 189 180 178 148 161 184 11 84 25 114 14 66 116 56 149 117 216 13 155 75 142 211 41 140 126 134 154 201 55 205 196 39 101 71 173 98 190 230 215 103 144 17 65 169 214 29 121 209 183 159 7 119 4 219 160 109 37 133 132 212 50 127 137 90 86 73 49 70 170 62 76 72 165 167 64 80 108 136 63 153 202 85 93 199 87 40 181 83 204 141 9 164 179 26 158 42 187 23 58 139 171 210 52 129 112 59 162 27 6 231 57 138 24 177 2 207 220 228 224 51 18 46 157 47 143 38 135 28 110 53 96 48 166 33 115 82 120 12 118 32 113 68 186 105 156 81 213 19 89 221 44 125 197 163 176 146 147 3 217 175 92 174 107 77 10 128 45 78 5 97 99 229 218 124 151 130 200 88 67 36 61 1 21 0 203 226 185 22 131 123 234 152 111 31 35 102 54 91 15 233 232 43 222 79 30 191 8 168 122 150 69 34 94 
TEST LEAKS 5 ARG:194 94 223 92 214 151 143 129 233 80 190 226 16 200 185 105 66 34 193 181 112 41 153 123 213 159 201 26 134 175 110 217 52 76 172 102 91 6 35 59 24 25 168 32 222 100 138 230 188 209 7 228 145 150 38 148 199 14 37 183 101 147 54 165 117 87 67 203 224 121 206 10 93 216 130 4 15 131 40 75 177 231 90 171 212 103 132 31 115 99 128 50 229 84 235 106 140 42 43 70 182 196 198 111 124 125 13 197 104 234 48 17 2 179 64 186 11 120 215 218 119 163 61 57 47 108 173 30 1 136 73 160 225 210 191 27 81 107 232 204 45 97 189 33 23 19 12 220 65 152 82 187 46 83 96 114 192 18 3 68 133 21 195 156 146 170 184 58 71 85 20 22 86 95 118 55 49 88 208 149 157 72 211 178 74 155 44 161 77 109 169 205 154 122 0 158 78 202 139 144 39 221 8 164 127 29 28 227 174 135 36 53 60 219 180 69 116 51 207 56 9 89 62 113 126 142 176 63 98 141 166 5 137 162 79 167 
TEST LEAKS 5 ARG:86 89 38 234 225 11 185 106 43 227 189 231 174 125 31 233 103 22 19 184 66 123 97 157 138 221 21 154 61 20 151 141 15 55 6 158 118 17 205 167 113 121 5 128 30 139 146 69 142 148 117 65 68 56 215 78 206 162 140 94 198 54 147 104 13 4 24 229 63 173 99 35 27 196 114 165 2 76 168 14 126 80 186 82 84 169 195 93 9 204 188 218 120 166 45 129 16 156 90 183 108 37 112 18 75 96 187 207 216 211 230 95 87 213 223 201 8 191 107 111 163 155 57 44 135 25 26 3 217 153 160 179 70 115 72 41 192 164 171 181 39 220 197 49 67 33 144 133 202 98 83 193 172 28 74 110 224 91 92 150 232 182 127 77 159 119 130 109 149 208 64 137 176 102 23 48 60 177 161 199 190 209 7 122 180 88 62 131 53 116 200 79 47 226 212 203 152 214 134 228 143 51 175 194 81 36 101 40 210 136 145 12 0 73 222 32 235 50 1 170 52 132 59 71 42 178 100 236 29 219 46 34 124 85 105 10 58 
TEST LEAKS 5 ARG:100 198 63 126 149 92 73 107 79 9 38 84 37 18 190 208 85 197 229 42 210 72 64 203 179 2 88 77 153 81 188 193 184 27 137 123 207 16 23 133 47 76 41 114 139 178 144 1 30 231 175 95 65 167 86 226 13 111 165 141 26 52 129 169 218 151 185 104 221 82 39 162 209 170 103 160 192 5 29 116 15 24 132 17 173 66 225 237 75 152 44 134 54 204 161 48 61 32 94 40 187 130 83 146 214 112 56 213 58 145 216 122 113 60 121 164 163 34 45 71 159 118 183 78 11 150 168 155 138 59 211 69 201 115 182 117 109 202 217 166 51 93 140 215 20 8 148 98 22 191 186 97 180 181 31 6 196 199 124 234 0 230 110 106 154 220 200 171 105 50 46 157 7 14 235 158 125 49 189 223 70 101 236 177 57 205 96 135 43 219 127 33 28 233 212 74 55 147 143 68 21 80 156 10 91 35 206 19 12 232 142 194 222 25 3 176 53 227 4 195 90 120 224 228 67 128 119 131 108 99 172 87 36 102 62 89 174 136 
TEST LEAKS 5 ARG:123 98 151 88 237 47 213 108 85 71 165 182 231 214 223 28 158 191 86 41 125 161 194 58 104 131 52 65 62 146 210 39 136 224 113 120 91 138 200 5 173 15 153 76 183 67 42 211 87 133 44 181 167 12 129 154 117 212 203 228 18 215 48 205 157 80 140 150 40 197 177 174 226 156 32 77 155 1 29 57 116 20 160 218 99 72 195 232 30 149 164 19 103 134 73 221 4 225 51 49 37 128 84 35 166 92 196 6 93 61 230 189 159 13 111 229 192 46 75 27 50 121 137 107 68 16 148 207 110 202 135 11 208 198 26 185 216 22 90 219 60 9 7 118 17 222 122 14 209 199 169 23 206 227 66 25 114 147 124 112 96 233 236 162 132 235 43 94 21 24 180 119 234 63 97 34 175 171 186 59 184 109 95 74 78 142 55 45 190 179 144 106 3 127 79 31 139 178 100 54 187 115 69 36 238 204 220 105 193 152 102 172 53 56 81 64 145 0 33 217 170 163 82 2 201 38 176 8 143 126 101 10 70 130 83 89 168 188 141 
TEST LEAKS 5 ARG:154 92 230 15 146 51 35 29 50 175 47 239 194 97 65 126 7 145 155 183 31 130 216 101 236 64 40 42 87 157 58 219 37 41 116 181 11 177 224 82 147 139 73 167 142 79 141 96 221 189 25 179 46 71 119 136 85 104 162 74 77 60 63 24 81 131 18 204 68 143 201 105 222 33 72 32 234 57 19 225 2 238 211 34 185 209 103 232 80 163 78 193 184 127 129 203 93 10 229 140 95 108 112 214 91 161 198 134 151 215 223 138 210 115 26 70 110 120 67 5 99 48 182 153 150 75 156 86 169 190 109 100 114 173 212 159 124 152 102 226 170 174 220 205 55 132 61 133 188 228 172 45 9 164 6 89 14 121 213 160 21 199 218 1 20 168 149 125 59 191 4 88 122 148 13 98 192 12 27 180 62 54 231 111 176 227 128 144 106 56 196 36 43 52 118 207 158 69 30 84 237 90 123 197 8 206 94 233 44 17 187 66 23 107 76 235 117 217 16 171 208 135 186 113 53 83 0 39 137 22 3 202 166 200 178 195 165 49 38 28 
TEST LEAKS 5 ARG:102 82 208 55 76 236 210 137 11 166 240 40 62 115 202 0 156 14 128 133 88 187 198 74 101 65 178 151 136 188 53 183 43 162 234 132 154 204 13 122 194 100 77 1 70 10 41 138 48 23 69 75 112 214 235 109 87 139 232 160 200 114 155 169 167 92 190 104 175 199 33 90 182 9 80 37 126 180 134 81 150 4 19 119 91 63 57 42 6 27 68 239 29 106 168 61 226 207 203 7 231 26 179 174 213 38 111 21 146 233 56 89 67 209 143 64 32 83 171 173 229 18 216 8 99 165 107 186 164 22 205 16 131 141 230 140 36 95 3 163 34 110 124 54 142 17 196 135 2 5 117 49 195 158 85 221 123 192 72 79 197 51 113 177 218 184 94 50 97 212 172 93 47 24 73 215 71 105 28 116 103 170 219 66 120 144 147 20 181 152 96 153 130 127 118 159 161 45 78 86 35 193 58 189 12 30 228 225 227 157 211 125 52 220 237 223 31 84 15 46 98 129 217 148 238 145 224 59 39 60 25 222 201 185 121 206 44 191 176 108 149 
TEST LEAKS 5 ARG:55 32 109 155 163 194 29 125 7 108 150 122 12 124 19 60 142 136 74 131 75 223 123 180 30 228 66 49 84 231 88 153 210 162 238 179 146 22 141 103 65 107 101 110 219 105 161 205 177 139 213 36 3 6 121 235 208 26 225 217 112 204 83 51 17 168 192 94 137 14 138 73 80 102 91 116 2 33 154 239 128 24 93 237 152 114 120 164 191 129 144 5 41 67 212 132 224 44 42 232 92 181 170 23 214 77 47 172 143 189 133 45 198 199 53 118 176 111 201 173 99 52 207 209 70 236 40 13 233 151 64 148 211 81 130 216 39 50 62 145 71 46 38 35 127 159 27 165 82 175 89 28 215 193 202 31 134 226 76 98 183 119 57 140 196 18 48 147 20 156 200 234 182 63 167 9 54 37 186 15 185 10 218 21 85 72 222 184 95 227 149 174 8 178 1 158 126 100 11 241 61 230 203 220 56 68 90 79 25 16 59 0 78 169 197 195 187 188 221 106 240 117 87 104 4 96 58 69 229 34 97 160 166 171 135 190 115 43 113 206 157 86 
TEST LEAKS 5 ARG:125 145 137 94 131 205 236 27 118 199 100 71 93 111 135 18 222 42 105 52 69 85 6 207 12 86 82 156 39 211 240 117 169 201 40 144 14 133 126 158 59 214 4 64 121 233 48 150 92 223 195 30 102 152 138 192 155 72 226 185 206 161 130 75 191 57 187 11 20 229 19 24 79 212 204 142 108 89 65 196 210 119 120 26 200 173 216 127 54 60 49 45 237 203 179 180 189 107 114 221 90 182 61 10 232 146 56 44 33 38 0 174 63 215 128 194 227 148 224 197 136 116 43 198 51 28 110 96 188 37 213 73 9 87 25 225 219 35 115 58 97 88 106 109 172 184 50 103 164 162 166 238 129 47 41 17 218 77 168 83 151 178 5 112 98 36 139 239 170 55 62 1 231 176 163 74 175 123 235 76 80 183 68 159 91 220 143 67 124 31 15 32 66 208 157 23 230 181 171 153 81 193 209 122 217 53 234 84 186 241 190 141 228 70 8 132 134 160 46 3 95 16 154 104 22 147 101 29 2 165 13 167 242 177 140 7 21 149 78 34 99 202 113 
TEST LEAKS 5 ARG:221 238 25 146 22 56 0 119 96 105 131 170 187 140 45 63 239 102 215 13 243 88 197 8 97 10 165 234 50 70 95 206 208 93 43 120 76 186 94 223 65 77 3 218 19 237 124 37 163 200 125 68 2 178 18 91 136 169 73 233 145 64 103 211 7 81 189 156 164 205 27 188 222 11 139 47 184 99 228 107 82 86 227 210 5 66 52 17 49 157 98 100 36 151 142 194 24 153 38 114 209 226 240 71 42 224 128 235 34 207 166 92 190 54 231 230 161 195 203 89 48 179 84 134 111 108 172 199 31 113 122 174 101 59 180 219 127 55 225 148 44 182 192 212 75 4 175 168 154 121 155 112 23 26 214 123 232 160 15 185 177 62 191 137 159 116 198 57 196 40 193 80 16 90 67 78 106 79 104 183 216 29 115 74 141 241 220 162 110 58 32 173 85 150 9 41 129 176 181 28 118 39 14 236 53 83 1 61 51 217 242 69 109 171 135 87 201 204 144 20 213 229 158 21 147 167 72 126 35 30 33 152 130 149 138 133 202 60 6 46 12 132 143 117 
TEST LEAKS 5 ARG:141 222 39 213 196 208 24 216 124 159 43 59 228 203 158 236 135 123 136 1 233 7 102 150 238 167 142 211 145 75 147 217 152 143 30 184 31 209 92 23 104 106 50 26 11 166 109 71 242 168 127 51 107 99 68 188 132 47 140 191 96 126 170 128 227 130 64 182 76 219 57 137 220 84 77 89 8 73 164 151 133 32 160 173 62 210 79 117 94 172 53 41 19 195 229 122 20 187 103 5 155 45 183 225 243 131 148 72 66 198 204 28 97 21 149 29 237 83 88 199 12 190 134 63 108 212 215 178 239 207 74 224 138 9 14 240 113 42 44 54 17 165 3 144 78 60 65 157 206 139 4 48 10 86 81 235 22 162 69 231 161 110 112 46 232 115 36 34 125 179 33 40 205 101 194 218 116 177 118 181 176 35 153 98 6 49 120 15 61 223 241 93 13 80 56 114 58 52 119 0 87 129 214 180 25 244 95 202 185 186 189 221 55 100 70 197 175 201 174 234 85 90 156 171 67 230 82 169 193 154 27 146 2 18 200 105 38 121 111 226 192 37 16 163 91 
TEST LEAKS 5 ARG:193 85 173 207 96 153 121 54 64 13 167 206 218 223 82 35 200 149 120 112 122 199 240 196 143 59 134 214 162 91 37 33 52 163 172 102 20 139 89 61 7 130 236 131 38 179 178 183 141 14 101 190 188 22 124 5 113 41 129 213 187 210 65 60 138 195 114 222 105 235 174 219 161 79 185 175 192 115 107 234 78 159 116 90 40 241 203 51 26 6 197 46 47 144 104 119 182 201 95 127 17 67 160 72 8 49 158 148 32 103 232 81 12 117 217 0 224 87 194 186 45 233 132 118 166 245 23 220 184 50 242 150 57 209 2 75 63 3 239 169 84 21 136 100 151 86 168 126 133 244 53 30 34 10 74 66 76 29 69 123 137 212 71 243 157 106 215 80 152 202 44 1 156 42 109 227 225 147 11 170 142 68 231 43 31 198 24 19 228 48 98 154 73 140 36 176 58 93 230 99 28 221 25 97 70 205 111 55 15 145 211 155 56 88 9 181 92 171 216 189 229 237 191 128 77 165 18 27 108 62 16 125 110 208 238 83 146 94 135 180 4 226 177 39 204 164 
TEST LEAKS 5 ARG:112 9 193 101 120 230 50 197 24 64 195 179 107 157 5 191 33 133 99 38 44 234 98 155 92 70 244 154 87 37 90 236 34 113 143 201 214 194 93 96 41 7 190 175 85 196 188 35 6 3 238 189 111 169 8 25 186 211 77 233 140 241 69 123 86 205 103 226 56 1 185 207 141 48 127 147 166 231 151 30 208 43 159 83 78 79 91 224 106 243 125 165 135 52 239 152 17 62 39 223 228 161 204 116 150 81 58 27 109 148 45 121 187 54 100 202 218 19 220 104 28 0 74 49 73 65 136 162 76 174 51 117 213 219 122 66 20 134 160 168 216 128 71 118 149 240 172 53 46 246 198 13 60 80 75 22 192 139 94 170 171 210 203 15 36 156 184 138 182 63 10 173 2 131 16 145 137 245 84 158 47 129 177 215 209 229 102 26 40 119 242 199 164 126 142 225 59 221 237 55 206 32 217 115 130 153 88 146 212 183 163 132 232 235 181 82 144 114 68 29 167 18 12 11 110 124 61 222 95 42 4 178 31 108 72 23 21 200 89 105 97 57 176 180 14 227 67 
TEST LEAKS 5 ARG:49 196 99 53 127 34 143 118 186 45 39 112 111 161 35 117 165 225 122 22 59 198 129 177 125 31 137 215 23 75 141 24 201 173 42 8 145 81 78 33 149 101 191 157 202 61 212 139 37 25 93 155 233 128 199 203 92 40 152 124 96 58 16 197 192 20 167 163 121 156 234 244 4 115 57 204 108 3 17 116 69 218 89 32 187 228 219 48 222 119 77 146 100 21 208 209 63 148 82 60 87 28 120 18 170 74 134 223 174 91 135 76 27 180 47 245 206 188 224 73 153 169 189 182 9 243 238 67 230 217 113 136 200 65 179 160 11 44 66 216 64 151 168 1 106 98 132 41 162 56 247 171 71 158 14 181 104 131 207 241 235 38 72 140 144 239 231 84 86 88 105 36 70 185 246 30 195 193 220 90 102 210 103 242 194 154 211 26 109 79 114 236 159 50 213 7 54 232 46 164 13 147 237 221 123 172 183 150 214 97 130 176 107 55 133 15 29 85 10 68 240 43 19 2 51 166 229 205 126 142 12 190 138 52 94 62 227 6 5 80 110 175 178 184 226 83 95 0 
TEST LEAKS 5 ARG:212 156 238 143 128 210 52 5 50 36 35 62 244 118 110 158 71 81 59 116 171 38 123 126 191 76 224 2 113 178 111 27 223 56 86 122 183 33 72 129 97 226 48 248 84 22 172 124 188 194 92 167 180 10 201 7 208 165 93 31 43 13 100 28 192 213 203 200 234 205 136 145 195 142 153 98 242 4 231 175 204 209 58 169 132 202 83 125 37 104 187 221 121 177 184 65 102 26 138 47 44 74 63 237 1 160 240 170 139 24 30 29 120 173 117 8 230 87 135 149 133 75 146 245 163 25 162 39 95 179 157 9 181 91 0 19 137 217 55 99 220 88 23 90 12 57 20 6 236 11 246 85 182 18 42 222 127 103 141 225 154 233 134 82 106 159 79 198 64 77 70 216 73 40 107 219 67 151 131 108 114 176 119 235 14 241 229 197 101 66 207 185 68 112 228 218 189 214 193 190 144 232 168 215 199 45 161 247 147 155 17 174 46 239 51 89 243 109 32 148 96 3 166 150 16 60 105 130 186 227 78 211 196 54 69 94 34 61 15 80 152 21 206 115 164 140 53 49 41 
TEST LEAKS 5 ARG:184 217 159 42 33 139 104 145 27 114 151 23 52 36 13 46 85 20 106 54 60 105 32 179 132 55 216 51 231 110 11 167 155 229 164 169 87 19 78 35 156 117 182 128 142 246 215 192 147 166 236 170 9 178 249 232 230 143 126 172 3 56 176 187 174 140 73 220 243 113 203 191 196 208 123 149 8 48 212 199 1 211 76 161 18 40 10 141 109 96 218 22 136 71 49 130 157 83 188 111 180 152 77 47 129 248 89 44 193 198 101 50 181 223 70 59 195 239 160 197 228 66 185 69 98 74 183 41 127 6 213 189 175 58 0 57 241 4 81 227 207 79 88 134 125 82 100 21 171 68 86 186 30 61 80 65 247 148 209 234 238 210 7 245 31 90 154 17 108 63 93 38 28 95 102 221 235 53 244 144 24 84 26 119 120 5 118 39 37 29 190 135 115 45 162 137 204 200 165 124 16 62 15 75 240 150 177 206 64 233 116 97 131 121 202 146 94 133 219 237 201 158 91 168 72 103 2 112 194 99 107 92 25 12 67 205 173 153 14 242 225 224 138 226 163 43 222 122 214 34 
TEST LEAKS 5 ARG:55 204 123 167 182 61 12 18 138 16 222 112 52 91 246 34 176 101 124 21 57 45 215 31 244 87 133 47 136 150 209 205 24 249 104 168 32 146 114 95 38 214 120 6 11 0 223 68 160 144 236 178 111 158 29 125 245 84 170 180 240 122 59 162 10 81 22 230 154 213 193 228 250 142 15 60 121 63 166 83 93 171 206 53 164 243 69 56 42 189 14 3 185 19 28 128 8 97 35 66 190 153 2 102 181 203 105 108 23 235 239 51 90 156 135 106 210 221 77 197 165 46 115 229 71 129 211 179 49 109 88 152 234 149 195 201 233 216 188 94 67 116 183 9 226 207 75 5 20 65 219 43 7 163 33 99 192 48 196 119 17 174 92 169 148 117 159 227 1 58 118 62 132 238 194 173 27 4 143 191 212 175 217 72 36 140 198 186 70 134 172 89 82 200 202 127 157 85 39 137 242 100 161 113 110 218 40 241 98 130 220 80 78 231 151 145 107 199 25 208 187 232 103 30 76 44 37 96 147 41 50 13 237 247 155 184 26 74 64 177 225 54 131 73 79 86 141 248 139 126 224 
TEST LEAKS 5 ARG:50 243 94 131 144 104 175 59 62 70 93 172 9 30 158 128 222 17 53 119 15 136 230 10 244 69 99 223 133 130 205 78 110 177 168 147 234 134 29 206 251 31 100 60 169 150 225 35 250 143 68 123 95 7 195 12 76 24 72 103 141 164 233 197 201 21 239 41 118 196 214 116 46 160 124 8 232 22 235 91 231 96 155 90 203 57 242 161 229 80 152 170 84 220 16 71 238 165 86 163 79 109 173 48 0 11 240 81 178 67 106 40 33 151 249 25 149 2 199 241 113 208 184 97 140 221 138 64 228 217 75 215 129 194 210 45 248 246 142 186 198 38 154 77 211 174 28 180 213 204 111 139 56 121 188 52 167 105 88 66 181 73 3 23 237 1 192 102 6 218 114 83 49 125 132 101 63 127 212 92 18 42 162 61 200 115 146 85 74 226 87 36 159 156 216 137 19 187 47 107 117 148 190 55 247 182 39 14 58 4 245 236 65 157 153 179 108 98 166 26 20 89 227 135 82 191 5 43 54 219 209 34 193 122 189 185 183 126 44 224 207 37 112 176 120 171 27 51 202 32 145 13 
TEST LEAKS 5 ARG:117 145 113 111 33 226 73 205 32 37 225 5 156 125 95 18 56 68 7 137 43 22 85 91 28 70 88 115 9 79 179 168 84 128 152 191 235 217 82 51 213 98 240 122 65 39 124 1 76 64 116 245 177 63 99 188 169 100 49 149 134 119 166 26 114 67 23 123 41 218 167 36 54 121 130 172 0 190 232 173 141 118 132 211 228 142 242 106 31 247 210 207 198 202 147 144 101 193 14 224 48 154 45 214 165 220 233 29 12 221 55 126 57 185 27 53 86 75 197 209 194 187 163 234 81 8 239 10 143 153 87 50 146 199 138 136 38 90 35 230 13 196 236 206 47 237 248 94 30 201 219 127 135 15 62 60 120 222 243 61 103 83 162 231 110 59 174 2 195 150 21 16 52 203 69 227 184 97 34 107 19 186 74 178 164 109 131 216 208 129 96 139 105 176 180 112 246 189 108 204 155 215 17 160 200 171 133 6 140 175 104 78 24 92 170 250 229 183 212 25 46 251 161 40 44 89 3 77 148 4 223 58 182 241 244 181 93 238 20 71 252 42 151 80 158 72 192 249 157 102 11 66 159 
TEST LEAKS 5 ARG:205 215 166 221 18 183 61 201 118 210 103 99 38 140 53 137 59 250 62 176 87 123 190 114 246 21 236 95 120 239 82 121 24 212 32 224 119 94 65 179 214 181 58 230 20 10 11 169 29 241 206 43 178 6 69 133 209 182 191 39 142 228 185 249 4 130 92 174 180 141 238 47 66 158 12 146 129 51 73 192 251 86 235 101 16 219 3 42 111 46 226 35 63 152 14 231 234 41 52 110 109 197 40 88 102 116 34 240 64 163 171 77 168 131 232 218 26 217 19 45 72 242 89 156 167 2 100 139 127 134 188 245 57 170 17 247 248 225 128 136 98 155 78 159 54 84 56 49 113 177 22 233 70 244 208 189 184 211 124 227 161 67 213 164 157 76 8 160 193 125 30 50 135 243 199 150 60 216 44 202 229 200 186 25 74 162 108 1 83 204 81 80 23 147 144 196 0 37 148 198 187 132 253 207 7 13 203 122 194 145 112 173 220 28 27 153 252 36 15 85 105 90 222 71 175 97 138 115 93 68 96 48 223 237 126 172 5 143 151 195 31 107 154 149 91 117 165 106 104 75 33 79 9 55 
TEST LEAKS 5 ARG:201 254 134 121 227 186 63 130 76 173 28 159 52 232 195 53 144 32 9 218 212 75 54 188 237 16 103 206 92 246 168 174 180 123 137 189 17 244 40 155 251 192 112 133 197 24 142 226 126 184 66 234 175 62 56 55 49 19 125 176 118 41 119 213 163 36 170 5 50 18 193 207 166 44 194 4 221 1 88 81 250 64 190 209 48 165 74 87 172 120 11 161 124 31 198 27 34 39 241 200 12 243 111 93 132 239 96 199 23 35 139 128 110 13 33 233 82 69 30 238 51 101 45 177 6 222 21 106 61 72 210 164 80 220 156 84 182 178 46 183 162 42 196 245 94 116 98 131 22 100 145 149 15 43 252 240 127 8 158 65 0 214 228 136 191 205 223 160 225 187 108 68 148 59 90 135 216 211 14 107 185 129 169 97 153 20 104 77 249 70 95 71 86 7 10 141 217 146 85 83 215 79 224 99 25 154 202 179 105 143 248 91 3 73 2 78 117 171 181 102 60 115 253 235 167 203 152 89 230 219 26 58 113 109 67 38 151 236 157 231 122 37 57 138 47 204 229 29 208 247 242 114 147 150 140 
TEST LEAKS 5 ARG:178 195 226 26 65 196 231 7 213 181 245 73 140 75 100 200 136 29 43 203 22 154 242 69 108 153 13 157 98 241 15 141 70 249 158 36 254 189 185 139 162 4 171 63 5 190 110 114 176 32 198 61 211 59 86 217 219 74 127 235 237 144 47 135 170 179 164 104 96 1 199 82 92 208 130 50 209 39 12 240 125 128 41 194 143 184 182 121 54 210 252 51 122 116 212 234 129 67 28 93 151 169 134 201 163 126 174 23 248 87 146 56 52 132 80 188 244 113 166 160 236 91 238 66 214 148 233 21 97 111 6 177 83 253 2 180 79 202 27 225 90 62 142 112 103 246 165 40 207 187 16 223 8 71 123 232 243 133 131 152 118 120 25 34 49 18 218 101 216 48 138 105 42 9 247 124 46 30 37 172 64 55 17 204 58 31 183 156 227 193 239 145 250 68 147 109 53 44 159 186 255 197 94 106 33 38 20 228 221 168 24 222 229 10 149 137 77 78 191 167 115 192 84 161 220 88 72 35 45 155 19 11 251 107 76 119 206 173 57 95 89 117 230 215 150 60 175 81 3 85 102 205 14 224 0 99 
TEST LEAKS 5 ARG:97 23 82 244 76 102 45 148 16 87 218 3 40 116 187 89 169 251 66 99 62 77 160 180 103 37 35 208 217 136 33 81 31 63 88 224 94 43 95 59 170 115 67 177 189 147 36 158 65 110 186 157 90 153 1 26 34 220 7 143 201 230 250 235 38 114 172 163 120 50 249 57 246 134 5 55 135 200 75 113 211 68 44 47 108 162 156 56 85 254 86 92 193 176 185 152 18 98 42 219 119 225 101 229 205 166 124 39 24 240 184 53 32 8 79 248 93 237 140 133 214 241 253 122 178 233 0 131 164 203 121 14 188 19 13 154 78 168 20 204 209 161 83 111 165 159 210 10 179 221 100 196 9 146 216 223 48 142 70 247 58 109 183 69 117 51 91 41 171 174 80 144 72 202 30 52 126 2 243 132 112 195 139 46 129 207 22 198 190 4 197 155 15 222 64 125 232 167 17 127 128 27 12 236 227 6 212 191 239 130 173 141 238 49 255 28 215 145 71 84 138 105 25 106 137 231 54 96 107 228 104 234 149 252 206 226 118 256 151 61 245 242 199 194 150 213 29 182 74 192 175 21 73 11 123 181 60 
TEST LEAKS 5 ARG:19 42 221 119 208 206 105 162 250 101 60 52 252 116 194 154 199 149 126 111 246 179 202 233 227 231 181 40 205 223 195 27 87 106 133 84 2 16 37 33 156 103 59 197 228 89 75 25 113 239 256 180 241 30 135 120 201 13 164 218 147 207 73 96 158 185 98 243 72 178 44 247 215 151 65 68 82 163 91 144 1 20 137 187 0 17 230 50 15 141 152 14 86 64 39 196 18 232 110 38 121 108 88 176 100 145 165 209 255 79 234 182 245 139 143 70 174 153 34 109 254 172 9 10 251 6 146 253 24 55 131 47 167 257 77 53 56 102 200 28 69 117 51 189 31 21 76 22 212 32 148 177 36 90 85 49 226 166 155 92 114 229 210 115 170 23 83 132 81 214 184 161 224 66 8 41 211 175 62 150 5 11 217 168 46 45 71 191 129 225 219 235 236 188 78 157 204 122 94 160 112 242 26 54 240 134 57 125 93 216 130 213 118 107 140 222 95 4 29 193 58 48 198 203 7 237 74 128 173 190 99 244 97 171 238 142 35 183 67 63 3 136 104 169 124 159 248 43 138 80 12 123 192 249 127 220 186 61 
TEST LEAKS 5 ARG:252 100 209 92 176 235 80 248 38 54 169 216 203 55 53 103 218 29 119 201 156 73 4 135 143 120 84 184 40 258 72 10 189 214 168 149 164 225 172 177 207 36 11 0 96 2 102 44 28 5 162 71 187 50 129 188 198 121 220 118 87 224 32 200 247 208 234 127 215 99 106 206 45 170 231 41 117 205 105 229 49 221 64 75 140 24 249 179 22 159 68 91 255 33 190 163 256 226 253 137 233 240 113 192 242 12 191 47 167 94 174 197 79 241 43 31 20 153 210 134 180 18 63 85 52 19 78 25 145 116 86 213 115 196 126 141 97 30 157 21 122 81 77 160 15 42 148 204 152 114 27 238 195 26 9 254 110 219 98 61 3 14 182 70 230 83 142 227 6 154 89 34 37 236 16 150 194 133 202 66 93 237 88 243 35 228 65 250 175 74 107 124 13 101 95 151 39 125 128 51 109 223 173 245 57 7 222 139 46 23 58 178 136 112 257 123 181 56 130 147 185 166 217 138 60 104 193 239 183 8 251 69 186 132 1 155 212 246 59 82 17 211 171 232 199 158 146 76 90 161 62 131 165 244 67 111 144 108 48 
TEST LEAKS 5 ARG:13 232 212 189 255 225 243 14 28 240 128 154 168 196 153 104 222 143 236 204 208 246 158 92 190 47 160 175 241 245 179 170 56 15 41 63 180 127 80 124 256 72 100 135 192 67 173 217 65 166 201 122 227 38 133 194 253 144 44 4 107 244 207 5 187 218 223 64 251 114 258 101 249 117 50 75 139 29 119 68 145 21 199 148 20 132 213 220 224 155 229 81 252 70 174 211 123 233 115 95 226 231 172 130 27 35 25 82 248 209 188 85 136 36 86 102 156 138 90 45 22 69 42 2 120 94 151 215 157 116 34 141 19 62 103 242 161 32 71 55 181 3 129 98 1 109 83 77 167 200 24 206 76 113 214 237 111 239 191 162 91 149 74 23 185 53 247 257 10 142 182 57 99 219 121 49 84 31 118 112 159 43 39 88 178 54 78 96 202 203 52 177 30 216 134 87 17 169 210 205 108 250 11 234 51 171 137 146 126 12 125 221 73 40 97 6 58 186 33 16 176 79 66 59 164 0 238 193 195 37 197 106 235 26 60 152 48 93 9 230 110 105 163 89 254 184 165 183 61 7 228 140 147 150 8 18 46 131 259 198 
TEST LEAKS 5 ARG:258 53 26 64 19 212 180 33 128 228 17 7 184 134 254 105 4 118 92 202 192 257 68 234 71 231 1 255 172 129 54 223 120 132 88 46 150 39 229 218 185 20 78 167 124 93 252 30 157 230 168 41 116 18 101 126 154 206 6 44 217 114 112 247 159 69 210 187 50 104 24 36 250 175 9 196 158 244 249 236 85 241 123 170 110 0 151 103 245 119 188 72 135 248 190 139 83 243 3 131 166 160 21 117 108 22 147 67 251 173 149 65 191 171 90 43 109 201 111 77 195 40 23 81 61 91 213 203 144 141 239 11 219 82 66 152 259 207 189 146 27 237 209 178 16 49 76 73 227 208 176 161 153 177 2 183 55 96 155 211 194 45 106 169 235 57 145 48 220 56 224 136 256 47 240 221 70 148 34 115 197 32 98 79 99 232 130 25 62 121 137 233 80 222 59 125 86 182 246 242 74 35 179 63 193 225 200 133 10 8 94 142 51 38 199 205 181 122 143 253 14 164 42 12 214 5 60 95 13 89 165 100 186 238 29 75 156 31 127 87 15 163 162 198 37 107 102 174 28 215 138 52 58 204 260 113 97 84 216 140 226 
TEST LEAKS 5 ARG:141 81 69 195 70 50 231 27 261 167 74 175 120 98 210 204 14 4 95 151 15 124 105 128 219 142 259 18 31 200 115 215 75 183 23 223 57 170 121 207 229 154 155 206 236 125 30 256 118 241 103 108 145 187 143 35 89 148 201 146 80 205 234 202 2 185 32 76 71 93 97 254 42 33 249 60 77 79 67 208 45 189 181 126 88 136 253 46 178 184 47 58 1 137 193 63 61 150 194 34 20 107 101 9 87 53 196 166 182 117 217 212 29 140 48 130 161 7 224 134 160 246 135 133 86 131 26 56 78 226 21 179 40 11 220 109 24 180 214 139 230 172 242 238 111 8 213 52 44 164 12 54 174 159 248 99 102 62 158 43 244 239 110 38 39 5 91 94 222 84 211 122 176 0 255 260 83 68 72 149 22 82 90 257 232 243 251 129 51 188 6 235 66 247 65 153 96 17 112 171 216 152 237 156 190 203 168 41 114 144 245 138 104 191 28 169 192 198 49 10 225 186 209 228 252 13 123 165 173 258 73 163 240 199 106 85 16 132 25 157 92 177 221 113 59 147 100 116 119 64 19 37 197 36 227 127 3 250 218 55 233 162 
TEST LEAKS 5 ARG:23 151 76 160 136 206 40 215 200 118 91 159 52 205 217 104 111 66 180 49 46 89 43 27 174 42 143 55 32 22 196 153 169 152 0 73 128 122 67 257 256 170 69 8 225 97 158 238 179 246 84 199 132 131 156 219 175 172 64 72 186 100 239 63 58 50 3 107 112 31 17 18 189 173 56 149 203 138 90 226 250 98 54 2 191 108 241 93 248 45 234 240 53 197 243 103 213 211 237 171 4 142 39 92 222 6 24 29 37 195 30 183 163 164 190 86 178 185 109 161 106 188 193 95 11 147 165 224 139 146 117 133 38 182 65 251 105 44 129 79 144 60 177 114 258 130 209 145 34 120 140 202 82 221 155 262 166 223 141 127 41 5 236 99 33 13 207 260 154 101 247 229 218 126 249 77 201 261 26 14 21 59 231 51 62 167 168 184 252 96 19 61 204 135 80 16 121 134 227 137 181 20 216 12 210 245 220 15 47 57 113 157 94 148 244 208 35 123 230 235 78 162 68 75 1 71 255 187 85 28 253 81 198 125 194 259 102 150 192 242 212 87 110 124 36 214 116 115 233 7 83 70 88 25 74 232 228 176 9 119 254 10 48 
TEST LEAKS 5 ARG:151 13 239 177 137 72 90 193 234 106 56 51 140 108 31 139 166 217 134 191 69 54 150 59 183 5 65 46 164 146 227 142 194 102 187 222 32 55 214 168 184 9 40 83 162 252 200 120 100 98 230 125 219 215 143 64 195 161 49 236 163 4 3 165 63 253 244 141 133 232 159 138 105 21 158 95 175 205 178 117 198 86 43 208 94 231 2 207 101 70 190 6 104 156 87 179 258 35 123 260 34 157 99 61 223 57 71 0 80 189 186 118 130 255 44 153 167 181 247 233 154 92 237 169 28 240 170 76 103 135 132 147 1 182 206 52 115 127 37 197 116 91 121 11 16 245 68 174 209 249 220 213 248 173 79 149 17 241 96 10 212 199 129 144 192 88 89 23 73 30 119 7 250 263 256 246 136 145 84 77 131 171 211 225 202 27 97 8 42 152 160 216 176 128 82 111 41 67 203 62 48 93 12 126 226 228 114 39 36 196 47 243 185 242 113 29 201 261 180 109 122 110 38 218 251 75 14 224 262 60 53 50 33 204 148 25 45 254 20 188 18 235 238 78 81 22 259 58 124 24 85 26 107 221 172 257 155 74 15 210 229 112 66 19 
TEST LEAKS 5 ARG:233 76 213 100 182 102 161 34 151 216 91 52 13 54 148 198 257 35 143 62 83 96 44 248 183 133 31 105 51 57 227 263 39 201 14 264 45 55 240 1 125 139 40 21 200 158 165 43 194 2 56 154 88 53 0 37 239 150 234 119 199 167 197 29 5 33 61 244 116 155 172 153 187 137 58 49 235 12 250 241 47 177 42 196 146 103 212 101 188 112 109 86 66 84 176 174 27 136 6 144 204 106 30 163 256 99 50 127 138 73 124 28 242 181 245 262 157 251 147 254 224 238 110 7 214 243 185 178 48 32 74 92 64 60 230 97 36 89 186 10 209 222 191 69 228 68 26 217 120 90 95 149 24 122 17 140 260 79 117 160 210 9 4 113 152 18 259 208 19 162 118 111 232 115 249 192 15 175 141 218 59 203 132 46 159 72 77 207 129 219 168 229 22 247 225 8 252 63 205 130 206 87 98 156 65 11 258 126 104 211 171 135 169 67 190 108 70 237 38 170 3 173 236 223 81 184 123 16 107 246 131 78 231 82 166 164 195 94 193 114 134 80 179 202 128 20 226 145 23 71 85 180 255 253 41 93 142 121 25 221 189 215 220 75 261 
TEST LEAKS 5 ARG:175 166 181 52 81 3 168 189 224 197 49 35 119 256 157 203 83 107 165 135 108 138 22 219 101 74 211 258 44 103 20 236 12 140 98 8 171 2 16 246 118 213 167 25 179 26 249 21 133 111 212 97 172 164 221 147 88 92 85 137 75 191 186 207 131 162 163 194 58 68 139 95 225 182 237 32 31 257 223 174 90 154 102 232 122 33 201 205 51 36 170 259 239 148 233 23 209 42 93 198 99 190 27 61 145 227 47 183 226 136 41 82 206 177 255 104 192 105 60 250 146 180 230 110 141 126 125 244 114 208 155 69 228 73 200 109 160 184 130 79 193 30 128 117 120 57 94 235 242 11 71 14 161 253 196 10 76 84 46 66 106 144 176 156 248 195 38 251 121 152 6 64 243 54 5 116 185 202 56 67 151 264 234 34 260 53 254 169 13 129 115 77 216 245 238 158 7 24 87 262 50 241 199 62 247 113 29 149 178 220 265 112 78 214 217 15 19 9 37 39 4 89 86 231 59 261 159 134 188 55 91 0 100 63 70 240 218 123 65 132 43 127 96 187 173 45 1 80 48 229 40 252 143 215 28 17 204 222 263 142 150 210 124 153 72 18 
TEST LEAKS 5 ARG:2 26 17 135 72 181 263 48 21 79 4 222 127 166 209 86 44 208 87 247 241 147 57 216 220 195 128 122 92 243 199 110 30 22 10 112 138 223 148 67 218 154 93 3 203 130 119 252 176 124 83 192 99 32 221 255 219 261 179 121 171 251 163 111 207 210 39 158 102 100 242 254 133 143 46 42 58 167 152 24 45 264 98 140 227 256 194 117 170 73 229 56 155 37 18 157 141 237 62 240 96 228 15 80 1 125 198 76 27 137 97 265 230 82 145 217 8 9 236 91 139 201 103 175 12 161 187 213 95 7 89 107 149 6 40 160 184 81 248 211 234 23 232 215 63 169 118 180 35 150 20 177 159 226 186 193 235 202 238 55 185 173 245 131 253 257 182 14 134 68 108 132 90 43 146 196 212 178 94 204 224 246 156 197 59 113 88 41 174 54 5 19 250 233 101 66 69 77 29 71 136 114 188 225 162 142 85 214 259 16 200 49 0 244 61 51 165 47 105 120 64 115 262 189 78 84 164 116 231 129 153 52 123 74 28 126 50 260 13 75 11 191 25 104 190 249 33 106 168 109 239 144 266 36 183 172 65 34 70 38 151 60 206 53 258 31 205 
TEST LEAKS 5 ARG:212 17 156 40 96 25 175 199 21 39 8 83 185 202 204 31 186 45 250 46 155 52 235 160 126 59 157 77 0 263 84 152 225 215 70 104 234 58 245 74 262 171 112 165 57 32 145 248 177 43 134 218 27 183 181 80 265 5 237 9 124 64 44 147 208 172 144 129 120 246 65 136 118 209 173 131 79 73 267 122 241 56 133 216 107 143 164 228 244 188 119 55 60 230 92 166 200 72 47 63 111 239 132 224 88 114 187 217 151 163 189 29 116 170 161 176 192 130 206 214 3 106 66 222 125 110 180 38 108 41 182 67 162 78 213 117 127 36 102 128 100 159 68 247 75 109 196 184 232 141 140 229 53 242 15 137 256 266 150 257 264 11 22 113 198 35 259 193 254 168 26 81 42 50 154 142 103 61 255 227 62 251 85 221 28 210 138 190 71 135 105 205 260 24 33 19 4 153 6 23 252 169 76 82 258 93 12 54 158 95 146 231 220 10 2 51 89 203 7 178 97 179 236 1 219 195 101 167 30 211 37 197 14 87 249 238 90 174 149 115 123 261 48 16 49 233 20 69 18 223 201 226 194 91 94 148 86 253 98 207 243 240 13 139 99 191 121 34 
TEST LEAKS 5 ARG:72 171 0 98 145 228 56 122 192 57 248 219 90 246 262 250 203 141 183 51 134 148 4 205 137 241 225 79 43 154 208 136 162 105 240 123 73 101 197 41 66 124 26 251 252 83 242 53 29 181 160 218 214 5 70 2 174 46 36 68 264 31 16 207 223 258 132 198 173 226 94 127 166 113 217 187 210 222 54 3 49 121 120 155 38 170 200 169 202 237 253 139 267 80 111 144 243 100 119 35 126 40 1 193 268 163 165 185 103 22 7 64 58 81 157 107 178 21 69 232 42 82 117 168 108 61 6 254 50 28 156 245 167 18 191 95 143 89 175 34 229 114 92 19 67 76 231 110 196 14 158 201 85 129 17 39 230 186 30 146 48 147 115 75 257 199 84 59 176 220 65 255 112 204 142 238 159 116 10 91 97 104 99 195 194 86 138 60 177 184 216 260 24 235 140 233 102 189 263 209 150 128 62 179 152 13 15 8 239 109 180 266 234 71 44 149 25 244 12 78 151 249 93 74 256 106 227 20 77 213 33 55 153 265 87 131 212 63 172 133 206 37 211 221 164 224 118 125 47 9 11 45 52 23 32 135 247 188 96 236 261 88 27 215 190 161 259 130 182 
TEST LEAKS 5 ARG:192 130 249 69 144 194 244 108 209 230 165 8 197 175 146 28 42 90 79 94 52 15 122 56 77 74 154 109 173 206 63 53 269 106 82 218 24 133 58 30 158 268 136 45 195 202 184 125 199 49 37 254 246 29 210 50 267 54 215 219 100 170 214 239 78 0 205 68 217 150 32 187 250 12 228 59 208 16 266 186 180 231 196 183 142 76 95 260 17 71 36 265 241 145 131 112 60 5 128 31 226 25 138 38 171 185 115 140 34 55 263 14 116 204 21 256 198 212 123 11 176 124 182 72 233 135 121 51 201 93 86 7 3 97 43 188 92 114 46 247 178 126 65 169 211 70 257 259 89 141 225 149 99 62 107 156 148 2 177 262 118 179 13 191 57 98 255 26 147 222 120 261 110 193 151 157 83 119 242 132 258 23 6 4 232 203 172 134 168 73 163 85 236 40 22 143 264 113 238 81 220 227 245 10 159 33 162 253 181 61 67 88 213 153 237 105 103 39 75 155 20 48 240 111 207 229 243 27 84 91 200 160 102 64 252 248 189 167 117 223 190 104 66 101 80 139 1 216 224 18 41 235 129 251 87 9 137 152 161 234 19 164 174 47 221 96 127 166 44 35 
TEST LEAKS 5 ARG:171 224 238 82 156 70 249 172 262 226 186 250 96 141 5 267 99 9 121 101 258 182 64 185 73 125 13 50 196 115 94 207 12 128 161 84 120 4 225 208 124 48 174 232 137 52 175 7 260 245 2 197 37 86 151 110 23 179 62 229 194 180 8 14 146 205 148 69 242 18 157 223 209 214 108 203 90 235 221 206 123 244 60 222 67 105 189 20 83 168 132 21 77 65 133 116 150 241 233 187 58 127 200 177 202 216 11 81 176 85 45 154 24 259 93 107 102 104 49 44 95 237 236 26 193 247 215 138 28 76 114 145 269 0 35 126 173 255 71 192 39 163 134 92 159 167 184 254 191 29 240 78 228 253 47 190 75 32 246 248 87 181 103 166 112 264 198 88 256 165 113 15 56 231 106 162 72 117 183 25 100 261 136 199 227 46 268 219 143 188 164 74 89 239 10 140 55 68 122 59 80 265 40 155 27 97 210 17 243 178 142 31 263 129 149 111 130 109 257 42 158 119 270 118 79 38 57 169 204 54 213 63 230 211 234 195 6 152 217 61 131 266 30 201 218 170 220 144 36 153 51 160 66 91 41 147 135 139 251 43 33 3 212 53 34 19 252 22 98 16 1 
TEST LEAKS 5 ARG:254 115 43 75 215 85 224 166 26 251 84 21 66 106 96 191 208 101 180 139 258 103 195 130 156 165 207 61 206 173 190 102 58 269 94 48 178 244 55 236 79 93 36 231 126 78 256 73 227 144 159 47 235 53 59 19 14 11 124 80 161 205 35 131 82 210 132 117 89 259 155 187 267 152 52 97 10 167 193 249 204 183 197 194 40 92 248 213 221 56 237 23 51 42 5 65 100 136 31 219 265 242 7 154 64 223 37 169 228 243 18 76 268 83 147 138 143 3 232 260 186 229 255 241 44 135 177 252 151 129 172 218 153 245 141 8 146 127 133 220 163 225 38 45 110 118 81 174 71 109 46 250 77 240 39 105 264 145 196 98 171 253 125 271 6 108 17 15 50 16 211 49 95 179 184 121 157 149 128 247 123 62 239 4 69 86 230 113 67 27 217 201 107 2 176 158 87 22 25 198 189 148 168 160 181 233 261 238 88 209 54 164 0 34 270 216 122 1 60 170 182 185 32 212 20 214 116 57 119 134 114 226 222 29 120 202 41 70 162 257 104 28 72 140 266 13 9 68 90 137 63 263 262 12 74 91 112 234 246 150 30 175 199 188 192 111 142 200 24 33 99 203 
TEST LEAKS 5 ARG:223 3 129 239 132 25 250 82 143 48 196 174 210 265 170 235 12 130 158 251 27 266 85 135 87 261 257 187 106 116 117 140 264 202 177 217 165 152 99 122 161 125 97 74 8 256 113 0 150 121 183 169 137 230 191 167 66 91 41 229 5 216 1 272 57 258 34 228 249 224 73 225 124 131 120 186 219 80 126 154 168 201 180 40 262 35 134 173 119 21 83 2 162 43 52 166 50 9 4 194 146 13 197 30 128 28 86 94 206 198 252 207 270 111 193 58 105 98 176 63 44 155 108 139 209 227 31 136 51 163 220 79 23 55 203 71 114 185 222 39 268 65 15 14 123 243 178 246 267 171 148 240 59 145 260 211 101 16 221 36 104 107 68 160 245 156 115 49 234 81 53 20 238 76 109 54 259 189 195 88 77 269 22 29 149 255 151 188 254 142 67 24 248 60 61 62 7 153 192 17 133 179 213 127 181 64 93 26 204 214 247 208 212 118 69 232 253 226 56 32 110 184 6 190 144 102 11 84 95 175 271 263 18 92 96 90 70 147 237 103 244 138 241 159 89 78 231 205 37 42 242 45 157 236 164 19 141 199 33 112 233 100 72 172 200 46 38 182 215 10 75 218 47 
TEST LEAKS 5 ARG:34 207 209 252 164 193 105 189 254 186 150 28 17 159 126 125 245 94 242 95 259 121 0 235 165 136 174 54 228 15 35 14 149 104 251 84 91 178 217 204 6 40 78 230 246 224 74 264 118 90 112 93 180 111 79 83 146 114 3 171 145 183 140 4 168 101 253 231 215 56 26 237 229 16 127 45 24 188 223 161 222 107 86 10 57 243 181 265 201 200 60 267 233 214 269 38 273 12 203 65 162 175 151 61 185 46 247 31 232 166 152 139 96 225 88 11 210 71 195 13 120 133 256 266 52 81 234 115 191 153 141 87 182 241 170 39 272 124 102 239 206 211 47 76 194 179 53 68 64 25 36 169 27 177 197 23 198 213 129 226 49 123 240 261 2 249 33 73 51 21 248 148 116 192 80 130 41 208 205 30 43 85 110 257 50 72 137 271 98 100 109 270 108 167 48 119 106 263 18 62 77 128 99 55 184 258 132 37 138 42 144 59 97 113 19 82 156 142 160 75 7 163 220 1 22 260 154 176 155 262 202 122 244 20 29 250 89 67 147 92 58 103 158 117 187 32 134 190 5 218 9 219 131 212 172 236 63 135 221 70 44 216 255 227 199 196 66 143 238 69 157 268 173 8 
TEST LEAKS 5 ARG:66 193 242 255 56 117 69 55 178 213 62 267 2 75 57 244 112 25 161 243 240 201 269 197 101 140 130 22 207 42 9 155 229 88 95 202 73 98 261 223 152 172 159 170 106 46 4 221 119 94 222 194 219 131 137 103 259 149 195 63 175 185 167 33 225 113 38 107 239 215 96 123 184 47 102 196 132 274 168 192 40 32 264 111 82 252 26 218 227 64 209 79 127 115 44 270 210 17 173 165 273 85 28 144 268 164 100 186 24 97 34 14 30 77 68 49 226 118 148 141 138 36 21 134 217 0 92 125 199 162 191 81 7 50 154 266 166 109 76 116 31 260 110 18 254 10 89 258 253 224 251 129 3 205 181 16 256 208 37 257 171 180 233 6 188 78 232 128 238 265 241 182 247 71 86 177 214 126 190 70 211 72 160 246 12 248 245 176 231 51 121 142 19 228 262 179 83 41 91 145 58 153 143 120 13 151 20 169 212 29 198 249 263 230 187 5 147 53 52 150 74 174 236 136 163 61 156 59 45 133 99 84 1 93 250 48 90 27 272 204 203 8 23 87 271 135 80 67 60 65 189 158 105 124 11 183 43 39 235 237 35 157 54 108 114 104 139 15 234 122 206 220 200 216 146 
TEST LEAKS 5 ARG:41 212 176 86 266 134 193 183 26 166 197 182 186 191 97 240 246 171 24 262 239 23 264 202 15 114 124 113 158 274 68 160 91 90 12 190 153 269 256 28 119 94 88 108 5 159 69 63 237 253 128 187 141 251 257 156 129 199 78 84 227 138 151 14 261 27 75 146 115 236 192 77 216 55 98 217 7 241 259 132 11 254 120 92 230 223 2 37 165 224 189 1 83 248 243 66 233 177 247 51 33 268 131 181 109 245 150 126 3 231 10 218 250 38 220 172 36 136 145 117 32 96 53 252 178 229 258 162 194 167 144 22 169 64 207 263 80 215 8 235 154 203 16 116 93 17 210 221 255 54 4 242 139 180 214 59 102 103 34 50 62 164 143 42 39 31 48 43 57 122 60 205 272 121 74 95 25 133 29 105 49 130 211 18 71 81 82 148 198 40 135 179 100 79 208 260 13 275 9 196 106 67 175 19 270 244 195 225 65 157 234 61 173 111 273 110 174 35 209 238 163 0 226 46 104 232 152 47 204 206 70 73 168 107 200 149 188 155 123 56 72 89 219 249 185 170 222 184 44 161 85 201 140 76 21 58 265 271 30 228 118 87 101 213 6 142 267 52 137 147 127 112 125 20 45 99 
TEST LEAKS 5 ARG:83 260 164 265 254 92 275 146 31 116 172 269 121 156 152 247 201 43 181 273 20 148 263 205 173 84 29 77 237 52 267 220 14 183 162 58 168 50 161 61 66 234 143 67 56 22 25 253 107 109 79 262 147 5 15 154 142 2 72 145 185 243 10 104 171 33 23 215 223 16 132 180 266 80 1 69 111 102 106 235 139 26 60 195 122 221 229 163 138 49 271 59 13 87 217 4 209 222 76 68 136 178 236 144 238 216 9 158 210 100 261 41 137 133 259 219 224 64 110 71 17 196 159 129 246 200 252 18 30 123 141 166 70 112 231 276 188 190 198 150 115 108 228 57 134 44 53 232 127 225 264 167 54 157 19 119 244 211 126 155 75 193 117 11 240 207 105 82 186 274 206 203 120 93 242 36 46 251 42 165 89 257 101 177 24 187 28 47 174 227 32 248 212 86 94 0 140 151 128 65 103 149 88 45 230 241 95 62 226 97 34 38 8 179 63 35 118 268 73 114 27 233 192 272 184 99 85 51 55 153 160 194 81 125 213 256 40 91 6 258 214 175 191 170 74 124 189 3 39 182 204 197 90 78 202 239 250 21 37 270 255 96 98 176 135 245 12 169 7 113 48 218 208 131 199 249 130 
TEST LEAKS 5 ARG:71 45 130 173 213 98 273 50 27 121 107 268 70 211 160 225 252 238 139 81 151 165 114 152 55 243 232 244 255 96 230 46 247 224 3 86 85 79 4 26 196 1 149 133 62 205 90 221 242 84 20 68 64 65 39 212 184 261 48 61 249 74 189 116 145 44 250 218 138 34 229 141 112 231 22 52 200 108 63 94 146 174 191 13 246 264 275 77 103 277 123 87 16 82 91 253 177 40 33 76 156 227 207 9 193 153 8 181 106 157 28 51 109 56 188 240 172 245 12 125 80 17 31 167 113 120 226 203 32 169 7 270 35 124 143 97 58 10 37 126 0 110 234 166 38 239 159 6 5 190 24 140 19 236 267 228 158 75 171 23 176 262 93 175 2 67 241 148 14 30 115 187 192 194 178 155 180 95 47 15 11 131 100 41 195 271 223 111 208 183 59 72 78 215 237 69 217 122 73 147 54 248 135 254 206 42 269 18 257 219 101 220 105 186 21 197 170 43 36 182 216 129 266 235 134 199 89 202 57 128 263 162 256 265 137 150 104 163 276 198 161 233 260 179 92 259 144 185 136 204 88 49 118 66 25 117 272 142 258 251 127 99 83 29 164 119 210 222 60 53 154 132 274 201 102 214 168 209 
TEST LEAKS 5 ARG:131 129 197 73 66 88 44 176 167 150 259 68 160 168 122 149 62 42 219 208 124 261 16 32 15 67 20 86 87 29 211 220 267 256 223 204 265 126 118 157 28 203 133 275 107 241 100 7 242 123 251 134 213 276 37 170 0 50 139 136 165 75 152 2 148 171 61 234 109 237 248 6 225 85 3 89 262 115 57 84 230 173 233 8 25 93 217 212 177 273 80 215 254 164 17 120 63 36 1 178 26 5 239 92 227 214 258 210 174 232 55 12 169 192 229 260 201 243 138 111 209 238 228 158 69 54 190 102 154 272 13 236 105 137 162 196 224 247 97 271 90 235 142 14 45 163 199 91 188 18 144 186 250 151 278 194 175 141 195 108 277 231 70 159 59 270 117 23 246 78 202 257 38 116 104 181 46 132 127 135 49 130 114 119 140 274 65 52 19 11 189 128 30 268 27 51 56 99 221 64 156 207 252 21 216 22 147 205 240 244 191 47 184 182 161 4 39 71 245 255 79 198 200 74 31 145 183 264 179 263 60 40 113 185 94 35 143 110 33 125 121 206 96 269 34 76 106 172 103 48 226 24 193 9 43 266 98 77 82 53 10 218 155 112 81 253 180 95 58 41 153 222 187 146 166 249 83 72 101 
TEST LEAKS 5 ARG:73 236 143 96 268 275 217 39 27 190 18 153 14 79 30 172 192 237 248 132 65 75 114 112 81 235 233 22 173 241 158 210 12 80 33 184 151 259 223 203 211 176 186 59 58 135 207 148 128 269 250 243 105 126 251 49 48 262 209 266 40 20 179 1 159 208 60 163 141 34 6 271 253 2 197 261 8 11 234 26 74 150 252 64 104 125 177 93 44 66 5 7 188 51 95 166 273 198 50 215 232 69 111 131 92 264 175 47 72 127 116 106 118 124 29 185 103 140 99 256 52 169 182 199 63 254 16 10 144 265 108 189 85 76 180 25 138 278 100 43 137 97 86 187 87 89 115 171 42 228 17 244 83 0 216 35 121 107 201 202 260 174 119 32 133 183 270 24 54 219 46 191 230 246 204 136 194 222 77 4 109 238 257 62 195 45 19 229 272 263 36 155 94 164 139 276 78 279 98 28 120 61 142 31 226 213 267 181 178 258 101 57 162 206 157 170 152 84 196 113 129 90 160 134 242 122 70 225 274 68 154 146 9 110 165 82 193 91 249 55 277 212 220 205 161 214 240 200 156 37 53 147 239 247 71 15 149 88 168 218 21 102 221 224 231 130 145 3 23 56 245 117 123 38 167 13 227 67 41 255 
TEST LEAKS 5 ARG:280 95 221 1 122 148 63 57 23 64 85 18 248 147 155 108 54 7 106 69 165 33 96 181 206 200 139 114 252 204 102 265 144 141 28 97 163 247 239 179 59 75 14 42 150 185 213 205 32 260 235 254 110 34 126 10 44 13 175 134 30 157 195 26 274 80 231 3 180 21 201 152 237 207 56 191 273 137 109 198 194 24 261 6 138 183 160 71 8 120 105 256 262 203 100 197 145 182 125 17 212 257 187 223 227 232 79 128 103 9 98 51 222 116 172 272 130 136 22 210 58 73 127 113 192 216 72 81 167 124 142 45 135 228 149 5 243 41 50 249 268 16 140 156 94 87 176 236 151 67 36 93 101 170 275 89 189 166 153 233 226 104 186 92 271 276 76 90 4 43 240 208 154 230 117 143 38 146 264 31 0 241 111 123 251 190 266 27 86 55 48 169 49 99 74 132 112 162 77 211 178 161 218 133 255 277 238 46 177 82 47 66 131 188 245 118 242 209 217 62 53 220 253 267 263 70 11 12 2 229 278 244 225 91 199 61 270 52 29 250 259 78 171 196 159 121 215 129 214 84 202 19 88 269 37 164 219 173 234 107 83 279 119 35 174 20 168 60 246 158 15 40 224 115 193 68 65 39 25 258 184 
TEST LEAKS 5 ARG:106 26 254 67 53 119 207 248 34 184 157 209 22 188 74 177 134 182 166 80 170 271 267 180 114 15 241 31 35 73 108 139 85 164 68 210 270 7 246 66 168 150 117 159 77 273 252 133 91 202 175 149 193 43 279 61 10 179 55 266 238 160 98 231 49 216 233 18 128 259 76 275 281 163 127 33 280 90 5 101 81 223 44 268 137 64 215 228 269 183 167 96 65 239 94 121 30 71 226 123 126 141 205 48 196 56 144 100 118 204 103 130 158 156 255 195 28 87 113 242 185 138 42 236 192 145 79 1 240 41 111 232 4 102 23 169 12 84 46 250 194 178 27 75 86 17 54 19 219 59 218 45 97 112 82 262 264 176 107 161 78 237 140 265 21 276 222 142 244 20 36 245 93 154 247 122 258 274 278 217 253 260 206 189 213 249 201 243 50 229 197 227 234 146 109 191 132 221 171 57 16 13 60 261 125 8 257 52 39 172 115 99 211 9 199 110 152 0 92 14 131 129 224 256 272 69 29 162 187 38 136 6 181 72 32 148 47 88 230 89 62 116 151 186 124 165 225 251 220 203 174 214 198 153 40 190 2 120 25 70 147 104 208 83 63 11 105 143 37 24 3 173 155 277 58 263 235 200 95 51 212 135 
TEST LEAKS 5 ARG:268 281 130 251 263 132 221 257 97 247 62 24 254 69 270 208 233 223 277 191 219 248 90 98 59 117 158 55 13 141 180 64 80 21 78 267 25 12 131 250 48 52 259 264 244 199 170 73 43 91 173 4 33 67 60 11 2 32 70 41 8 213 108 137 106 30 136 210 241 242 216 3 217 5 231 220 207 211 39 145 36 265 128 16 237 235 77 76 282 192 63 58 148 182 135 236 174 234 54 14 10 94 229 204 85 133 86 126 57 124 189 15 139 114 20 44 167 140 65 47 107 111 96 157 150 38 27 278 215 166 269 121 205 144 88 232 162 84 153 75 104 177 120 29 200 134 34 275 123 142 50 23 261 186 49 193 7 188 176 147 113 102 258 40 274 28 79 165 146 118 194 222 68 178 93 46 151 164 226 116 127 87 103 31 99 109 179 161 6 245 42 163 272 83 246 169 156 243 187 22 17 74 18 240 227 181 61 196 0 273 72 209 66 51 253 185 218 206 129 262 198 71 100 197 183 230 89 280 81 35 92 82 122 143 95 119 171 225 115 37 149 228 249 168 138 212 201 279 159 160 45 152 260 172 238 266 256 202 110 276 224 190 203 105 214 26 1 175 184 53 19 56 9 252 255 112 239 271 125 101 195 155 154 
TEST LEAKS 5 ARG:45 241 49 98 155 205 135 103 246 209 119 228 156 127 130 35 199 278 56 26 18 75 183 252 221 229 9 210 152 70 81 27 181 12 212 11 21 163 162 185 168 86 91 141 201 262 174 88 275 247 66 186 24 46 243 48 190 102 273 230 263 179 6 189 161 220 73 256 198 242 82 118 124 36 14 191 28 138 87 216 222 249 250 39 60 74 43 144 219 266 51 97 47 192 112 64 225 208 232 204 25 226 153 134 107 240 2 31 23 239 5 254 160 188 126 227 68 258 151 184 32 194 197 128 244 54 150 41 149 17 111 101 139 178 206 105 69 89 213 264 1 71 79 271 100 8 58 280 165 57 34 187 223 281 99 125 251 137 63 61 110 77 169 132 237 84 94 235 211 80 115 274 117 182 146 30 269 90 85 283 53 20 92 55 267 93 136 40 19 158 260 106 175 0 15 154 248 196 114 265 109 276 13 282 37 193 147 95 142 133 145 218 207 59 42 167 261 120 76 122 180 96 129 16 113 234 177 22 173 253 52 104 72 148 67 166 4 157 203 268 202 171 7 78 38 108 245 29 215 255 159 143 3 50 279 62 176 83 231 121 259 164 217 10 277 257 233 44 116 236 270 140 272 123 200 214 131 238 195 224 170 65 33 172 
TEST LEAKS 5 ARG:262 274 192 272 12 131 67 91 205 242 32 45 48 257 241 93 102 148 247 9 51 7 179 175 198 234 279 99 151 282 245 125 40 159 18 3 255 4 75 158 248 28 181 46 81 126 224 166 217 269 72 249 123 147 47 161 222 229 238 106 84 278 189 219 157 168 94 258 61 266 216 251 103 41 25 59 24 114 69 79 20 197 283 49 112 34 101 233 77 228 271 135 237 177 187 68 256 240 17 53 253 56 171 11 95 211 122 191 140 2 64 98 92 57 33 227 108 26 281 83 196 105 230 210 43 58 71 200 89 160 16 50 66 134 143 76 178 137 164 65 218 5 127 27 185 220 193 31 162 280 136 15 35 267 201 21 173 203 130 206 254 150 146 263 214 284 183 231 119 54 13 277 226 184 176 163 120 155 42 138 44 74 128 153 250 62 275 86 19 268 55 190 273 115 73 212 116 104 63 70 202 121 118 8 88 165 132 37 14 1 117 195 259 239 144 264 243 85 111 199 174 221 149 141 156 96 252 100 194 261 97 276 260 124 225 110 10 244 60 80 169 182 172 78 188 36 204 235 113 145 246 23 270 170 167 207 0 82 6 152 180 90 30 213 39 22 142 215 87 223 265 29 236 154 133 209 52 38 232 139 109 186 129 107 208 
TEST LEAKS 5 ARG:140 62 178 171 37 122 251 127 190 23 180 283 2 5 278 80 10 217 21 89 228 168 281 204 74 159 241 65 249 120 250 184 245 47 170 35 236 78 256 114 268 158 176 72 112 101 271 84 104 194 266 187 139 19 174 262 284 83 201 155 70 231 22 24 254 152 247 130 192 7 99 137 277 261 57 111 115 16 264 38 48 117 253 206 69 182 31 232 88 11 166 58 223 100 121 221 118 126 25 154 109 212 246 0 6 110 149 41 252 267 123 77 17 197 157 46 160 12 116 82 134 34 227 124 66 144 128 229 181 27 97 75 255 263 91 279 141 211 209 96 179 280 234 148 269 93 272 50 191 270 162 51 14 161 214 103 213 225 258 26 87 188 185 53 125 257 165 282 215 60 210 230 9 55 119 106 202 73 32 135 274 167 28 68 67 199 129 243 151 208 205 81 3 30 36 238 198 163 94 235 76 175 143 20 195 90 193 216 276 132 145 86 8 95 49 226 156 222 146 43 207 107 265 196 131 42 56 150 186 142 18 71 218 39 1 153 133 189 248 102 33 177 44 98 64 147 275 237 79 138 285 172 29 15 273 92 200 233 59 173 220 85 242 164 240 169 52 259 239 61 40 54 260 113 63 224 219 108 203 4 244 45 136 13 105 183 
TEST LEAKS 5 ARG:6 112 54 185 169 272 191 252 271 285 266 204 29 230 157 97 200 231 183 253 25 91 192 193 124 161 65 82 263 123 38 131 189 211 177 223 107 45 104 10 212 56 134 117 93 162 214 87 81 57 243 113 119 99 17 227 268 147 36 24 108 15 286 0 257 69 199 249 150 127 32 172 256 78 86 210 178 171 83 58 236 89 116 84 152 166 37 143 255 275 33 176 179 215 153 225 208 63 137 102 22 59 96 146 245 4 264 220 140 115 201 274 128 276 196 28 233 163 66 136 44 244 14 70 278 284 95 12 167 218 195 254 216 213 62 114 5 27 159 138 18 43 283 232 35 187 207 1 111 77 180 205 149 168 51 90 160 126 247 30 16 129 246 260 92 262 221 182 118 60 158 141 164 7 186 238 198 42 64 261 203 173 47 144 248 8 270 20 206 130 120 135 41 72 13 237 217 76 3 49 209 273 85 240 132 170 9 139 154 94 194 250 26 181 188 98 48 258 279 224 165 52 269 106 21 55 109 88 282 19 133 105 46 155 79 219 148 100 280 71 68 122 125 175 226 174 75 235 53 31 242 281 184 222 190 34 265 277 23 110 251 259 50 103 228 101 202 39 61 74 197 151 229 267 2 80 241 142 234 73 156 40 145 67 11 239 121 
TEST LEAKS 5 ARG:115 252 101 193 146 224 103 215 126 99 47 63 70 187 152 82 238 71 199 174 120 7 68 55 239 37 196 29 131 108 255 219 119 204 158 163 20 4 65 96 39 223 166 188 17 24 175 8 169 181 165 72 194 211 140 121 112 106 85 128 28 283 235 243 159 222 69 64 10 122 136 110 218 250 83 149 97 26 157 66 183 86 105 253 229 16 279 102 124 150 237 192 266 190 212 40 111 18 242 265 287 205 61 54 80 113 267 62 170 264 34 246 60 286 161 147 52 173 244 56 153 270 210 249 132 268 155 164 162 134 269 202 259 245 67 27 198 25 206 178 221 208 176 13 226 125 257 145 232 5 78 9 74 203 214 148 94 177 141 6 171 236 107 197 95 1 231 3 129 22 89 87 127 109 133 184 12 282 117 57 2 14 167 104 160 11 209 45 179 201 51 186 59 258 19 49 76 275 53 274 191 241 36 77 21 143 234 38 32 100 138 168 91 35 30 271 58 185 114 48 156 130 50 92 233 81 15 93 207 227 262 213 33 273 280 240 0 42 118 248 230 285 225 277 180 263 73 44 88 172 247 79 151 123 41 281 31 43 144 23 98 220 142 195 200 278 84 256 272 260 276 251 216 46 75 137 116 217 254 135 261 182 284 189 90 228 154 139 
TEST LEAKS 5 ARG:28 88 43 121 13 11 218 191 264 277 72 263 280 40 81 59 178 22 205 36 159 94 272 65 253 252 63 107 109 248 179 187 249 124 58 2 56 127 30 39 23 16 98 8 54 9 101 97 145 156 244 85 89 99 261 225 273 137 38 171 202 206 201 254 128 79 115 155 200 227 181 35 173 197 33 209 133 44 25 69 230 274 57 0 269 51 231 110 93 123 34 125 3 60 73 147 258 223 275 18 143 167 278 42 136 216 256 282 165 19 77 112 219 285 102 160 132 96 196 10 154 255 45 55 287 186 153 78 130 228 70 53 111 168 199 108 193 283 31 71 286 182 270 150 120 232 170 37 61 237 118 84 74 194 140 41 117 20 21 215 157 26 90 100 151 175 260 265 221 66 245 239 80 17 83 279 236 104 14 207 7 129 15 172 162 5 185 208 4 148 235 163 1 259 116 91 67 241 234 47 217 139 195 138 262 62 183 203 119 271 180 284 27 103 131 24 266 229 184 204 251 198 50 188 48 169 233 12 176 64 288 213 281 247 122 224 222 149 174 246 212 226 6 211 95 189 192 68 92 126 146 240 250 190 114 177 267 210 214 164 268 46 87 76 113 29 144 52 142 135 86 161 106 75 276 134 105 242 152 158 82 220 166 243 32 49 257 238 141 
TEST LEAKS 5 ARG:246 190 78 88 211 185 131 28 42 217 213 60 264 64 215 35 267 182 128 203 26 237 226 150 80 63 122 49 119 200 94 74 162 39 205 118 184 239 279 285 261 102 146 135 134 31 259 221 40 17 209 175 43 220 61 91 263 52 132 51 105 62 103 224 66 166 13 270 96 29 219 283 41 164 174 157 54 223 67 139 22 70 240 107 16 34 21 262 79 287 140 192 207 170 3 142 176 46 155 90 147 44 245 252 272 143 196 97 277 37 210 230 257 180 65 247 165 249 106 152 250 167 4 108 129 214 225 76 82 243 111 84 93 130 101 23 141 109 2 206 120 100 58 234 7 56 12 15 148 238 36 160 191 163 113 81 5 172 228 265 241 83 121 69 193 231 9 124 110 186 18 266 189 208 251 158 89 282 181 55 112 1 202 114 187 276 0 53 156 20 138 14 168 19 218 273 281 242 6 188 173 32 68 178 169 136 77 137 269 99 38 161 198 71 271 232 275 222 194 59 47 255 289 98 127 126 204 104 50 260 24 153 233 86 145 288 284 75 253 201 286 227 10 117 274 72 149 216 154 116 244 280 197 183 8 278 199 125 248 115 11 195 25 45 144 159 212 48 57 256 258 95 177 33 151 254 171 236 133 179 268 123 87 229 30 73 27 85 92 235 
TEST LEAKS 5 ARG:48 208 282 253 104 128 274 9 252 116 100 286 224 209 30 168 114 287 36 94 79 214 261 107 225 175 81 154 105 38 89 203 235 177 145 93 124 110 68 87 24 51 271 42 207 55 279 290 245 72 148 289 53 251 155 170 144 120 54 76 265 2 285 270 263 234 191 1 257 80 219 0 135 142 267 240 22 211 45 152 277 74 32 150 113 18 130 95 178 88 276 85 23 7 75 37 60 50 12 138 268 275 288 99 70 143 159 186 259 215 199 237 173 101 61 15 14 140 174 196 166 281 67 56 146 181 71 213 97 241 246 206 189 179 10 227 157 73 90 92 171 29 133 183 284 226 123 82 187 25 254 222 223 137 40 19 122 41 4 165 205 112 221 98 236 164 39 266 109 202 58 141 229 134 66 238 233 169 121 13 86 167 151 46 21 43 230 161 3 185 232 108 63 33 117 83 11 220 147 149 115 172 28 210 139 59 249 197 8 193 16 127 269 129 20 106 188 256 17 162 194 278 96 204 103 31 26 47 258 255 102 212 184 272 34 118 262 132 156 6 126 228 52 273 176 180 195 280 260 242 200 283 243 131 247 158 216 119 136 182 64 91 77 57 218 44 78 84 125 244 163 192 231 62 198 111 69 27 153 49 190 239 217 160 250 65 5 201 264 248 35 
TEST LEAKS 5 ARG:80 6 70 159 122 16 160 143 137 114 109 238 266 44 15 71 257 9 229 189 221 98 131 225 254 232 157 66 134 186 56 196 247 251 171 141 243 271 77 123 155 41 240 191 126 290 82 62 213 73 174 180 23 287 78 149 115 172 92 20 18 146 216 60 169 268 250 242 144 181 263 55 37 65 200 111 231 117 118 140 91 208 270 136 187 277 177 156 182 188 273 152 223 167 150 102 274 113 95 27 8 84 38 139 64 101 214 203 258 201 173 86 100 165 276 239 107 145 35 284 129 1 96 132 88 245 281 36 14 272 253 108 153 219 22 5 291 209 127 197 30 83 12 61 52 256 207 185 0 28 164 97 289 87 237 212 59 248 166 79 7 138 183 110 43 105 233 53 26 205 202 176 193 13 154 178 158 259 192 195 10 106 261 76 57 220 255 120 103 4 275 130 260 112 17 199 175 128 31 85 81 67 24 244 151 19 63 72 241 249 39 29 235 54 142 179 236 280 119 269 121 3 228 234 45 42 50 227 124 58 184 90 148 278 125 283 99 116 170 135 279 252 147 94 168 11 74 33 218 75 162 215 2 21 190 267 46 285 25 104 68 48 40 51 34 286 230 265 194 222 264 288 32 198 226 206 204 163 49 89 262 47 211 210 217 224 282 133 246 93 69 161 
TEST LEAKS 5 ARG:106 134 120 161 271 107 122 226 199 13 213 111 242 179 71 24 95 53 121 141 85 266 19 33 93 292 190 2 240 212 149 128 89 123 125 239 84 52 201 171 97 248 11 165 117 139 92 277 167 243 194 127 163 159 29 223 103 230 28 208 177 118 79 156 189 44 91 94 83 75 252 253 181 178 142 116 160 55 138 200 9 209 8 260 227 255 145 47 289 168 198 284 40 88 232 286 133 54 285 22 61 214 206 287 131 65 211 265 205 183 176 192 81 270 18 31 113 170 217 254 130 59 109 136 269 276 17 267 50 259 57 73 30 258 262 25 154 210 283 146 46 60 222 66 247 78 193 48 101 3 196 203 137 110 23 218 32 251 82 1 77 70 180 58 42 16 102 229 245 140 241 152 6 115 273 188 126 5 164 278 90 99 151 56 39 233 282 224 72 21 202 12 62 162 129 153 220 147 175 207 279 191 182 166 275 264 215 112 74 157 185 87 108 86 238 261 228 98 76 96 250 173 280 187 225 7 41 67 37 45 114 221 80 186 144 100 268 288 119 234 34 235 64 244 169 236 174 195 272 204 15 104 135 27 197 237 249 158 69 143 172 124 291 263 184 274 216 0 257 10 38 150 246 148 4 68 63 20 105 256 51 132 281 219 43 36 231 14 155 26 35 290 49 
TEST LEAKS 5 ARG:84 149 241 102 35 232 233 7 125 191 197 223 194 275 265 55 146 199 185 86 179 285 189 119 169 209 220 75 14 51 167 151 212 164 0 204 74 268 215 251 271 22 224 9 8 87 44 67 76 26 236 46 181 174 90 104 78 272 201 160 162 117 159 59 254 20 188 252 270 109 61 144 128 101 147 12 105 221 246 177 213 118 175 137 245 140 64 173 103 222 121 237 131 58 134 16 178 287 73 165 45 243 240 3 79 28 183 176 193 30 124 50 172 94 95 282 214 96 292 244 52 114 293 260 277 157 143 170 68 136 112 113 195 65 216 122 208 88 133 99 263 69 196 291 190 266 200 132 6 229 290 184 21 57 32 206 71 116 278 141 47 34 227 66 4 97 255 198 217 192 259 108 280 267 226 261 218 154 258 239 23 82 18 153 256 158 264 80 283 248 276 250 1 182 37 166 202 186 31 15 238 163 139 41 148 48 49 17 257 107 231 289 145 60 111 63 40 155 286 288 91 205 36 126 228 10 210 142 43 13 274 123 180 161 77 110 25 219 242 24 138 284 130 203 42 85 54 207 106 33 81 152 135 53 150 98 19 62 269 127 39 279 235 89 187 115 211 129 27 156 72 83 92 5 273 38 168 93 120 225 56 171 29 247 234 253 100 281 249 2 262 11 70 230 
TEST LEAKS 5 ARG:32 192 107 96 75 81 90 145 233 205 76 126 158 20 283 25 187 24 292 244 278 3 86 43 72 70 71 46 225 231 173 88 83 23 189 266 208 40 17 66 294 232 13 184 190 222 262 41 165 97 15 2 121 35 252 246 257 116 177 28 288 92 247 87 261 236 162 135 12 36 248 22 55 124 78 152 51 197 163 19 123 234 149 154 14 99 290 89 9 61 77 155 227 68 67 117 57 143 150 167 127 241 114 63 235 210 29 58 160 64 168 31 181 93 171 112 62 48 206 132 209 185 256 166 34 161 250 268 16 245 146 291 164 91 264 85 224 84 147 282 134 157 137 129 284 27 277 139 144 82 95 255 213 37 103 253 186 182 188 69 106 153 7 118 194 237 60 102 130 263 33 220 80 65 119 228 198 273 128 30 56 239 265 178 212 276 195 226 270 125 21 260 203 53 159 120 201 267 199 218 54 254 193 26 138 229 242 133 18 105 100 200 279 44 5 151 6 122 174 179 101 215 196 259 275 10 39 0 94 293 156 176 98 148 1 286 204 281 172 217 249 47 111 287 73 108 11 191 52 42 243 45 115 269 79 131 141 221 258 214 109 50 4 274 8 140 74 272 104 110 280 238 289 136 170 285 211 240 251 202 207 180 59 113 223 142 271 183 230 175 38 219 49 169 216 
TEST LEAKS 5 ARG:119 71 55 201 84 63 146 289 187 249 275 87 240 0 207 213 250 120 168 274 294 233 288 239 172 232 179 262 18 180 8 192 142 83 156 110 228 39 51 227 124 257 48 104 252 199 5 212 237 43 32 231 129 196 236 49 270 1 77 260 27 244 137 284 184 248 285 177 52 22 273 197 238 29 191 205 220 94 60 74 149 2 278 253 93 266 176 165 141 160 112 132 89 65 198 109 3 178 7 88 135 107 127 195 277 17 258 206 223 185 148 68 200 235 166 145 171 216 234 264 66 246 20 292 10 75 41 169 9 286 16 103 33 76 61 31 67 225 256 203 271 85 70 37 12 221 226 151 182 163 114 139 69 133 134 79 243 116 241 138 287 108 283 186 211 219 26 269 125 50 106 100 54 92 215 23 290 174 194 259 80 254 6 159 11 181 25 280 91 13 140 131 245 4 82 247 170 56 155 183 255 295 113 42 73 147 173 101 28 53 136 99 222 98 158 40 267 162 121 78 167 157 14 293 214 217 24 161 128 154 175 117 265 62 144 118 268 58 47 122 251 218 95 164 143 208 59 44 130 190 34 30 193 224 263 152 115 126 96 81 64 150 72 46 36 210 97 111 38 45 15 276 272 21 230 282 291 35 279 204 209 102 57 90 153 281 202 123 19 105 189 86 229 188 261 242 
TEST LEAKS 5 ARG:18 286 259 255 144 107 281 95 40 269 1 139 78 190 83 229 197 191 184 121 17 29 146 140 296 170 164 218 136 142 91 112 206 212 82 204 225 222 262 293 85 115 202 44 102 294 75 272 267 155 174 244 19 227 58 72 145 133 282 276 252 111 186 45 4 55 113 243 241 28 235 194 208 253 161 182 129 200 199 290 209 153 217 207 283 201 114 277 141 183 71 178 274 270 154 101 266 110 117 120 46 93 53 63 210 57 9 169 90 156 168 81 109 224 69 176 33 119 171 124 31 34 97 43 13 23 132 221 138 77 216 22 261 193 275 165 68 126 167 60 173 203 251 62 38 195 188 98 96 27 250 245 7 12 15 137 49 223 2 103 268 47 65 80 162 87 273 233 64 41 278 254 105 279 271 67 89 61 192 230 257 106 10 157 260 134 50 237 175 54 8 37 73 74 163 288 292 236 185 76 36 264 122 215 263 181 131 179 247 172 205 189 158 24 88 39 198 130 242 48 240 160 127 42 116 125 220 187 100 231 280 86 66 26 149 238 16 135 249 70 213 166 228 289 219 92 150 232 123 6 84 180 196 3 151 52 79 246 211 239 20 258 284 128 104 35 21 143 265 152 32 159 99 25 5 248 287 214 51 256 291 118 295 226 94 177 11 147 0 285 30 148 234 14 59 108 56 
TEST LEAKS 5 ARG:116 291 150 81 2 247 80 282 252 257 174 111 144 32 91 133 181 233 209 192 238 63 124 224 201 245 287 56 231 210 117 164 271 297 88 103 82 240 289 261 52 69 42 123 120 30 77 24 180 187 8 273 97 68 263 163 25 151 158 29 219 264 143 295 93 205 220 104 17 105 259 213 276 48 3 200 66 204 249 126 156 64 43 288 211 199 130 254 178 162 15 195 94 230 171 286 47 167 31 33 14 268 39 207 76 242 250 131 46 208 108 253 110 129 152 246 185 45 61 142 168 258 145 44 87 67 241 6 186 218 11 243 292 20 293 194 265 234 89 284 59 78 71 21 237 22 10 217 235 197 4 294 72 96 60 19 146 290 16 35 26 155 114 215 86 0 165 190 153 256 18 227 113 266 172 170 62 226 281 184 278 280 179 106 216 177 260 202 285 57 196 206 251 101 134 183 112 102 137 107 182 92 232 274 79 166 272 53 5 90 222 223 75 38 23 221 270 128 36 122 157 189 212 269 277 85 191 49 173 148 160 109 58 74 141 50 7 283 95 229 1 9 37 136 28 147 203 27 175 100 228 255 98 140 119 41 176 13 51 84 139 279 55 188 40 132 244 275 161 73 248 54 115 83 138 267 159 154 239 34 65 127 262 99 236 225 121 193 135 125 149 198 70 214 118 169 12 296 
TEST LEAKS 5 ARG:246 49 40 127 86 84 68 266 116 122 213 230 113 187 70 270 260 149 72 39 36 105 16 194 292 296 146 79 210 276 125 129 94 24 206 201 159 83 198 281 241 278 17 228 287 195 61 27 219 143 111 251 254 108 268 81 220 271 204 171 215 89 74 155 229 203 169 180 273 179 135 161 274 88 25 44 286 199 223 78 186 8 104 264 138 66 121 57 134 69 93 205 200 237 284 31 71 34 56 224 103 48 20 102 214 82 185 13 63 26 97 133 239 177 55 256 243 190 35 165 291 233 288 261 95 10 107 168 110 106 45 9 73 46 2 58 298 28 4 263 297 64 275 238 232 182 262 7 259 217 151 235 101 225 249 221 80 128 295 76 163 62 222 100 172 120 183 12 250 153 60 227 209 59 144 294 43 32 96 15 19 22 5 257 167 21 90 23 118 193 37 156 196 53 117 109 258 114 50 6 139 218 216 231 267 290 119 181 240 14 175 164 252 269 197 247 173 124 152 162 207 75 226 18 282 85 279 11 30 248 77 157 289 65 192 140 154 145 212 236 142 208 242 202 160 265 285 115 0 189 184 147 1 245 137 211 41 293 98 166 33 150 92 141 52 126 244 99 148 3 283 272 38 47 67 132 54 131 51 188 277 234 178 29 176 112 253 91 170 191 87 280 42 136 130 255 174 158 123 
TEST LEAKS 5 ARG:108 156 110 204 208 167 21 75 203 192 225 117 68 292 183 23 18 228 170 221 238 298 152 218 1 207 64 159 161 92 102 37 59 193 69 111 126 169 86 189 60 107 97 215 197 230 89 26 45 127 266 155 79 261 71 123 220 157 278 138 35 273 173 262 232 166 91 129 264 260 213 164 246 297 279 12 27 265 248 168 120 98 134 184 160 125 251 119 139 93 28 33 210 290 186 219 142 263 25 171 217 54 112 176 252 254 65 15 199 76 136 289 226 196 206 132 72 188 229 245 153 277 22 272 209 31 116 194 198 233 66 200 288 57 140 276 124 253 256 62 144 7 212 20 34 24 158 30 250 227 172 187 43 46 258 48 114 190 240 55 163 80 85 0 88 224 9 113 6 149 282 223 135 178 165 296 121 128 40 181 8 94 17 141 294 78 51 36 42 255 52 50 11 237 268 44 285 222 147 41 101 154 243 162 270 100 70 53 249 58 291 274 67 151 239 99 96 185 293 242 77 241 216 182 49 195 32 259 61 177 137 19 146 299 2 73 105 130 179 5 284 275 174 115 106 145 95 122 214 131 74 271 286 211 295 150 231 83 63 148 56 10 236 90 281 82 4 283 81 287 267 39 143 202 103 13 205 175 133 84 234 235 257 247 280 180 244 118 14 191 47 38 201 16 104 87 269 109 29 3 
TEST LEAKS 5 ARG:126 269 255 95 140 180 119 188 152 31 288 12 47 236 222 218 29 232 132 142 270 263 17 79 130 254 226 16 35 14 115 272 209 223 113 34 298 112 292 90 234 69 105 81 71 68 277 256 150 289 9 19 173 27 82 151 249 227 104 148 250 271 91 110 89 253 228 20 134 52 278 248 291 24 100 299 275 13 171 243 21 56 124 294 32 257 22 219 62 296 122 241 129 240 50 279 78 59 233 131 287 98 2 246 190 41 103 200 239 48 286 127 67 169 174 237 135 55 177 8 102 87 189 213 121 63 141 295 88 198 66 251 85 158 118 274 93 108 167 157 70 72 44 242 293 153 160 165 199 231 230 211 205 215 280 58 179 202 80 284 137 125 37 162 46 229 94 281 175 290 184 74 114 154 163 96 214 65 11 203 117 264 83 146 235 143 51 261 54 57 172 149 109 6 28 207 185 23 106 38 18 186 5 212 210 139 75 123 273 7 53 99 201 49 30 107 244 138 297 116 15 155 268 187 145 60 225 265 178 42 170 181 259 73 216 156 168 25 97 266 276 92 61 43 182 262 76 192 282 197 224 245 33 45 300 84 0 283 252 220 183 204 77 101 193 238 3 1 128 217 39 191 111 36 285 40 10 133 194 147 164 258 144 64 4 159 161 26 136 195 247 166 260 221 267 120 86 196 176 206 208 
TEST LEAKS 5 ARG:201 35 229 83 237 46 249 270 90 163 293 13 28 256 48 207 140 292 235 146 137 221 129 25 70 14 184 297 15 51 63 19 169 76 29 199 12 198 208 286 252 80 37 145 244 96 266 72 114 54 225 259 248 213 263 255 147 18 89 132 203 173 178 176 21 24 69 110 258 58 33 93 53 134 148 95 39 141 272 123 40 151 231 251 191 130 291 142 17 214 10 264 103 209 9 85 143 92 224 165 119 267 206 287 16 41 281 98 192 238 280 125 257 42 2 122 234 56 182 101 73 202 171 265 181 273 189 34 196 179 26 210 6 121 75 290 23 135 245 170 274 278 226 84 162 153 282 200 124 177 144 220 228 8 294 215 250 271 262 68 233 66 91 31 285 276 112 109 45 298 102 168 161 127 299 113 117 188 212 232 77 260 128 38 61 277 59 120 217 86 107 254 288 268 97 187 194 71 30 94 11 166 296 60 43 223 99 222 193 81 126 205 195 239 160 164 32 247 172 52 149 246 88 289 0 183 216 154 211 136 219 87 4 180 82 197 275 240 133 158 227 1 79 22 157 104 204 241 300 105 115 55 242 118 44 106 139 152 159 111 62 47 100 108 283 5 185 64 218 279 65 131 78 243 74 49 167 236 253 261 156 230 175 36 295 155 174 150 190 57 138 269 3 301 20 50 7 67 27 284 186 116 
TEST LEAKS 5 ARG:1 65 122 260 242 129 256 66 169 89 189 157 296 236 192 252 268 160 121 83 284 113 138 277 240 81 159 162 41 87 14 166 146 302 32 272 246 94 155 210 137 110 218 22 219 30 93 54 217 101 298 265 2 186 99 40 135 76 143 50 19 283 92 74 195 9 286 175 227 156 75 26 161 77 164 132 39 18 168 71 100 118 134 53 20 205 6 130 274 147 215 244 104 245 31 198 115 187 250 211 158 193 179 5 84 12 16 140 78 279 25 117 133 108 107 141 188 254 241 11 233 90 229 21 142 282 243 247 149 15 206 37 13 273 191 293 69 173 267 27 259 136 82 88 61 4 148 125 223 278 285 28 106 80 201 300 225 109 116 230 183 208 238 59 91 253 62 216 105 56 228 51 194 207 203 226 182 44 262 199 184 292 97 95 96 280 261 239 153 204 177 209 29 43 232 127 163 64 249 214 55 222 237 70 103 23 3 10 42 251 295 67 258 49 289 123 17 58 266 281 72 235 301 128 257 38 119 86 35 167 269 60 190 7 291 171 248 170 112 220 36 139 73 294 299 263 114 255 45 212 197 68 270 0 180 181 196 98 264 287 288 176 24 221 151 102 63 165 290 185 154 120 200 150 34 145 271 213 174 85 297 231 57 275 8 131 234 33 144 48 276 111 152 178 126 52 172 224 46 124 79 202 47 
TEST LEAKS 5 ARG:63 223 292 35 109 96 227 105 3 158 33 12 41 130 245 174 225 144 1 79 168 164 224 289 170 80 273 11 128 178 82 179 5 81 14 173 172 53 148 226 122 250 117 169 239 38 50 162 107 71 200 132 222 120 78 30 274 232 84 85 26 180 125 55 17 103 251 208 166 115 189 254 28 218 65 113 255 238 220 183 90 88 13 264 213 235 163 29 2 195 154 228 74 75 276 20 93 68 293 286 186 216 210 18 121 176 237 100 40 69 23 152 196 98 91 187 295 275 86 72 229 249 92 51 108 231 49 34 298 61 281 278 114 37 118 157 139 67 7 110 124 297 258 190 219 62 294 126 22 45 16 205 9 284 283 119 143 57 112 247 76 94 99 149 147 217 135 59 106 214 192 31 134 199 145 46 87 188 209 234 95 287 299 193 203 301 282 104 271 150 302 260 198 265 246 83 127 42 0 300 244 221 290 56 73 177 123 167 212 111 204 241 256 138 211 21 64 194 230 142 136 32 36 277 10 272 175 279 52 182 257 259 48 153 47 102 70 197 171 44 8 207 43 267 146 129 266 160 4 191 296 77 58 181 116 165 141 201 233 15 159 243 262 240 268 202 155 101 236 269 6 54 291 184 215 285 270 89 303 66 140 161 97 288 252 280 206 19 156 242 25 24 253 39 185 27 133 131 261 263 248 60 137 151 
TEST LEAKS 5 ARG:34 66 156 250 10 139 244 106 75 97 19 199 32 74 52 289 53 165 104 40 260 155 73 137 62 217 120 150 103 170 45 295 228 263 140 27 231 235 64 115 67 300 58 79 284 42 291 77 35 198 133 89 303 206 253 112 8 209 213 37 16 196 246 241 233 257 276 134 0 159 297 11 188 212 266 157 98 261 48 174 93 109 247 176 69 24 255 49 274 118 302 194 195 229 265 28 80 55 168 203 132 278 294 214 193 33 211 92 83 277 161 200 293 220 76 124 207 173 290 298 88 127 100 204 258 254 78 242 12 187 234 7 111 240 82 248 126 145 22 181 95 138 222 256 14 167 275 90 192 182 227 237 190 141 107 113 114 119 36 84 51 189 171 81 86 63 232 110 128 178 99 135 6 281 172 144 221 38 238 162 68 149 271 267 163 4 183 175 292 148 116 57 151 108 129 123 158 152 85 71 39 191 268 25 177 65 224 3 166 94 153 259 296 205 125 304 41 218 216 252 245 2 286 272 18 202 130 13 46 47 264 131 197 5 87 243 299 169 223 249 143 31 219 17 288 285 29 210 226 184 154 136 102 301 270 61 201 20 121 251 215 239 283 208 230 23 91 185 30 160 142 96 105 164 279 43 50 122 21 280 59 72 180 225 186 179 117 269 15 262 60 70 282 101 273 54 44 287 1 146 9 26 56 147 236 
TEST LEAKS 5 ARG:287 90 262 35 220 221 91 267 291 134 278 290 228 276 279 28 149 81 11 142 182 21 139 296 199 101 294 244 114 269 295 272 243 158 107 157 211 205 283 146 289 121 304 54 15 270 57 170 206 247 189 257 129 89 288 61 126 238 135 240 161 229 108 144 218 111 303 183 120 75 85 248 258 245 241 181 1 27 235 266 132 94 138 45 43 14 8 298 171 3 164 127 216 122 273 196 249 165 93 64 246 239 207 59 210 136 63 177 65 41 225 284 264 33 275 2 97 39 109 301 131 281 297 104 212 280 252 9 254 102 203 151 100 6 36 88 31 62 26 255 286 219 105 167 166 42 23 60 236 222 178 137 110 175 277 173 38 119 73 256 237 154 233 202 47 160 186 123 197 230 223 92 153 52 300 74 227 184 44 18 185 213 215 232 96 150 162 124 68 145 5 198 148 168 208 76 29 128 292 302 40 79 285 78 37 53 282 156 83 130 305 217 67 191 193 242 22 214 50 261 113 86 87 72 188 224 180 293 117 172 56 84 48 143 268 174 234 17 51 49 209 190 69 159 274 116 141 118 20 263 299 98 34 32 125 4 259 204 152 271 176 155 250 12 25 163 30 147 80 16 194 99 231 10 106 260 112 46 192 140 201 71 82 103 19 253 0 58 77 13 187 66 55 95 70 251 226 200 179 133 265 7 115 195 169 24 
TEST LEAKS 5 ARG:279 74 86 4 208 253 150 19 291 200 256 273 288 123 169 240 220 37 197 263 297 228 305 107 25 248 292 289 83 132 45 265 196 241 115 281 23 63 158 59 224 173 52 7 66 39 71 62 147 231 42 119 282 89 179 260 222 262 50 137 129 218 139 76 209 33 255 15 79 92 296 56 85 302 12 205 232 278 60 148 149 64 109 194 163 151 223 124 135 261 87 243 229 189 29 283 254 247 299 193 70 217 97 219 134 226 1 113 101 178 267 24 258 295 286 167 80 186 192 105 35 170 187 181 72 154 145 108 122 100 162 141 30 94 34 185 31 242 54 120 160 103 155 233 125 201 128 36 188 168 21 166 176 77 202 6 153 96 110 10 159 236 118 46 174 269 244 225 26 65 73 20 102 210 75 259 290 199 69 203 204 44 212 246 53 95 198 252 191 91 40 142 184 5 172 171 227 99 301 106 274 276 16 17 183 127 61 161 138 58 51 38 116 140 14 130 257 11 3 13 84 237 2 275 294 207 180 175 144 136 121 78 146 264 22 133 182 27 93 303 18 117 152 177 8 268 238 112 131 250 285 230 280 43 298 114 234 41 82 47 165 206 164 216 190 48 104 304 270 277 67 57 195 157 90 211 221 55 98 9 284 272 245 126 235 293 28 81 271 32 111 266 0 214 215 213 143 300 306 49 287 251 249 156 68 239 88 
TEST LEAKS 5 ARG:265 69 263 185 114 132 4 78 29 204 63 289 288 47 199 53 141 6 83 110 236 282 34 255 150 81 43 41 304 200 233 270 213 139 62 46 178 0 90 30 86 98 256 208 165 94 116 302 279 230 174 112 305 207 240 198 259 231 68 92 11 189 206 113 258 21 172 42 123 22 55 239 205 82 12 299 131 25 89 253 23 248 191 220 111 75 97 145 247 209 261 84 190 19 287 243 225 228 183 210 128 109 227 102 106 153 146 138 254 149 67 273 127 286 215 85 285 167 147 142 217 235 173 271 234 300 117 184 40 169 295 203 244 242 37 51 65 275 45 175 64 159 211 301 226 161 296 216 219 27 264 267 16 140 121 66 283 101 182 223 54 8 14 35 91 218 179 221 249 120 72 152 303 104 201 291 157 151 87 222 135 124 48 122 18 196 194 20 241 237 297 9 52 298 137 28 108 24 136 268 269 100 7 232 130 88 224 292 56 26 156 95 76 260 39 60 17 126 306 71 280 192 214 284 250 15 166 195 158 188 31 61 164 278 202 290 77 38 129 74 251 246 170 57 162 193 80 3 148 245 229 197 5 257 281 93 155 144 32 171 293 168 1 33 252 163 13 107 154 186 272 134 274 59 277 73 262 177 238 119 36 79 133 49 70 181 2 10 187 58 103 115 180 176 96 294 44 266 276 307 118 99 50 125 143 105 212 160 
TEST LEAKS 5 ARG:201 64 4 105 171 210 272 308 36 169 231 93 176 195 174 47 256 75 43 8 127 214 59 125 62 11 229 107 80 188 118 212 292 234 289 91 46 258 295 159 241 202 97 37 164 32 204 63 167 232 61 270 68 86 113 187 106 233 263 243 273 45 24 141 193 88 216 196 252 55 116 207 84 199 92 278 19 223 148 222 130 266 123 259 56 227 31 306 287 77 178 1 163 40 21 284 102 149 114 283 30 73 200 180 250 177 305 57 108 271 248 132 307 96 0 17 182 152 10 66 151 94 253 249 53 181 153 23 112 20 54 22 82 51 192 89 215 255 28 85 6 198 2 237 261 155 197 33 3 194 209 236 297 13 41 208 298 120 136 291 145 38 281 301 225 139 286 160 95 288 254 58 137 9 268 161 29 257 133 18 299 185 265 49 100 168 39 69 235 165 279 134 157 184 290 117 213 7 247 304 70 128 67 83 276 175 166 48 109 296 16 206 124 172 103 251 190 191 25 14 205 126 183 228 189 60 146 87 275 104 131 170 302 129 224 79 186 76 78 262 98 143 303 147 285 269 300 239 211 119 142 81 42 246 238 179 150 5 158 74 219 138 162 135 277 226 50 245 230 173 72 99 154 240 35 121 110 156 111 280 274 282 27 115 244 218 122 260 144 242 34 220 90 203 293 71 267 140 65 15 26 101 44 264 12 52 217 294 221 
TEST LEAKS 5 ARG:60 308 236 72 145 281 37 180 125 190 80 94 290 138 169 133 186 230 36 112 62 88 57 54 300 160 124 113 4 228 104 30 248 264 106 2 170 128 214 174 98 202 46 27 84 172 171 229 48 102 149 108 117 301 304 42 282 201 271 285 153 192 119 39 159 278 116 18 132 199 207 135 287 262 302 23 45 209 269 13 8 212 123 131 55 224 245 16 249 109 79 211 97 167 44 14 182 187 40 148 188 272 166 306 86 178 34 11 58 7 241 173 92 91 3 253 238 121 156 309 276 5 33 22 280 213 275 216 179 158 234 222 295 74 38 163 260 164 103 21 168 120 1 15 43 193 299 139 247 198 261 32 150 105 83 185 254 87 210 81 41 258 283 232 90 95 10 221 223 134 29 289 28 115 244 152 17 266 165 52 203 194 47 53 303 183 111 25 56 259 243 189 151 220 118 231 233 252 96 307 155 268 288 215 291 175 273 263 292 257 50 227 64 6 219 0 237 205 82 12 93 181 218 85 122 225 76 176 191 65 242 251 217 297 240 246 256 20 279 63 196 184 127 141 68 107 277 270 204 226 89 67 26 70 296 73 200 35 265 140 235 101 206 136 161 77 239 208 49 274 293 142 154 78 51 24 100 99 298 129 61 69 305 143 162 267 75 144 250 157 137 130 31 286 197 71 284 114 59 294 9 146 19 177 195 110 126 147 255 66 
TEST LEAKS 5 ARG:54 85 303 212 66 109 101 20 262 208 19 71 192 275 41 77 87 14 171 155 76 282 128 162 265 99 95 153 108 276 116 215 299 274 147 235 25 91 209 5 56 199 67 226 110 4 294 151 16 283 268 123 290 258 107 252 103 186 159 121 105 213 38 46 69 48 51 58 221 60 135 193 184 307 243 169 298 74 39 42 224 140 220 200 1 286 190 288 244 30 204 144 310 256 90 230 174 306 278 65 250 237 143 261 280 86 57 257 231 180 172 122 59 113 148 61 152 281 37 270 269 232 227 125 154 234 92 138 214 89 75 253 132 170 167 15 131 34 228 219 246 191 260 104 284 17 27 245 88 301 68 272 273 149 233 247 93 118 195 130 251 182 177 248 80 98 111 168 293 305 120 254 188 211 189 242 35 84 9 13 196 134 173 142 45 304 31 197 139 267 150 23 236 203 44 179 202 114 185 24 50 241 164 62 300 217 289 0 63 157 64 127 26 302 133 163 239 240 146 175 82 309 18 40 29 156 161 249 129 33 28 119 78 117 124 187 229 287 271 22 8 279 292 79 97 106 7 285 160 205 81 255 70 136 115 277 102 12 218 10 207 222 96 181 126 223 206 210 158 308 73 2 238 263 296 83 297 11 141 49 194 21 36 100 216 47 3 183 295 264 32 52 72 112 201 178 225 165 53 166 176 145 259 6 198 55 94 43 266 137 291 
TEST LEAKS 5 ARG:292 154 44 309 72 196 286 118 4 273 19 280 9 88 188 268 192 230 250 27 217 153 46 311 290 110 288 225 60 296 104 189 182 308 5 71 241 40 107 293 28 149 240 73 39 23 246 254 74 42 302 227 62 129 8 106 92 155 275 36 270 165 14 209 112 96 232 276 186 219 58 300 152 86 266 263 97 277 264 294 0 122 174 170 25 101 253 143 203 125 255 259 121 35 295 237 278 291 272 37 126 207 30 157 13 47 81 99 297 102 251 49 166 124 204 51 245 133 229 265 151 115 260 215 120 10 93 109 76 281 67 1 279 223 48 90 148 69 239 114 226 145 26 306 261 235 184 53 191 135 228 140 214 136 68 111 231 210 248 238 289 34 127 108 82 147 139 305 150 180 220 31 299 116 162 75 283 208 221 160 257 234 18 304 171 190 137 198 256 252 247 64 146 43 24 284 199 16 301 98 212 41 33 52 185 236 11 70 205 78 141 117 167 285 57 95 131 169 218 310 176 193 56 271 168 222 202 249 178 175 158 84 195 177 2 179 38 200 173 63 87 45 213 21 7 55 181 303 267 65 32 103 307 130 142 100 79 59 187 105 159 89 163 298 242 243 262 77 91 274 161 172 123 156 61 282 244 144 258 183 3 15 216 269 128 206 12 132 17 6 20 50 113 134 224 29 119 194 164 80 85 197 66 287 211 201 22 138 233 83 94 54 
TEST LEAKS 5 ARG:216 179 70 100 249 77 245 244 235 292 0 105 194 34 58 144 169 4 147 39 197 266 215 228 130 117 283 76 140 253 284 251 139 16 27 101 156 185 120 252 188 29 296 224 74 256 47 265 233 198 71 223 11 55 92 209 46 37 285 259 138 263 301 64 154 112 82 273 152 45 270 78 2 192 168 94 279 180 295 136 9 102 206 114 7 113 242 96 236 79 68 69 269 311 15 18 72 308 134 151 14 80 161 298 123 67 299 129 214 293 230 193 286 103 97 271 109 232 276 126 212 73 89 42 247 143 19 229 166 31 238 290 3 227 258 309 98 81 181 182 264 30 43 6 128 44 201 54 20 170 115 135 291 274 157 217 184 173 91 226 88 304 307 248 178 202 93 142 268 90 282 124 211 149 85 294 310 183 145 104 261 240 155 267 12 8 63 231 221 203 288 210 172 17 255 281 75 121 163 207 275 208 186 297 127 23 289 21 35 187 111 133 306 116 118 61 164 148 99 48 137 222 110 22 132 131 254 28 33 51 262 1 56 277 57 65 40 24 260 171 204 162 225 196 278 10 280 220 153 165 159 49 176 257 218 190 52 38 106 95 300 303 146 119 41 122 50 191 25 150 195 287 174 32 108 13 5 312 237 246 83 107 234 141 53 199 205 26 302 243 84 86 36 167 125 66 219 175 213 200 241 239 158 62 160 59 87 177 272 305 250 189 60 
TEST LEAKS 5 ARG:191 18 310 145 178 261 235 103 212 170 189 206 199 123 221 220 154 168 15 182 237 205 126 108 177 20 131 291 114 151 127 122 83 273 87 136 211 294 286 34 181 250 169 302 253 19 180 80 163 290 222 44 195 185 167 125 8 82 230 29 25 132 4 41 138 166 146 99 98 200 32 53 231 312 101 208 78 70 242 207 201 179 223 69 137 28 288 268 40 160 24 260 13 258 71 3 155 93 271 280 31 54 12 234 153 193 311 254 283 161 76 51 278 266 292 274 72 293 67 244 216 144 224 243 301 11 252 1 187 241 96 94 282 52 14 152 198 97 58 226 134 246 279 128 6 90 65 248 26 236 27 214 210 277 265 217 257 43 89 48 2 148 21 16 305 118 133 313 74 129 49 184 91 263 299 295 188 173 149 81 162 102 183 228 270 296 105 45 172 308 130 176 298 10 113 142 309 264 219 157 140 112 115 124 92 159 307 225 196 60 165 249 7 267 171 143 275 84 75 77 85 61 63 262 285 95 281 158 192 119 17 232 215 100 104 272 164 9 218 109 42 111 239 255 245 107 147 38 287 33 106 64 190 227 121 203 139 56 259 306 116 202 141 156 35 59 251 86 194 304 0 175 276 204 284 46 88 238 209 47 120 297 174 73 229 247 300 5 135 68 186 213 39 66 240 37 23 117 197 79 233 110 36 62 55 256 30 22 150 50 57 269 289 303 
TEST LEAKS 5 ARG:188 128 80 8 13 201 242 214 219 65 191 140 158 223 213 122 155 280 64 126 24 142 216 311 131 163 44 33 134 106 97 175 181 167 272 47 85 192 150 208 144 169 226 42 198 302 135 38 227 234 28 260 204 313 46 108 37 157 11 43 147 297 269 52 1 114 67 35 276 113 187 156 165 133 308 184 6 125 26 120 205 160 212 109 88 259 53 129 62 119 151 7 100 295 230 91 294 252 231 189 312 3 99 268 20 68 94 263 193 29 27 98 153 247 238 278 60 63 303 217 141 237 57 267 283 298 178 18 261 132 194 299 111 70 235 206 25 39 166 82 245 274 248 289 285 225 138 190 282 127 271 180 9 306 123 275 137 115 249 304 162 309 48 139 40 215 146 0 159 168 77 173 277 59 185 110 281 66 4 250 220 21 118 36 14 12 93 104 95 292 288 179 222 34 255 202 54 145 152 16 200 31 143 172 61 314 103 79 291 257 296 196 81 240 243 246 266 186 209 30 253 96 5 228 286 244 207 203 177 224 107 149 102 130 45 74 76 49 87 19 229 71 262 279 307 154 251 32 270 273 211 258 89 284 300 301 254 105 199 124 176 310 101 183 92 232 241 265 218 293 197 51 210 305 22 136 161 55 171 264 117 58 86 116 90 50 233 164 17 221 83 10 121 195 72 23 78 69 174 56 287 41 112 256 73 148 239 290 170 182 15 84 75 236 2 
TEST LEAKS 5 ARG:157 61 293 146 297 17 174 41 8 140 266 299 314 90 264 166 303 138 92 263 123 267 133 63 5 97 290 144 141 116 98 132 107 160 75 120 50 284 114 268 127 18 312 260 242 74 2 40 236 53 259 203 68 241 315 252 307 269 296 308 42 239 187 162 194 33 216 152 83 59 253 186 89 54 95 65 205 305 200 34 212 271 192 249 235 48 164 165 29 292 58 310 232 246 15 278 110 84 23 197 158 118 117 43 77 108 282 161 27 273 265 1 22 36 136 181 25 301 207 16 277 255 289 178 125 7 51 130 6 229 222 35 173 14 213 70 196 237 39 210 103 209 62 175 309 143 135 191 243 251 64 231 38 300 11 189 184 88 224 168 279 183 261 182 10 230 47 276 233 285 44 188 190 86 78 180 71 80 145 258 274 126 9 137 154 211 270 32 85 134 179 163 256 19 221 3 147 262 172 295 82 115 245 109 45 129 201 240 87 13 56 73 214 72 185 218 220 104 155 283 139 52 254 151 294 112 101 4 156 26 227 226 128 215 167 106 272 199 281 153 119 170 122 12 291 124 142 159 298 206 177 195 81 105 46 57 228 311 149 91 102 31 0 198 286 66 248 287 225 150 113 238 94 171 30 250 96 69 280 93 313 219 202 217 169 306 234 37 223 257 76 247 67 244 208 275 55 204 288 99 100 304 111 148 193 21 60 121 302 79 20 28 176 24 131 49 
TEST LEAKS 5 ARG:151 301 310 201 231 288 50 123 145 176 159 51 108 127 302 116 309 91 25 9 209 179 265 165 257 153 6 65 130 18 316 5 109 156 46 172 276 261 40 214 133 237 121 198 251 175 262 14 3 304 86 154 134 296 161 120 300 187 102 192 125 143 227 230 68 75 64 173 208 273 311 26 58 193 244 0 243 28 152 281 205 52 285 38 203 164 246 98 93 268 215 77 2 19 289 29 36 206 225 250 305 239 60 66 114 126 228 88 280 271 298 202 196 47 210 314 182 274 35 94 140 122 150 43 221 117 306 42 224 312 8 124 107 294 181 100 81 138 27 7 137 279 195 72 171 113 189 118 185 139 141 313 278 22 33 84 249 178 13 115 299 21 92 199 101 144 1 241 87 191 53 232 10 234 247 129 110 190 63 34 252 62 85 177 73 162 272 79 155 213 104 90 158 95 168 89 106 99 174 284 303 207 96 23 269 297 242 71 184 277 260 197 147 149 59 218 157 200 39 256 32 17 37 204 166 11 212 226 266 263 41 270 254 20 105 160 70 55 211 258 287 119 286 61 216 48 69 223 131 295 142 12 103 180 293 217 16 82 291 248 308 45 170 15 307 229 194 83 219 44 183 188 148 136 24 30 236 235 163 97 240 76 135 112 111 222 292 132 282 283 31 186 238 233 267 57 315 275 128 253 167 49 74 78 80 56 264 169 4 259 67 54 245 255 146 220 290 
TEST LEAKS 5 ARG:171 147 58 44 205 132 265 106 135 76 282 187 214 209 309 240 222 120 271 129 51 280 258 52 274 65 279 262 244 236 163 68 145 249 1 166 278 53 161 188 59 69 77 89 229 245 121 276 292 167 29 253 316 221 195 12 216 97 304 45 16 86 56 185 62 3 210 164 152 15 285 93 172 83 125 202 203 102 261 137 204 310 170 218 130 136 138 38 17 266 257 117 311 124 168 91 18 178 2 99 247 64 312 49 177 159 297 133 139 100 281 305 78 60 31 224 157 28 227 215 14 66 252 153 107 290 101 299 87 246 198 8 315 288 235 232 275 55 111 113 165 150 306 105 314 160 254 269 251 71 233 116 36 126 128 182 293 0 75 284 32 108 231 313 112 134 277 242 141 34 241 191 303 80 19 287 190 302 206 225 98 243 200 24 212 273 173 181 27 295 189 88 92 50 123 20 268 95 289 154 158 94 7 307 208 127 21 180 169 219 259 41 47 220 43 255 46 156 42 296 237 248 151 25 301 140 109 211 131 57 183 79 22 40 239 272 104 199 30 10 39 162 184 193 201 11 110 81 174 90 70 294 23 82 48 118 317 146 291 122 176 142 217 228 207 148 33 250 226 149 194 5 270 72 61 263 175 103 223 267 308 13 143 256 4 96 74 260 26 119 37 144 298 192 286 197 115 234 213 114 9 54 186 300 264 84 283 155 238 73 6 35 67 230 196 63 179 85 
TEST LEAKS 5 ARG:234 61 153 21 189 210 225 203 89 121 29 146 309 107 180 198 31 271 220 45 201 114 26 163 249 144 96 91 7 222 191 265 267 285 293 136 59 294 43 317 19 129 98 25 112 247 133 171 38 5 206 14 182 292 124 141 253 106 168 131 310 297 117 175 172 1 305 79 218 192 195 181 118 154 274 183 254 145 205 279 313 242 99 39 3 259 41 9 260 226 71 173 56 40 151 13 93 264 149 287 94 255 200 161 248 20 196 108 127 301 208 75 16 169 35 34 283 102 263 291 128 165 52 160 42 269 126 46 223 4 85 235 188 185 23 229 311 316 304 70 170 67 78 139 77 174 284 272 314 281 54 237 164 246 199 81 33 224 105 115 58 308 227 204 257 104 268 298 179 100 178 57 95 217 256 138 65 8 68 303 177 231 24 123 134 73 296 11 111 282 261 197 50 28 84 135 142 202 232 228 55 277 90 306 125 186 270 130 193 219 243 286 10 122 315 176 262 215 97 62 140 137 241 150 116 66 103 60 233 167 212 18 302 245 157 290 12 53 6 194 47 152 88 162 87 36 30 276 156 299 101 275 240 209 22 166 80 147 213 159 15 113 238 216 44 155 83 289 110 17 190 214 300 236 49 82 64 32 318 280 86 27 184 211 51 273 187 158 0 48 69 252 239 244 37 207 74 295 221 288 92 312 278 132 230 109 76 120 307 148 258 143 2 251 266 250 72 119 63 
TEST LEAKS 5 ARG:234 19 277 156 96 189 284 182 14 10 239 168 186 28 250 60 80 270 240 81 149 227 216 25 67 99 268 313 158 248 97 35 107 246 301 130 292 92 30 17 306 175 201 242 70 291 187 203 27 148 20 151 221 68 59 147 64 281 185 111 190 261 12 63 212 191 273 288 236 316 283 49 293 2 312 23 196 121 55 126 217 131 11 40 303 37 220 13 300 238 172 54 177 253 310 206 169 174 42 122 294 72 98 157 86 69 0 280 76 269 5 159 251 104 265 46 154 200 129 170 124 95 161 232 255 173 254 231 114 171 155 165 89 4 7 41 224 127 309 18 264 178 90 290 244 164 317 143 135 180 258 249 237 137 152 57 123 66 278 197 116 262 34 136 243 307 198 259 208 78 233 3 9 133 202 207 286 146 213 305 153 204 145 263 75 162 61 52 29 65 118 229 192 45 85 272 230 298 62 274 311 125 15 302 82 77 119 83 211 276 209 51 257 188 282 38 50 226 21 195 43 132 71 79 315 308 112 184 256 223 56 1 93 218 88 279 181 150 275 228 128 44 103 205 142 106 299 117 219 266 100 105 36 215 102 194 295 319 252 141 48 24 109 163 73 214 167 32 47 134 26 199 176 318 31 22 115 267 241 166 225 6 271 120 235 296 140 289 84 160 39 183 138 179 287 245 94 33 16 113 110 297 210 87 304 260 139 247 314 53 74 285 91 8 222 108 193 58 101 144 
TEST LEAKS 5 ARG:304 75 181 98 44 97 286 266 248 312 276 135 279 46 137 240 214 165 49 195 185 73 291 130 51 47 211 147 299 287 224 134 57 146 136 306 42 155 228 218 126 45 28 205 217 91 197 284 308 239 269 157 250 22 178 314 238 208 92 310 275 257 220 265 259 12 281 50 150 254 153 246 305 225 67 24 37 207 128 273 215 48 125 66 212 33 124 88 17 270 253 156 262 198 285 36 77 0 93 138 94 160 112 300 221 52 283 190 64 56 116 127 154 89 184 288 25 175 149 144 13 302 107 65 317 177 258 100 316 27 298 143 162 243 81 69 303 95 68 166 152 315 268 39 103 200 280 70 102 23 272 180 148 109 5 117 111 232 263 158 18 11 172 170 206 230 231 293 233 277 34 142 121 43 292 311 55 90 110 187 53 8 222 151 295 74 267 290 163 241 313 245 7 164 244 78 141 87 4 264 16 186 105 274 86 119 309 118 216 71 31 108 35 96 229 255 79 282 21 101 58 32 249 120 235 210 183 104 168 123 60 61 76 247 296 169 251 223 179 82 204 19 133 236 10 1 99 54 226 29 199 301 40 106 203 38 2 319 297 194 161 202 59 9 131 41 159 252 193 209 113 85 189 294 72 3 132 122 271 320 26 114 176 84 260 256 201 227 129 14 30 15 237 278 62 63 234 83 6 20 219 173 171 140 182 167 261 174 145 139 213 80 192 242 191 318 115 188 196 289 307 
TEST LEAKS 5 ARG:277 193 11 259 91 251 30 45 98 300 150 297 278 320 41 238 143 8 227 123 1 261 44 60 310 303 245 190 237 137 285 167 59 170 254 25 102 228 296 273 158 178 219 124 86 256 17 140 250 117 174 282 153 252 232 51 38 281 16 144 19 265 53 50 249 302 92 36 136 215 305 239 199 222 111 87 267 253 69 126 206 188 161 283 248 147 201 182 96 159 14 290 266 196 163 240 198 218 304 149 35 247 191 34 308 104 58 223 179 95 114 135 129 241 6 56 270 192 209 9 314 186 220 195 221 246 18 269 176 189 210 122 142 194 262 97 125 88 229 164 183 264 242 24 185 181 119 101 291 233 293 319 205 141 67 139 116 197 295 298 13 131 230 231 213 108 318 274 263 146 226 70 63 85 157 315 204 93 49 312 89 255 225 216 107 211 313 5 202 39 68 203 46 284 165 61 214 286 224 79 23 280 200 112 268 321 154 22 134 110 168 177 301 55 175 138 171 260 62 234 32 292 42 78 72 217 113 272 180 235 148 294 83 115 187 47 166 130 33 311 279 208 236 29 37 43 77 289 288 306 276 162 31 172 132 100 0 120 118 99 121 109 287 106 133 127 2 152 64 184 40 90 21 27 156 66 103 257 76 3 20 7 317 207 94 258 71 212 82 271 80 160 81 173 275 155 10 74 105 316 26 28 307 65 151 75 57 299 145 128 244 52 243 309 84 15 169 4 54 12 73 48 
TEST LEAKS 5 ARG:218 225 18 153 315 161 144 61 191 89 145 63 74 151 302 84 183 320 299 105 270 9 307 264 143 203 212 253 229 154 29 92 256 73 134 265 48 38 173 142 232 234 128 32 129 33 278 186 249 15 140 319 68 66 40 146 237 114 236 227 199 65 31 221 113 155 226 261 3 308 130 322 2 294 124 10 19 292 318 321 118 44 117 303 244 252 120 208 284 139 242 224 190 116 78 108 137 85 174 36 245 7 187 165 193 17 41 257 57 34 178 99 260 219 250 279 201 206 106 175 131 158 189 35 126 148 80 312 285 262 157 127 156 180 77 21 197 45 64 25 52 49 162 254 91 28 86 24 194 125 172 220 6 54 121 55 182 42 75 67 268 297 177 298 70 275 141 169 293 289 135 109 123 243 230 149 102 228 314 185 235 290 97 13 274 30 100 200 287 1 231 46 76 246 83 248 300 215 207 69 276 266 310 50 196 263 179 258 163 170 223 93 167 81 247 72 47 313 210 26 22 291 211 71 214 79 301 305 164 43 56 23 269 255 166 288 37 280 204 112 94 12 181 267 184 168 283 176 107 202 51 96 216 198 133 171 282 296 277 90 103 271 152 240 60 104 281 317 217 295 138 4 238 195 192 88 39 309 304 209 213 0 222 62 136 110 87 11 188 58 101 53 115 251 311 160 259 272 122 159 147 82 95 5 98 27 132 14 16 59 8 150 273 20 239 205 286 316 119 111 241 233 306 
TEST LEAKS 5 ARG:30 162 139 145 226 247 256 313 107 157 292 320 92 207 178 49 2 104 109 61 106 284 242 31 29 153 86 223 201 39 210 321 152 121 137 225 276 15 64 179 138 285 6 294 228 23 204 147 54 140 105 286 290 211 282 19 41 141 58 60 87 169 143 78 133 65 0 127 190 205 85 128 5 84 90 62 300 24 134 75 97 254 164 17 170 233 185 184 245 70 308 243 180 307 136 257 89 53 279 267 187 299 236 280 74 45 52 213 260 117 258 270 289 115 159 296 261 274 195 173 323 16 119 206 10 81 316 103 246 259 13 198 22 318 32 99 20 37 114 7 309 98 278 241 142 12 301 288 183 216 269 255 283 232 317 38 33 131 34 229 101 189 208 319 148 135 293 273 76 132 298 302 263 266 192 11 161 315 248 146 25 218 222 21 43 200 275 271 166 175 27 212 303 252 167 95 235 165 51 82 44 163 231 88 151 154 297 80 36 50 268 116 177 171 56 240 291 322 93 124 265 237 239 220 217 40 209 120 306 272 314 123 221 112 8 182 4 304 126 149 113 72 125 250 196 199 238 42 155 48 150 47 1 79 295 244 203 158 144 28 277 197 63 69 3 262 59 68 83 281 219 111 71 122 18 287 91 264 194 186 96 168 181 193 55 77 230 188 46 57 100 202 312 251 249 253 66 35 234 176 26 310 224 214 191 311 227 156 215 14 174 160 108 130 9 73 118 94 172 129 305 102 110 67 
TEST LEAKS 5 ARG:244 195 99 108 18 147 213 269 120 182 105 129 286 172 256 313 145 6 297 94 222 166 113 86 176 243 161 193 219 76 255 110 56 109 261 191 122 157 82 242 34 190 186 67 296 41 143 132 262 139 156 211 295 57 175 20 247 114 107 204 150 36 75 55 28 194 207 316 283 63 254 320 299 197 77 102 305 83 87 167 43 284 13 4 237 159 288 289 315 259 51 292 155 260 152 266 54 206 92 136 135 171 228 270 267 322 221 7 74 235 184 314 312 245 217 173 141 64 149 65 223 199 224 33 169 112 301 48 123 214 101 16 78 250 278 308 168 29 272 27 131 32 58 304 251 202 42 317 90 279 37 200 104 189 81 246 71 126 148 138 85 298 220 300 170 153 293 276 273 218 93 19 248 14 215 229 227 249 179 318 232 164 268 124 25 275 234 281 158 241 192 291 70 9 73 50 121 5 196 140 134 2 35 162 30 240 91 216 128 95 40 53 0 287 97 117 294 133 17 321 181 12 118 205 119 79 22 225 49 180 277 236 72 188 88 174 239 210 61 103 125 177 311 45 160 226 10 31 44 264 38 233 96 302 198 257 15 59 115 47 154 146 144 252 323 282 230 183 319 187 127 60 265 1 23 106 66 142 271 151 3 290 68 116 11 209 8 307 137 208 280 26 285 46 62 24 69 163 21 263 306 274 238 203 39 100 212 89 253 84 324 165 80 231 178 258 185 303 310 98 130 52 201 111 309 
TEST LEAKS 5 ARG:228 81 167 114 38 278 200 202 153 127 43 300 277 196 150 79 205 92 156 21 282 71 10 73 117 98 233 179 317 232 106 225 216 143 58 137 184 115 209 262 187 66 230 29 12 101 68 244 198 214 206 35 306 182 229 2 201 61 139 312 248 183 97 288 192 276 173 152 13 57 128 157 269 110 158 292 147 90 296 93 112 45 215 50 302 39 109 176 103 304 285 180 227 113 83 26 203 310 246 241 46 279 49 219 177 319 136 25 80 297 274 283 168 212 270 236 142 271 130 31 18 259 325 267 159 63 40 289 239 162 213 249 293 186 87 321 65 20 266 19 155 16 265 64 120 22 322 51 193 32 3 204 148 88 122 251 170 210 264 311 118 15 100 94 286 172 37 284 70 303 14 294 133 62 116 131 313 223 27 165 34 197 308 318 125 52 309 185 138 315 74 174 238 7 231 121 169 290 76 221 108 69 323 132 234 129 299 253 226 280 55 78 99 268 145 245 257 75 160 59 252 195 208 295 8 67 84 126 33 95 256 298 5 190 207 263 163 149 91 6 85 102 41 199 42 9 23 171 260 211 72 89 250 254 1 194 175 44 240 218 178 146 305 82 287 140 261 273 291 189 24 60 48 281 320 77 301 119 188 151 255 54 191 53 96 220 314 17 47 258 324 0 272 242 316 104 144 237 275 217 224 166 30 154 111 134 86 36 28 135 107 164 4 247 11 141 222 243 235 123 105 307 181 161 56 124 
TEST LEAKS 5 ARG:251 294 148 290 233 52 53 197 203 103 316 272 23 16 256 278 11 174 231 198 241 259 76 205 73 67 300 104 167 224 145 268 306 319 208 132 13 207 38 228 26 240 304 56 326 258 116 47 219 77 15 135 187 119 9 227 244 212 213 12 277 3 287 263 64 110 0 139 171 33 308 185 70 125 51 293 102 88 128 32 99 71 252 78 239 161 92 83 175 86 204 72 10 8 265 242 46 156 19 50 188 59 30 39 303 133 262 101 321 68 301 20 325 311 55 246 137 27 168 206 21 237 94 230 214 298 186 257 312 236 117 123 147 310 292 164 105 106 41 118 91 115 152 82 238 151 193 109 36 296 243 279 234 79 297 35 93 25 183 221 235 200 31 61 143 181 169 134 180 210 84 196 211 90 223 191 173 7 66 232 144 48 261 160 295 302 216 184 315 129 108 309 159 177 140 42 270 113 288 163 199 85 282 178 215 5 157 130 149 283 255 320 1 158 182 63 120 154 28 141 192 81 22 202 122 87 162 229 96 222 253 29 131 75 114 305 18 218 176 307 121 107 285 269 37 209 17 248 60 24 323 97 226 127 324 190 126 286 318 58 276 281 274 166 112 40 153 273 266 264 146 317 34 322 65 49 245 124 62 14 4 220 247 280 314 254 189 150 217 80 225 155 250 100 165 111 275 271 54 98 194 201 260 95 249 44 291 172 6 284 43 2 195 142 45 299 136 138 89 170 69 313 74 57 289 179 267 
TEST LEAKS 5 ARG:231 79 67 161 262 19 184 224 228 240 298 104 274 7 48 144 325 115 83 70 153 326 245 122 46 208 297 285 22 219 142 53 92 267 90 183 134 32 30 239 251 294 237 206 157 88 299 292 150 20 311 159 143 126 149 52 221 318 197 198 171 191 271 51 264 256 178 39 235 125 188 214 212 316 218 272 4 47 205 313 252 5 60 118 44 172 164 78 216 301 64 246 234 24 168 121 41 89 160 189 68 327 29 226 106 276 238 38 148 10 50 275 132 283 202 247 133 307 62 244 210 99 282 293 69 43 58 263 166 201 317 129 320 112 305 295 310 151 291 93 242 56 289 211 287 261 199 147 87 156 186 131 281 243 284 21 260 91 181 322 193 257 73 130 187 296 140 13 128 40 16 116 139 222 97 11 14 42 315 95 54 185 265 229 61 230 279 136 33 306 105 321 167 269 174 123 304 232 250 277 215 102 209 290 259 80 270 190 120 169 227 135 268 258 177 138 17 100 170 127 312 280 103 233 165 1 81 248 66 23 12 278 180 124 65 114 55 236 241 196 76 108 175 31 176 158 308 195 85 77 255 286 309 107 84 36 8 203 86 154 37 45 117 3 200 0 28 94 59 49 74 75 109 34 225 273 25 266 111 137 288 207 253 18 220 182 314 254 300 217 223 35 162 26 2 141 101 249 6 155 27 323 324 145 213 110 63 71 98 82 152 319 119 302 204 15 163 173 113 194 96 146 72 179 9 192 303 57 
TEST LEAKS 5 ARG:33 145 121 226 50 297 217 162 149 203 163 253 53 258 58 28 142 5 236 31 222 201 159 30 79 88 68 156 52 207 63 227 9 234 57 174 99 197 224 61 204 281 242 247 165 277 84 13 154 190 184 135 325 45 34 323 125 187 232 18 115 111 250 32 109 105 130 191 74 216 321 254 313 206 180 90 188 182 20 48 202 100 137 175 73 210 211 124 237 295 209 64 245 22 301 148 172 94 244 291 143 322 3 200 8 10 319 238 23 139 199 17 43 293 173 77 101 47 215 279 219 157 310 272 1 223 273 183 288 118 29 231 266 309 185 60 168 40 208 106 311 49 324 262 129 167 326 102 98 126 192 214 12 166 15 26 189 312 91 298 150 239 260 305 103 134 14 96 268 179 19 169 21 39 327 93 275 83 85 95 81 7 161 171 284 194 230 300 42 178 282 86 233 36 292 62 104 252 153 186 290 251 225 170 243 16 220 123 51 306 146 25 67 65 212 132 155 56 218 107 27 116 264 138 274 120 276 2 198 72 193 0 41 131 299 92 296 176 287 308 117 11 128 248 75 140 304 141 55 289 256 80 112 151 147 303 270 66 255 78 285 318 113 87 261 315 114 164 280 229 196 177 122 328 246 235 37 108 195 133 69 38 294 89 152 302 278 160 228 4 316 46 259 54 82 271 283 6 257 144 71 127 249 221 267 181 158 314 240 286 76 269 59 205 317 213 35 24 320 307 241 263 136 44 97 70 110 119 265 
TEST LEAKS 5 ARG:237 117 83 327 258 150 206 129 153 12 68 279 316 7 271 168 55 231 204 88 227 262 45 221 169 58 93 17 121 197 297 317 303 229 208 27 159 175 155 191 8 28 220 42 130 3 84 135 288 251 115 50 273 147 126 107 299 230 252 112 137 295 90 250 247 241 32 301 106 43 167 225 4 212 157 166 249 60 34 270 49 205 239 202 15 203 280 38 94 323 189 22 10 308 75 195 70 101 26 253 9 170 315 312 232 77 62 190 136 133 154 248 281 57 5 69 294 264 103 141 267 244 311 39 196 25 300 66 184 263 326 272 290 176 35 124 116 148 33 123 296 71 48 31 82 125 53 245 217 99 61 181 98 54 105 309 78 173 219 132 29 18 233 199 152 177 256 87 95 89 41 102 162 305 183 37 218 73 134 224 286 79 194 266 67 164 276 261 30 2 21 201 97 145 16 19 118 149 307 64 65 216 313 180 47 289 318 193 287 56 11 234 146 192 260 278 142 255 257 156 96 259 321 291 13 144 226 128 163 72 151 63 174 0 188 143 109 310 240 298 236 165 243 81 44 52 292 214 235 324 274 325 14 6 284 122 51 158 46 185 306 187 131 108 213 320 182 104 242 138 92 120 172 319 223 178 282 302 20 111 161 322 59 171 127 100 198 24 211 36 328 314 86 1 265 254 293 139 113 275 140 110 114 268 222 91 160 283 277 85 40 304 329 23 238 80 74 119 179 285 210 228 209 215 207 269 186 246 76 200 
TEST LEAKS 5 ARG:68 50 150 218 330 281 5 299 130 76 62 182 93 193 310 132 10 297 258 78 105 210 291 235 238 320 110 295 11 323 207 265 166 12 152 14 179 107 165 275 37 292 322 125 226 187 29 194 84 4 139 257 24 177 118 56 309 209 149 247 164 136 283 306 274 318 31 131 189 73 91 53 325 175 144 243 280 90 69 186 286 262 242 157 109 225 317 296 119 6 64 88 45 176 190 18 287 300 249 328 201 75 143 22 313 199 77 191 40 87 63 70 137 89 123 271 219 195 202 79 241 285 232 26 74 101 270 66 272 27 104 92 140 170 124 158 57 145 67 236 180 302 3 113 102 217 308 255 128 233 141 273 151 98 159 251 264 138 133 294 65 324 52 48 301 80 19 51 116 276 267 321 278 167 289 58 224 28 326 245 240 174 197 43 203 268 127 178 2 117 254 59 183 204 314 277 115 305 222 256 1 23 269 114 55 211 192 32 126 33 213 171 34 293 148 49 25 188 290 86 147 214 142 106 282 228 146 38 185 154 244 135 184 60 42 61 220 239 168 120 99 312 237 96 0 129 253 20 30 97 196 252 103 54 169 230 315 100 327 205 134 82 13 231 8 95 7 112 36 304 307 163 303 161 122 162 263 260 216 298 35 172 44 47 108 227 155 208 181 316 156 206 72 16 41 250 246 311 198 215 153 212 259 9 234 319 329 17 288 85 173 83 94 21 15 261 39 160 71 111 81 229 284 121 223 266 200 221 279 248 46 
TEST LEAKS 5 ARG:35 164 97 87 72 147 26 123 60 133 238 239 251 235 322 224 172 41 42 50 64 12 283 183 100 5 297 117 257 212 264 155 78 130 269 296 48 0 49 285 301 159 112 149 280 15 171 161 81 146 22 66 236 94 225 214 196 89 91 177 170 148 181 193 260 180 307 291 223 40 278 136 77 277 134 231 113 102 215 62 80 219 315 29 167 132 110 86 252 234 286 174 154 247 276 312 233 76 300 138 259 27 175 321 67 227 302 18 4 198 20 317 58 28 121 253 32 179 284 140 298 216 266 249 306 230 61 158 21 141 325 65 295 309 144 135 271 99 323 71 98 232 244 290 92 272 192 182 44 200 281 119 275 6 23 30 218 107 241 11 242 211 111 79 101 128 52 105 331 129 287 316 237 84 126 258 74 188 45 274 70 226 201 115 43 75 288 24 248 3 293 213 16 7 38 199 329 229 207 256 282 2 313 292 104 209 176 326 304 318 137 221 120 39 17 19 273 47 190 194 303 185 189 116 289 320 262 191 202 250 127 8 157 46 305 173 142 73 88 53 184 55 311 267 69 261 57 59 131 54 56 118 156 34 270 37 328 9 327 152 14 10 187 82 279 139 186 143 90 314 203 206 106 222 178 169 330 228 25 166 124 36 243 210 217 63 263 122 51 308 197 13 31 324 255 93 96 114 109 208 205 125 83 299 150 265 153 145 151 220 319 204 165 268 160 108 1 103 254 68 310 246 163 95 168 85 245 294 162 195 240 33 
TEST LEAKS 5 ARG:71 258 63 76 293 308 3 235 27 263 303 60 226 151 1 319 179 237 304 260 0 301 175 247 295 248 22 325 177 212 110 90 276 242 302 165 10 150 23 97 265 193 170 93 266 106 117 277 85 249 87 205 51 139 320 6 12 283 50 223 147 24 204 36 307 286 279 99 34 234 278 289 7 292 189 174 122 62 11 195 83 206 281 126 77 254 72 200 39 158 171 25 207 194 218 309 41 202 168 95 330 214 232 100 8 199 192 160 38 70 163 109 120 201 267 190 84 148 118 290 294 184 296 146 47 198 17 61 79 144 59 188 75 196 182 324 167 208 19 228 317 4 300 164 88 291 331 310 116 299 239 162 285 103 125 183 40 280 121 138 123 13 176 225 44 133 220 264 141 45 209 134 119 143 78 306 132 159 9 43 67 313 101 18 91 282 136 250 52 156 124 233 149 173 169 321 56 16 229 28 215 219 157 73 241 14 130 107 68 5 48 238 273 275 323 94 82 222 142 213 186 332 185 274 231 46 252 178 217 322 86 80 314 15 224 105 140 211 328 128 152 240 137 329 135 30 26 181 55 32 203 216 65 129 111 315 245 236 298 92 31 114 257 297 244 255 58 311 230 271 113 261 256 42 210 288 327 326 37 89 272 268 20 145 312 49 221 287 246 253 153 172 127 96 35 197 269 191 57 305 166 33 102 21 98 270 161 54 104 154 131 115 69 155 112 74 187 64 29 284 316 81 53 108 66 180 2 259 243 251 227 262 318 
TEST LEAKS 5 ARG:211 45 156 199 179 110 147 76 246 253 44 153 261 220 333 264 172 59 35 49 57 232 186 313 96 194 5 85 208 114 182 160 322 300 139 127 269 203 214 121 189 7 240 126 318 46 301 82 275 52 104 39 77 271 307 207 75 140 141 213 236 101 195 4 42 84 47 329 100 55 222 316 18 124 163 188 36 292 87 299 33 332 112 223 142 68 266 298 234 180 181 73 297 191 187 278 129 12 99 224 183 303 326 282 262 150 192 51 228 120 289 204 138 294 176 221 145 280 324 106 113 242 169 210 230 257 54 132 34 13 288 22 135 119 2 25 284 202 11 277 58 149 178 41 259 155 293 146 65 225 184 116 268 167 24 30 206 63 70 244 331 245 98 258 9 92 80 239 158 212 103 69 66 122 267 272 102 134 251 233 21 190 314 133 97 270 40 311 185 295 235 37 170 83 304 61 218 0 285 274 14 164 241 10 252 162 19 157 151 60 50 263 161 217 243 90 81 166 62 260 279 128 321 118 196 16 91 174 23 17 117 130 281 32 237 159 131 105 108 249 287 168 291 216 15 248 177 53 247 64 276 143 198 283 38 265 327 88 137 320 6 250 125 95 27 317 319 273 79 8 109 26 205 227 43 231 111 302 115 48 215 107 165 256 286 197 305 1 31 56 323 78 254 229 154 201 309 67 325 152 255 74 171 290 226 71 328 136 330 29 28 86 310 93 306 312 3 315 89 219 308 175 200 123 193 173 296 20 144 72 209 148 238 94 
TEST LEAKS 5 ARG:239 19 11 5 160 210 183 15 272 277 154 17 22 61 181 42 223 199 315 90 221 140 318 193 220 165 311 91 130 47 152 105 299 58 16 235 137 236 244 233 276 13 71 62 136 297 182 298 95 323 273 149 275 264 29 63 185 259 196 20 170 293 292 306 286 25 146 281 174 241 282 211 319 307 156 37 164 200 283 226 270 121 161 18 334 169 294 162 253 128 216 305 153 34 224 263 54 245 31 325 316 208 243 217 145 27 268 324 97 258 151 41 257 262 192 246 116 96 261 142 175 52 74 290 320 186 280 32 232 266 84 238 43 190 194 207 139 81 64 218 123 106 198 66 77 302 135 75 222 163 250 124 86 326 141 168 234 87 24 8 195 197 6 291 269 138 36 55 249 180 28 314 44 279 92 101 143 303 120 82 49 88 98 240 9 274 155 68 173 201 85 189 327 219 288 231 312 69 260 56 171 50 133 107 109 228 322 176 131 202 301 102 129 287 78 255 108 148 330 30 46 206 256 237 187 110 230 308 93 296 167 144 113 132 212 65 267 0 14 179 333 39 289 103 177 70 313 111 126 4 172 38 147 214 114 247 89 178 79 204 21 229 118 150 248 134 26 99 122 73 332 295 213 72 53 309 158 23 252 57 83 12 205 2 285 112 3 251 188 94 300 127 45 215 40 321 159 331 7 278 271 310 225 35 166 104 329 328 125 1 76 227 119 48 80 304 117 51 203 284 184 254 100 265 209 115 317 33 191 10 67 60 59 157 242 
TEST LEAKS 5 ARG:63 193 305 34 325 113 330 23 101 105 197 6 297 286 152 129 214 92 304 223 185 25 205 90 335 12 189 321 181 136 138 145 109 48 52 159 89 110 187 32 184 21 250 276 103 44 102 295 274 211 332 119 124 78 139 160 210 146 114 280 94 233 307 158 218 243 196 26 273 310 173 85 270 42 281 121 140 82 326 72 87 131 157 256 327 17 55 127 269 106 213 238 199 107 133 229 33 318 154 93 277 108 247 290 79 191 225 10 41 175 302 169 166 208 171 112 244 14 230 117 104 64 151 66 15 329 77 22 142 265 180 19 232 279 254 334 167 303 209 37 50 188 322 150 122 80 245 220 260 115 18 40 71 183 248 73 170 68 323 314 5 328 331 74 163 16 36 288 149 178 272 240 301 9 148 132 144 141 224 186 176 195 252 8 257 262 315 217 266 292 202 320 30 222 259 206 27 291 312 54 155 204 333 137 165 7 95 174 275 282 91 215 192 153 241 120 317 316 67 284 179 168 319 20 135 271 264 306 100 198 38 53 99 216 29 177 268 45 235 172 58 287 182 31 194 246 75 201 56 298 311 200 125 62 43 47 59 308 289 212 116 324 190 249 239 313 283 285 253 3 236 221 261 299 46 13 267 65 309 51 294 84 263 226 234 98 24 300 57 162 207 134 69 76 130 97 231 219 278 237 81 70 255 296 128 111 293 96 86 61 203 118 251 161 143 4 49 1 156 35 60 164 11 0 147 258 28 2 39 83 123 228 227 126 88 242 
TEST LEAKS 5 ARG:253 87 254 323 241 320 232 99 65 250 45 238 11 112 81 325 306 88 117 327 33 295 226 331 246 147 146 288 335 249 93 273 135 248 328 299 120 10 57 0 123 263 204 316 2 200 25 72 225 165 44 160 132 92 98 297 336 97 64 116 17 141 289 63 255 257 5 206 194 267 237 173 229 218 312 109 12 52 283 118 150 287 259 209 103 282 144 302 183 181 104 127 275 156 188 101 61 274 53 54 193 318 303 301 28 269 145 324 205 256 296 330 100 268 178 266 293 102 79 185 75 276 49 317 21 169 133 224 196 39 42 310 223 231 59 244 51 161 315 228 186 134 180 74 240 70 309 9 208 176 260 258 245 32 38 292 247 152 27 36 201 164 76 43 262 294 110 149 308 197 143 163 319 113 333 300 139 285 166 199 162 191 3 284 157 125 264 69 71 108 119 16 107 29 82 48 46 311 58 179 219 261 280 67 140 304 94 115 195 243 170 171 15 198 286 213 314 55 236 77 111 106 153 91 47 85 40 189 168 159 177 321 20 30 128 221 230 126 4 80 252 298 235 50 34 124 122 78 272 19 137 233 281 202 13 212 207 184 217 332 214 154 322 242 129 6 271 265 239 138 278 142 151 270 35 167 155 96 73 68 182 14 66 305 190 1 86 114 334 192 90 210 95 26 216 22 251 136 121 7 175 203 89 279 23 60 18 8 329 24 105 174 220 56 227 234 130 158 307 41 211 37 172 83 148 215 290 277 313 131 291 326 222 31 62 187 84 
TEST LEAKS 5 ARG:197 134 54 52 109 169 271 76 204 46 4 155 328 201 255 97 264 58 149 31 290 12 95 133 297 115 250 335 141 215 110 211 35 63 275 256 81 0 107 21 241 254 308 163 236 132 210 65 283 15 200 78 225 165 228 268 96 38 68 314 274 188 291 80 219 130 214 277 47 217 101 43 186 199 180 19 82 74 247 67 70 91 235 246 14 195 9 237 20 212 27 189 59 98 260 310 326 190 304 196 71 64 294 138 172 127 224 239 299 61 128 300 37 307 108 248 140 90 7 205 216 261 159 22 263 122 168 253 208 337 222 296 282 267 272 280 221 44 231 69 178 156 334 66 153 324 25 75 146 192 202 316 318 281 191 11 36 323 313 170 333 120 112 51 258 295 34 273 330 181 244 41 305 126 26 3 161 336 5 8 158 39 173 114 73 301 284 325 252 306 213 135 103 57 311 287 245 198 327 270 93 292 79 142 99 42 147 105 194 332 2 49 206 209 320 179 10 171 285 113 177 289 85 33 232 84 17 322 145 150 83 226 151 266 6 251 238 40 319 30 86 185 203 259 193 119 243 1 233 121 265 104 229 184 293 28 125 143 276 298 55 100 88 218 137 315 160 242 162 183 174 117 182 136 312 167 116 223 148 279 234 94 18 157 13 288 175 220 77 187 56 118 240 29 269 139 62 124 32 45 16 106 50 166 123 23 129 24 87 89 60 331 302 249 207 92 262 227 164 53 257 321 144 176 154 309 152 286 278 131 111 303 102 230 72 329 317 48 
TEST LEAKS 5 ARG:322 89 5 173 109 183 213 34 28 327 18 316 51 120 14 168 38 77 65 27 136 303 131 19 163 178 53 112 196 87 331 114 212 273 24 228 293 336 42 101 258 129 219 49 127 54 245 221 68 335 60 201 93 306 98 206 166 86 185 241 35 85 118 3 105 297 9 17 151 305 84 41 149 266 167 232 58 164 289 255 172 123 216 187 66 147 247 226 280 304 161 208 195 153 6 62 234 36 218 104 117 262 198 248 181 237 79 307 23 44 162 235 205 107 106 179 277 193 13 211 253 240 111 70 278 207 283 39 254 261 299 113 321 48 200 209 249 1 47 82 63 69 309 284 333 90 203 128 175 288 12 21 100 243 97 119 319 244 16 257 186 154 95 15 135 8 146 124 192 142 188 231 229 43 67 145 256 76 45 92 110 7 57 108 152 96 80 174 217 242 133 2 91 287 260 225 267 308 294 275 276 214 191 138 158 296 52 268 251 64 4 88 115 269 171 210 274 310 139 37 134 285 337 50 332 199 215 329 204 176 301 143 334 250 160 239 222 83 140 71 94 74 317 103 270 177 81 31 157 130 122 132 264 102 155 292 72 121 252 282 311 137 75 55 148 190 312 281 318 202 189 73 227 29 300 46 32 150 271 236 197 78 263 291 40 116 323 328 315 313 302 25 141 180 338 99 125 59 326 324 22 26 20 279 246 184 325 126 170 30 272 159 169 156 194 265 298 11 330 224 320 286 220 314 230 33 223 290 233 10 61 259 165 295 56 238 144 182 0 
TEST LEAKS 5 ARG:124 91 323 241 271 252 37 80 14 35 51 114 22 245 40 70 42 151 164 207 135 321 330 257 235 334 307 331 297 316 183 15 99 177 182 295 281 234 127 233 256 180 87 275 34 78 65 339 93 5 258 1 105 83 272 294 140 54 189 193 165 261 66 308 218 102 247 335 157 18 148 13 126 171 329 296 110 324 150 337 186 86 6 273 81 109 82 338 32 84 23 229 209 4 61 122 92 168 20 47 108 72 196 195 230 113 248 178 202 89 134 310 19 24 333 74 255 268 30 259 139 12 112 315 125 103 306 119 173 267 217 138 206 166 262 205 332 59 283 49 309 242 107 25 260 52 26 299 212 277 269 320 303 227 246 270 290 322 50 11 31 131 175 36 184 144 28 160 225 163 7 85 191 336 311 201 69 154 226 187 237 222 48 319 3 142 111 152 130 293 179 146 141 136 64 176 155 79 116 313 305 282 158 39 244 279 129 88 220 118 263 8 204 274 60 314 232 2 9 29 98 63 76 215 194 53 224 238 10 46 239 58 236 325 169 292 301 33 16 312 231 77 298 43 121 96 0 318 289 55 174 90 251 153 27 38 284 213 203 327 170 276 190 192 17 21 137 216 162 264 181 44 41 287 117 291 223 219 250 302 45 57 68 159 188 228 95 240 278 104 149 253 221 197 280 132 211 185 317 198 266 101 210 265 143 97 249 62 304 254 208 300 199 75 100 106 285 200 161 286 115 67 56 145 156 128 94 172 71 326 167 120 147 214 123 243 288 328 73 133 
TEST LEAKS 5 ARG:57 295 101 89 141 217 73 254 306 320 221 208 96 224 242 102 106 183 233 32 308 266 159 251 271 192 110 198 322 152 313 235 8 287 168 321 243 20 302 14 11 111 84 180 59 63 297 53 119 142 336 94 203 143 207 117 80 26 285 9 240 291 150 157 30 293 255 226 331 95 160 25 218 197 275 69 332 299 309 19 125 339 66 118 39 229 338 77 241 225 219 131 76 167 324 87 97 127 151 317 211 40 92 227 115 212 175 86 323 202 210 79 238 58 93 223 98 121 42 83 113 289 21 292 311 280 282 231 36 35 315 116 200 37 276 4 190 268 22 173 34 181 72 112 290 148 232 49 6 48 318 244 220 262 61 250 103 303 253 65 209 288 214 105 337 12 134 0 247 104 230 186 60 82 85 316 75 33 307 194 23 31 135 28 252 56 234 128 24 333 179 281 204 129 216 191 174 139 189 161 147 13 52 246 319 327 158 256 206 1 29 296 239 328 133 67 55 146 132 17 187 201 273 249 124 205 90 38 108 270 130 100 164 162 265 46 54 325 171 2 44 15 178 228 222 99 335 62 70 163 43 277 177 185 263 257 272 176 312 258 5 137 314 284 236 184 91 340 188 304 144 278 283 182 269 45 51 267 138 248 305 18 149 123 47 50 145 213 64 155 196 78 330 81 326 140 107 10 3 264 16 170 156 237 114 41 195 245 153 109 199 215 27 136 166 286 300 71 334 154 310 172 301 274 74 329 259 294 165 120 68 298 7 279 260 122 169 193 88 261 126 
TEST LEAKS 5 ARG:50 319 281 68 320 188 97 222 185 216 285 304 274 280 87 75 253 243 22 271 268 175 16 311 140 30 143 99 155 199 4 302 254 74 89 310 227 35 124 156 307 45 38 54 299 63 112 169 81 163 76 13 264 101 100 225 154 33 338 335 186 31 176 142 180 221 173 69 71 106 6 324 278 214 322 141 309 339 297 332 275 326 284 78 136 312 132 203 47 178 32 158 301 41 166 224 82 153 139 263 269 59 159 55 111 27 316 248 205 210 265 95 146 56 34 133 119 26 337 198 196 257 341 28 211 114 51 240 231 129 235 130 223 193 292 120 157 80 236 9 208 212 327 144 276 286 110 18 147 215 92 115 96 152 8 336 36 126 328 259 296 247 260 283 207 314 12 174 14 20 192 218 138 128 255 282 201 179 305 0 202 165 277 172 46 237 24 266 272 10 189 85 270 131 117 298 2 325 40 171 62 197 195 238 256 241 17 229 220 267 107 127 313 70 315 67 234 177 242 64 245 303 294 334 249 135 86 251 160 151 233 226 329 58 300 149 102 239 72 104 261 252 5 182 306 340 66 7 317 91 52 134 44 228 103 1 168 213 331 29 11 164 232 194 246 167 161 200 105 43 98 125 148 289 295 113 79 209 21 187 23 93 206 217 137 118 258 244 150 15 37 330 333 61 293 321 287 288 42 48 145 204 181 57 279 39 60 318 219 94 77 190 53 250 230 83 290 323 123 121 3 122 262 308 65 19 109 116 88 162 170 84 25 108 73 291 90 183 49 184 273 191 
TEST LEAKS 5 ARG:39 143 261 195 227 209 16 118 295 341 41 117 239 310 243 185 105 27 339 0 286 13 318 7 160 164 64 79 67 340 262 66 163 124 38 157 180 137 131 317 65 49 330 283 288 153 291 332 242 328 114 308 241 294 218 307 63 3 83 226 152 183 285 220 329 53 186 277 5 173 77 99 322 327 133 128 91 61 169 171 106 145 216 146 194 109 86 129 337 255 81 36 273 267 94 257 100 177 25 187 138 10 58 51 4 306 258 259 324 181 326 111 293 236 87 212 331 231 69 319 280 190 268 312 123 74 72 299 23 204 237 17 188 159 22 338 104 284 136 201 265 238 260 170 253 2 93 252 269 78 119 199 211 334 60 127 35 271 217 200 282 155 130 304 275 52 196 161 198 19 251 95 142 225 147 172 80 108 150 296 298 141 54 191 107 103 125 167 96 11 300 178 301 232 205 126 158 48 208 222 272 76 290 221 57 28 256 34 235 342 71 8 314 229 55 281 292 37 32 156 249 313 97 14 230 18 192 73 165 168 250 325 176 303 26 89 47 30 84 213 189 305 144 215 59 279 92 121 134 210 266 29 24 56 278 50 335 101 122 140 320 154 21 224 70 6 85 214 12 309 135 297 276 115 263 270 148 228 112 110 336 289 316 206 98 40 184 82 254 193 75 43 151 102 42 44 246 166 139 219 15 274 248 1 287 88 120 45 207 90 31 33 175 9 247 244 179 234 46 202 68 162 333 323 315 113 174 62 233 311 245 197 302 20 116 321 149 240 132 182 203 264 223 
TEST LEAKS 5 ARG:195 215 4 282 237 265 257 93 32 193 111 82 106 78 178 2 226 324 277 298 287 194 52 12 9 192 137 85 61 308 183 13 147 15 91 328 48 143 163 119 283 136 71 162 219 190 43 68 327 279 115 153 236 49 267 186 302 280 185 34 253 216 175 96 39 156 285 217 288 340 139 80 332 24 284 291 275 121 318 118 281 323 8 23 148 55 334 126 244 329 107 189 169 201 199 104 202 129 331 128 248 218 70 103 172 241 60 336 316 151 113 133 165 46 122 225 167 205 309 254 150 30 3 117 99 223 86 252 120 31 28 25 92 81 229 47 245 182 233 204 300 286 76 57 341 88 5 234 17 26 176 164 231 198 224 238 75 114 290 200 127 27 315 304 273 321 220 210 206 188 227 196 330 269 314 256 251 191 79 173 313 22 289 100 305 222 125 41 255 109 326 301 18 89 64 179 335 235 53 171 21 131 130 157 242 160 203 141 312 177 84 212 249 16 307 124 105 278 320 181 228 98 19 159 51 74 168 6 140 207 264 63 144 342 135 276 152 38 299 58 36 250 271 268 246 154 325 108 180 338 123 197 272 211 10 297 102 258 146 263 261 67 213 247 184 44 7 40 295 174 62 166 240 293 116 65 56 161 208 333 306 266 138 294 90 37 59 339 239 270 77 1 142 134 72 262 69 260 145 155 317 232 158 50 319 214 33 45 97 83 112 274 66 303 337 343 292 20 11 73 259 35 29 94 310 132 296 230 101 95 87 54 14 209 311 322 0 170 149 187 110 243 221 42 
TEST LEAKS 5 ARG:219 231 173 146 176 330 180 47 237 124 221 165 140 160 218 11 289 10 51 135 132 265 42 128 251 94 110 151 153 301 156 269 71 99 93 195 293 105 36 337 79 306 198 49 245 59 170 233 332 333 205 6 8 54 254 243 175 194 97 224 196 270 131 17 41 111 318 209 18 125 22 285 324 129 197 207 225 139 232 236 282 181 210 23 32 12 127 311 158 58 287 286 5 203 96 37 335 320 260 298 123 227 188 31 52 61 152 62 144 208 212 50 86 161 72 38 309 133 272 2 304 107 104 297 230 19 211 122 191 257 204 200 150 206 14 235 13 67 246 81 7 64 147 313 102 184 329 258 84 316 20 294 223 280 9 340 55 103 83 112 242 249 276 162 106 322 77 98 145 159 82 253 310 264 78 183 26 275 27 291 43 312 336 109 303 116 199 179 271 278 34 283 68 319 248 66 326 217 25 85 193 114 76 148 74 121 155 44 166 16 214 39 190 168 154 174 65 169 91 341 130 299 328 308 134 1 290 325 35 213 292 252 56 202 117 75 279 70 87 268 274 226 338 172 137 321 261 305 163 95 317 53 28 240 167 92 178 57 142 339 267 89 250 263 46 239 302 4 192 300 118 126 3 266 119 259 331 220 256 182 343 21 344 334 115 63 244 108 201 215 323 88 69 171 234 216 277 255 296 186 100 247 30 164 222 273 80 113 284 101 0 238 33 136 295 327 288 90 281 138 185 241 177 229 228 187 149 45 342 24 315 29 262 40 314 143 120 157 48 307 60 15 73 189 141 
TEST LEAKS 5 ARG:291 316 325 146 294 234 228 202 240 251 139 268 40 297 186 296 164 69 284 263 58 255 111 108 14 310 12 49 113 96 86 278 52 233 338 295 183 78 95 279 7 226 244 184 320 319 204 276 72 160 42 148 174 122 277 109 115 126 273 161 23 173 281 292 150 298 239 241 83 163 169 305 15 159 194 144 181 307 63 299 119 59 224 140 318 331 171 79 309 323 238 231 70 80 237 197 223 317 334 13 191 242 311 75 337 41 102 134 143 129 94 114 27 289 31 262 151 29 104 91 30 222 303 107 158 168 65 90 302 193 64 212 97 11 48 135 5 304 26 68 57 105 36 201 336 147 261 50 265 170 156 176 127 28 100 37 132 35 24 47 327 218 290 345 46 85 328 253 106 232 270 123 287 216 121 0 2 300 314 74 230 131 125 3 51 275 124 66 18 235 329 71 321 313 192 61 152 1 110 185 136 6 190 141 177 76 274 60 92 25 308 259 103 8 53 118 245 332 220 117 128 73 179 206 247 175 88 288 98 130 335 84 340 81 198 293 252 149 157 199 324 286 322 77 87 280 93 333 269 54 82 19 189 4 182 101 315 267 339 257 56 116 214 207 343 301 215 264 249 213 33 203 196 172 34 178 205 221 32 256 21 187 43 312 229 165 246 16 306 195 225 45 154 62 272 39 153 210 99 342 67 22 142 145 137 285 89 138 20 258 236 219 112 282 180 166 17 344 155 44 9 254 217 243 10 266 250 167 248 208 227 162 55 188 283 341 200 120 271 211 209 330 38 133 260 326 
TEST LEAKS 5 ARG:327 206 213 246 36 193 110 297 145 103 84 165 171 22 176 219 232 236 98 309 272 146 117 339 330 217 187 47 23 173 214 228 15 201 229 221 144 85 205 128 76 225 192 223 101 97 261 162 157 256 132 75 248 31 94 220 140 255 30 289 199 308 95 135 271 310 73 6 340 1 203 53 313 190 251 113 159 112 335 92 87 333 185 109 2 81 268 100 116 337 300 120 254 338 307 191 141 263 122 163 323 341 150 118 55 147 342 68 45 64 57 260 294 264 321 54 41 67 186 181 20 175 283 17 287 102 344 328 230 266 210 65 12 311 151 137 315 258 107 345 281 249 326 296 61 180 79 290 285 239 3 279 60 172 343 320 52 273 269 48 252 108 93 123 167 298 240 158 329 168 204 270 133 71 177 37 32 211 25 212 182 243 250 42 265 259 208 72 121 124 241 16 295 319 276 66 322 129 184 178 160 304 119 99 125 274 286 126 10 29 111 38 292 209 69 164 134 194 189 237 104 46 153 143 196 253 155 51 195 40 301 293 115 148 96 26 21 152 77 59 13 4 174 234 197 332 58 324 83 231 166 39 18 138 183 130 90 156 288 227 306 86 247 346 149 56 139 224 70 63 136 334 154 24 33 43 34 316 235 106 142 28 318 238 78 35 198 188 299 49 262 226 8 312 50 245 305 89 200 114 44 275 331 127 215 233 257 62 161 74 317 27 216 207 88 170 314 325 80 7 282 82 302 336 218 169 9 202 277 284 91 278 303 0 291 244 11 19 280 267 14 105 131 179 222 5 242 
TEST LEAKS 5 ARG:309 227 236 45 110 315 247 285 196 297 48 177 160 96 291 322 175 252 187 173 109 262 71 241 168 199 118 124 188 75 194 36 18 63 169 323 307 123 339 340 266 192 253 197 330 137 328 132 283 258 230 248 158 99 32 94 72 279 326 257 336 61 133 180 277 23 327 174 82 24 49 65 345 249 142 73 64 243 318 178 148 240 190 57 95 39 219 216 31 301 304 151 313 150 7 146 267 113 52 112 226 334 205 256 127 25 335 143 329 246 237 165 8 154 170 214 286 139 287 87 3 26 317 27 273 261 292 344 90 198 104 128 97 41 92 79 53 67 21 15 19 296 107 98 234 191 272 46 122 260 223 347 181 134 100 259 105 135 232 251 217 238 141 153 284 38 316 10 333 221 324 211 312 155 289 299 295 179 342 14 195 206 157 311 222 166 13 268 56 244 12 290 33 162 164 207 320 200 28 310 325 319 271 176 152 193 331 1 86 35 264 303 308 0 212 321 337 305 5 275 218 43 269 186 163 149 30 22 255 263 346 245 103 120 147 93 300 76 338 280 136 294 116 140 204 20 42 81 80 208 254 282 298 101 126 54 302 37 167 51 34 66 161 121 60 114 117 58 224 343 44 77 102 202 203 156 115 106 210 209 235 172 70 250 144 293 47 225 239 332 215 108 88 69 265 89 9 16 288 131 138 119 74 2 130 229 220 68 231 159 171 91 50 189 62 145 182 84 183 201 276 40 29 4 78 233 59 185 6 129 11 85 341 306 270 281 55 111 184 228 242 278 83 274 314 213 125 17 
TEST LEAKS 5 ARG:244 95 44 339 177 142 233 213 243 333 186 246 317 92 275 200 340 132 331 167 345 40 179 45 166 145 303 344 88 346 136 147 216 67 236 268 337 315 283 320 277 112 224 238 56 175 242 237 146 312 299 169 76 235 332 148 125 91 264 123 8 140 313 5 174 348 341 168 187 269 54 94 115 52 324 226 184 137 152 70 285 170 16 12 298 270 278 156 191 64 188 121 286 46 292 254 84 338 301 222 199 248 198 35 25 29 11 228 144 98 215 6 113 47 1 282 221 74 217 205 165 83 247 328 204 162 241 122 250 89 231 263 185 102 294 17 42 163 209 38 30 39 210 326 150 307 128 314 323 55 302 316 290 69 181 219 33 271 280 308 71 159 304 164 297 59 203 68 0 72 327 62 66 220 293 334 119 117 79 218 133 284 347 120 26 306 139 36 258 108 265 330 104 126 229 110 257 48 90 21 50 289 343 143 15 252 256 78 61 34 183 311 192 321 135 3 85 261 37 114 288 309 22 319 106 266 31 310 130 20 28 342 322 171 287 197 63 131 295 262 253 305 7 157 23 189 107 176 77 53 291 178 41 180 232 245 13 18 153 27 281 276 325 190 227 211 9 134 116 208 81 194 51 193 141 4 202 60 80 100 172 101 14 318 109 99 335 259 214 93 73 138 296 86 65 43 158 118 196 223 58 87 75 155 97 149 124 279 273 2 154 57 105 255 201 272 267 234 160 329 96 300 10 49 207 161 195 240 103 182 206 239 111 173 225 336 230 274 24 212 82 249 251 19 129 260 151 32 127 
TEST LEAKS 5 ARG:29 342 180 169 162 100 99 297 335 204 234 242 336 69 316 145 8 148 348 262 183 58 219 190 211 298 166 268 317 62 173 263 45 253 197 157 21 328 240 149 160 294 110 194 111 159 154 88 196 34 210 150 249 256 171 332 286 5 52 168 105 288 295 64 133 13 189 142 215 109 347 139 66 280 74 266 310 54 281 47 73 267 235 33 16 245 224 44 223 57 31 187 121 40 46 134 48 9 326 19 313 331 143 61 276 309 289 192 292 247 7 212 38 120 233 201 260 184 4 225 23 158 141 151 198 137 301 22 80 56 343 118 346 101 104 277 10 65 244 237 282 94 213 25 340 117 79 138 330 119 85 319 209 216 306 2 200 11 86 146 305 270 140 108 95 17 49 107 165 181 135 193 127 36 191 89 128 329 271 296 96 35 264 6 179 303 76 30 77 130 250 132 241 24 0 327 293 144 307 222 257 163 26 243 258 112 12 227 349 98 300 84 1 221 113 147 63 75 20 334 115 236 252 18 59 325 43 345 285 186 103 50 72 41 14 251 42 152 339 228 124 185 302 53 3 155 333 311 238 164 153 60 39 81 174 87 318 290 283 274 287 232 71 284 156 261 206 314 102 122 279 275 82 217 172 304 114 51 229 161 125 27 299 177 205 202 231 239 248 116 291 188 308 90 131 97 321 203 129 176 93 218 207 83 315 175 92 15 278 320 246 67 106 265 78 199 214 220 255 170 28 178 70 344 273 182 226 312 322 259 37 123 126 324 208 337 272 230 136 254 167 269 341 91 32 323 55 68 195 338 
TEST LEAKS 5 ARG:96 239 240 74 247 189 110 223 349 7 261 71 142 318 31 265 204 28 126 201 37 149 43 198 245 90 238 242 55 76 273 225 114 312 75 17 67 254 150 169 65 92 328 165 334 209 156 81 27 119 51 69 255 100 0 227 249 272 248 286 197 68 276 345 98 234 36 263 309 97 30 187 342 341 94 347 350 182 196 3 95 159 108 158 86 210 170 179 9 160 213 131 78 152 258 130 282 29 176 1 39 121 206 319 287 215 109 140 52 243 112 264 14 48 162 281 208 47 305 253 310 104 19 13 57 42 267 106 63 308 107 118 313 348 145 233 79 186 53 335 113 26 12 134 21 132 155 99 250 82 274 178 141 180 232 6 301 271 280 296 66 64 56 167 34 18 331 44 93 231 339 323 185 295 324 125 292 163 229 45 120 222 5 262 190 284 103 111 291 285 320 259 4 278 181 252 283 11 199 87 184 193 326 164 260 88 346 303 117 46 171 157 311 219 151 268 294 35 61 72 203 123 105 54 300 91 316 205 344 175 218 23 80 139 84 148 241 277 200 330 166 230 49 161 62 77 174 32 2 293 307 275 217 177 153 137 314 168 256 327 115 195 15 129 191 298 20 304 188 25 224 41 85 144 135 321 146 336 116 306 183 22 127 16 338 216 172 236 40 211 270 220 59 266 212 136 10 315 192 24 228 337 133 279 332 251 325 207 128 246 73 302 147 70 221 60 138 50 244 226 214 299 235 237 38 58 101 333 329 33 102 124 89 322 343 173 289 269 297 288 143 257 290 317 83 122 194 8 202 340 154 
TEST LEAKS 5 ARG:247 281 108 183 246 20 28 282 107 203 66 141 332 48 272 61 51 231 124 87 130 42 306 274 140 211 175 280 4 161 164 318 218 226 40 11 144 322 59 208 178 112 187 53 334 179 194 106 2 309 257 165 189 343 168 204 261 293 313 157 72 202 186 317 44 201 154 49 100 237 185 311 6 177 324 348 116 162 128 129 346 143 119 288 70 241 198 259 139 95 122 330 213 314 90 191 23 83 85 69 33 340 327 238 156 329 93 74 56 105 21 328 8 138 77 216 320 118 46 96 284 347 117 266 60 19 268 58 7 135 331 196 255 338 269 115 351 349 160 200 345 263 180 102 36 151 225 81 336 337 292 279 123 264 22 120 254 220 92 150 127 316 260 278 103 210 16 121 312 109 228 71 45 299 171 273 27 267 199 303 295 3 10 291 9 298 14 285 152 283 325 75 104 147 233 236 50 113 219 167 251 37 193 86 76 262 5 145 207 94 243 287 31 110 34 114 223 344 296 153 25 173 315 253 184 89 55 350 176 212 54 80 97 84 15 13 26 41 209 73 205 149 134 307 294 301 78 242 43 323 217 249 245 131 270 52 47 133 79 148 99 244 126 101 227 67 68 188 57 159 0 302 32 304 234 142 29 341 300 192 214 190 30 170 248 230 18 125 252 195 222 146 289 136 305 275 335 158 297 232 174 206 258 339 319 342 181 286 98 235 240 215 276 64 308 137 239 290 326 265 250 163 88 24 271 155 1 63 65 277 38 182 166 91 39 62 256 310 321 172 224 111 12 221 333 17 82 35 229 169 132 197 
TEST LEAKS 5 ARG:22 274 114 313 88 152 163 132 199 348 333 238 159 327 7 207 82 289 68 19 16 104 36 304 92 197 64 306 325 150 175 307 239 296 91 106 271 42 57 20 346 310 63 266 189 246 129 158 339 191 288 65 332 80 110 168 311 3 44 155 74 151 222 138 258 278 48 201 96 337 140 249 302 341 58 241 229 139 292 51 235 286 340 149 124 127 97 328 21 27 101 24 174 6 188 335 95 280 45 301 59 312 141 70 171 166 243 318 1 117 105 180 29 196 349 209 236 85 86 71 344 342 49 214 100 276 120 31 76 261 173 164 248 329 125 108 267 17 317 345 283 147 161 176 25 324 112 320 118 323 67 282 54 162 270 314 142 225 14 184 198 109 257 61 230 107 183 227 103 204 87 232 256 336 273 60 116 135 220 308 15 99 334 294 5 157 113 330 39 192 0 123 187 221 255 228 154 231 133 165 223 217 177 252 319 284 102 194 178 185 90 279 34 160 287 10 73 32 30 237 218 315 219 98 181 41 55 233 50 121 93 291 260 245 46 182 122 338 12 250 4 265 216 146 190 247 130 28 326 153 35 13 215 254 131 272 115 83 89 277 295 264 195 343 75 205 351 347 119 203 69 202 169 234 128 62 137 253 9 303 78 262 321 81 316 156 26 2 172 309 134 167 18 305 136 79 193 111 148 297 43 56 331 290 269 77 11 300 8 170 212 47 224 350 208 281 263 38 242 186 285 240 200 23 210 206 143 33 293 84 52 53 94 275 40 268 213 226 259 244 251 144 298 352 179 126 322 37 299 72 145 211 66 
TEST LEAKS 5 ARG:3 93 44 144 206 187 97 290 86 209 227 49 80 100 239 26 145 221 335 327 263 345 216 162 98 135 203 181 91 268 60 306 129 295 310 166 264 193 252 116 85 260 31 130 340 350 19 32 158 146 112 186 297 344 169 311 307 89 352 321 296 204 334 8 64 156 224 286 75 141 349 230 41 197 171 111 247 238 5 198 50 149 74 213 309 308 118 322 267 56 279 114 125 205 313 152 52 347 284 241 28 104 329 117 66 79 148 328 199 266 318 271 48 233 30 259 128 317 163 195 351 92 54 55 88 332 51 231 226 154 178 342 314 82 333 248 40 185 242 201 0 167 283 211 24 258 234 343 67 225 6 337 229 305 107 33 46 137 39 196 7 243 192 183 134 13 250 292 253 276 287 131 168 202 235 121 256 123 71 265 304 96 218 353 101 215 151 165 289 326 164 245 61 212 190 113 77 122 285 232 14 124 261 106 153 59 139 155 302 319 127 173 236 70 140 339 78 94 58 35 222 2 160 170 348 136 43 109 228 341 272 10 126 68 115 191 223 269 177 175 87 142 330 15 63 251 36 143 1 249 105 102 219 108 90 120 95 315 62 99 257 188 42 179 18 254 214 150 16 23 147 22 220 324 217 299 282 65 294 21 184 301 103 119 25 281 11 194 34 133 274 207 20 320 280 291 12 83 37 132 47 182 161 208 298 38 278 331 17 323 273 210 293 336 288 346 255 277 312 53 300 180 57 275 316 338 69 9 29 262 76 246 172 157 27 72 110 270 303 138 244 240 189 325 176 45 237 4 174 81 200 84 159 73 
TEST LEAKS 5 ARG:269 53 18 138 340 7 152 86 339 44 309 347 14 273 112 310 20 259 342 225 12 34 169 114 242 156 111 38 345 205 206 113 315 295 264 63 185 189 89 97 258 69 64 270 214 302 285 210 54 284 271 108 142 146 103 28 141 32 13 143 73 128 95 294 336 243 21 193 26 155 252 246 306 9 209 78 110 168 144 8 99 48 29 187 213 96 204 211 40 238 6 286 80 51 158 22 126 260 94 274 219 235 119 232 301 353 234 215 46 239 41 300 107 281 267 176 261 98 249 82 268 279 76 221 257 254 304 312 85 208 192 237 194 341 325 298 332 327 224 131 163 88 162 180 134 58 3 149 183 136 318 79 125 74 203 305 277 93 202 117 333 217 220 200 184 181 335 324 229 24 349 251 105 354 263 223 124 216 171 247 299 182 207 137 199 321 45 30 72 334 197 179 130 15 109 81 244 157 317 322 100 319 226 10 323 198 68 0 314 1 104 326 121 293 59 280 118 343 92 352 67 165 344 177 154 266 313 346 348 331 227 297 2 351 5 303 174 350 292 253 296 102 160 61 338 133 161 127 151 290 123 145 191 230 106 83 166 147 240 337 330 236 275 35 115 122 49 47 288 11 218 245 90 228 231 120 256 36 195 282 250 188 308 139 178 101 77 255 172 278 148 196 71 287 150 173 291 37 116 233 272 283 248 27 167 129 42 175 50 262 135 31 65 23 19 55 190 222 84 316 25 201 289 70 212 52 186 91 311 43 170 62 56 153 16 159 140 4 164 132 307 60 328 329 265 241 57 17 87 75 66 33 320 39 276 
TEST LEAKS 5 ARG:158 93 89 16 352 141 265 13 136 257 206 313 231 99 181 69 107 240 247 293 178 213 331 215 42 85 81 57 188 246 317 295 255 341 268 349 24 320 235 287 9 122 288 120 249 330 333 84 216 286 311 351 329 241 51 261 11 113 135 210 58 296 130 134 35 94 304 347 326 195 52 73 266 148 46 221 193 43 306 128 147 62 177 315 174 10 194 279 284 197 207 65 78 117 230 80 36 224 151 239 277 166 4 159 30 273 276 170 227 145 321 63 259 67 236 233 245 251 244 59 328 82 92 138 15 161 163 309 301 325 252 303 76 25 336 168 332 283 191 205 101 292 108 38 3 344 203 222 217 183 262 131 5 26 256 335 70 156 0 242 18 175 220 105 291 302 83 298 87 167 316 31 47 201 146 171 2 218 19 102 44 189 289 23 343 33 125 104 132 238 342 348 214 55 186 56 143 253 350 280 310 50 323 254 54 90 41 60 29 196 185 75 263 123 112 290 297 152 200 1 226 337 300 74 40 267 150 27 208 66 61 14 308 124 180 114 312 219 129 199 324 269 72 164 198 110 228 88 149 299 305 338 116 126 111 278 34 109 133 6 353 79 157 140 339 355 327 12 45 223 86 98 169 346 187 248 192 21 237 100 153 115 121 162 340 190 270 95 209 160 22 232 165 345 272 77 229 137 154 250 155 64 179 173 37 319 17 8 225 285 314 274 264 48 118 144 307 97 260 28 142 243 106 271 53 318 127 354 182 211 294 39 184 20 202 176 7 49 91 275 212 282 96 334 172 258 234 103 322 281 32 71 68 204 119 139 
TEST LEAKS 5 ARG:200 300 191 123 148 295 341 296 278 188 269 26 347 152 236 87 323 211 257 4 271 45 69 75 189 11 160 181 76 52 64 303 48 24 12 283 8 241 178 329 297 274 101 291 204 186 343 172 252 17 156 230 93 336 262 117 175 272 345 103 95 89 314 206 187 1 321 244 279 337 79 268 195 339 333 304 353 231 267 0 132 146 125 122 282 70 280 92 100 270 355 46 50 81 309 183 5 290 233 29 351 13 104 219 28 133 143 346 145 20 182 328 224 39 330 118 33 47 68 212 313 2 38 9 130 307 263 60 124 220 318 58 315 36 138 167 142 243 71 255 107 216 30 14 242 149 171 151 226 82 21 326 237 284 289 15 162 319 126 308 210 40 112 264 240 10 185 340 23 320 110 207 225 180 121 356 53 127 32 129 94 228 184 173 332 3 266 83 349 96 342 248 134 190 238 305 150 65 116 154 136 66 106 105 298 259 19 344 131 80 223 99 164 197 239 90 91 293 229 67 51 285 115 37 235 54 59 208 135 350 327 253 245 34 317 258 218 25 251 215 41 201 276 22 202 109 275 193 221 85 57 42 287 198 165 247 232 111 273 299 292 6 49 119 86 72 177 203 163 256 61 354 261 338 31 157 352 78 222 120 288 166 335 137 311 213 217 254 73 306 324 286 302 174 74 128 18 196 205 7 334 194 77 277 310 312 113 348 316 325 144 301 281 27 56 322 227 294 62 199 84 102 176 179 331 161 153 192 147 209 140 265 158 169 214 55 35 260 108 43 234 16 114 88 141 250 170 44 97 246 249 98 168 63 139 159 155 
TEST LEAKS 5 ARG:229 322 207 153 356 336 234 156 311 5 88 145 24 53 217 346 120 91 334 344 45 126 144 241 3 65 295 111 215 176 173 148 195 227 349 200 301 30 194 99 4 278 50 95 34 85 318 317 243 128 142 44 136 134 260 125 353 39 193 107 92 37 43 230 98 240 267 254 20 298 100 48 152 51 93 66 185 277 184 242 140 204 214 190 163 206 113 319 22 264 84 89 213 157 97 208 110 17 36 58 340 147 262 158 166 68 121 61 309 40 210 62 355 303 198 275 15 281 154 105 172 167 331 114 226 320 170 9 314 169 289 112 165 115 220 32 12 297 211 54 35 302 55 60 205 337 21 135 258 236 63 342 171 182 174 216 23 2 10 64 221 79 212 290 251 119 122 164 25 106 78 47 108 287 312 73 191 187 160 304 294 14 328 272 323 246 123 26 137 237 247 46 325 8 345 292 159 18 286 357 265 19 308 348 219 341 282 293 109 179 104 75 16 263 352 285 274 69 300 327 41 271 197 133 27 81 11 299 0 310 57 74 146 330 253 161 228 131 266 233 222 259 321 177 232 143 150 252 29 306 181 250 347 288 76 117 231 270 124 350 245 257 101 225 13 209 196 189 291 279 138 59 296 280 70 256 335 86 151 116 72 77 343 255 244 192 284 33 273 118 132 56 178 28 351 307 96 332 82 155 52 315 7 6 224 31 313 188 1 42 339 305 201 130 94 168 141 223 67 324 175 235 338 103 326 333 83 149 38 199 129 218 203 354 276 80 162 239 183 261 249 186 316 238 90 102 283 180 202 139 87 329 71 248 127 268 49 269 
TEST LEAKS 5 ARG:130 237 209 29 337 22 292 234 32 63 92 185 317 211 46 93 72 65 178 349 20 133 21 55 241 165 23 277 71 88 335 151 81 205 354 137 174 228 145 47 8 35 356 279 157 15 114 355 173 138 273 166 187 168 127 199 30 352 144 281 206 260 172 148 147 162 326 84 54 284 249 100 115 320 3 344 214 164 111 101 78 322 226 45 212 198 180 184 169 299 102 271 154 68 261 314 36 183 217 204 346 177 358 259 176 235 250 305 203 12 28 295 309 331 5 135 283 266 113 87 80 293 296 83 66 6 14 227 324 311 303 254 89 159 288 18 339 95 158 282 240 155 238 11 304 96 119 265 312 51 193 149 298 338 275 50 38 270 253 122 16 117 229 325 289 106 258 336 323 301 297 1 252 152 41 302 53 231 210 274 146 308 40 76 49 321 126 161 134 220 188 104 196 248 37 2 17 208 291 202 306 286 318 255 221 341 7 294 58 216 99 103 64 73 200 131 243 285 239 269 171 175 232 31 141 120 268 70 150 267 25 246 315 251 313 194 74 94 121 110 222 56 300 223 225 27 350 116 143 280 52 219 256 179 307 340 24 75 105 33 91 19 77 310 132 353 109 123 26 4 230 245 59 112 153 263 160 272 140 197 156 163 67 262 257 327 189 319 357 290 48 43 108 276 57 125 9 333 170 195 330 244 224 107 316 332 118 329 42 207 342 167 85 39 142 236 192 264 181 186 129 124 0 190 218 60 69 13 90 233 247 44 347 242 334 287 62 278 215 136 328 82 79 98 139 34 97 128 201 182 10 345 191 343 86 351 348 61 213 
TEST LEAKS 5 ARG:193 104 121 350 138 352 197 112 185 76 220 4 200 191 232 250 246 271 91 276 96 37 176 203 84 231 269 85 196 56 146 285 116 205 23 270 334 239 117 105 186 135 162 179 223 172 75 8 188 171 321 163 253 302 149 309 65 209 274 59 355 86 19 319 275 45 143 54 206 106 357 155 335 13 307 210 94 58 160 318 264 51 295 38 260 249 317 245 144 127 306 83 71 34 141 217 257 259 221 17 88 331 311 103 263 277 345 48 252 165 111 130 194 333 52 164 330 31 29 256 224 293 313 341 131 157 55 265 107 177 14 153 2 320 358 90 255 329 215 199 159 97 237 114 354 168 136 316 244 214 89 213 262 49 328 279 234 346 128 167 233 35 150 166 87 189 174 297 219 44 67 187 46 123 351 78 158 68 349 27 238 62 195 216 337 292 0 296 66 212 261 115 226 242 11 9 235 119 15 73 18 41 294 284 180 327 63 3 286 1 133 291 98 290 225 243 324 280 26 57 101 156 12 314 247 28 145 198 301 322 170 182 338 229 79 92 347 308 288 43 21 81 268 120 298 178 342 93 7 340 190 353 36 228 211 248 33 192 227 204 326 100 16 175 323 251 273 69 24 173 39 134 303 344 336 110 20 99 113 222 207 70 151 241 289 10 218 258 266 82 40 240 359 102 147 118 30 126 80 278 282 202 64 305 129 283 108 140 42 25 152 325 230 300 343 154 304 132 53 61 339 124 161 184 254 208 72 267 181 95 356 125 310 281 77 201 142 122 6 139 169 287 299 272 32 236 315 5 47 22 332 348 137 312 183 148 109 74 60 50 
TEST LEAKS 5 ARG:119 31 22 9 109 179 235 241 53 263 178 148 60 302 24 229 330 144 199 23 47 7 316 208 137 99 296 180 244 157 356 228 344 104 350 108 156 251 255 125 65 158 87 189 242 73 319 357 88 173 46 269 335 336 215 115 301 15 326 14 124 20 3 259 181 230 86 116 76 117 41 206 246 64 231 185 286 67 266 89 94 161 204 212 59 225 271 66 163 111 27 146 121 304 195 101 40 346 323 49 262 152 306 311 343 205 16 42 61 240 217 224 292 203 35 92 48 134 126 233 186 84 318 196 176 218 234 77 321 79 143 169 210 258 261 11 105 299 221 34 114 278 325 254 192 193 2 277 8 257 63 312 237 12 222 133 171 250 83 276 142 298 98 167 264 38 120 200 187 327 293 184 127 56 55 147 44 252 353 21 339 317 13 123 360 132 151 287 256 247 45 129 227 274 333 139 102 245 315 268 90 324 37 239 91 75 260 68 253 338 309 130 279 4 95 349 190 310 107 168 113 93 10 82 71 26 172 52 154 322 174 72 351 103 209 211 159 138 155 165 220 232 329 334 305 36 249 273 54 80 43 85 282 131 331 140 28 313 30 283 1 214 188 340 5 170 25 320 145 284 219 337 29 342 198 307 153 308 100 191 57 267 359 160 291 39 149 300 69 50 223 166 78 285 118 150 243 248 112 288 32 19 177 295 33 62 280 135 164 236 182 183 328 355 332 0 96 294 122 290 226 216 213 202 110 97 194 352 265 314 128 58 270 81 297 6 347 18 136 289 275 106 74 281 201 345 70 175 272 162 341 348 303 238 141 51 197 354 207 358 17 
TEST LEAKS 5 ARG:180 71 220 319 14 163 134 271 8 350 40 194 175 169 85 106 99 146 295 351 37 355 24 123 89 137 258 21 39 43 219 75 5 213 125 263 200 88 298 108 289 245 341 227 264 344 349 158 119 0 129 280 356 312 122 189 178 87 135 142 73 66 199 2 274 136 240 337 247 313 342 181 343 12 334 328 19 157 243 32 288 152 49 13 187 252 320 327 96 53 35 316 156 317 207 236 124 98 159 340 151 238 192 360 138 210 242 302 218 325 193 133 55 216 229 179 250 77 72 128 208 195 54 3 228 92 107 81 174 311 140 205 165 293 198 18 117 17 144 361 265 183 149 326 321 29 251 303 314 46 358 86 223 231 261 61 16 48 70 121 307 82 294 7 94 201 155 90 177 249 255 67 323 62 33 148 185 190 160 215 1 196 167 270 60 184 276 244 204 76 172 324 352 306 47 335 93 234 154 104 330 153 52 23 150 241 130 230 44 95 347 31 173 65 237 51 217 68 275 164 161 339 299 266 69 254 28 296 186 126 305 304 166 170 268 272 91 290 239 80 283 269 145 309 6 315 22 202 292 212 30 277 359 329 120 4 354 345 214 222 113 34 20 25 115 348 248 41 147 318 27 36 114 346 171 211 235 257 63 332 333 11 116 58 233 78 50 331 56 206 59 188 101 141 97 203 209 168 131 162 278 83 224 279 253 300 291 143 273 64 132 118 45 226 79 338 310 232 262 57 287 105 301 336 284 84 102 176 260 221 42 281 267 225 74 127 110 139 112 246 9 191 286 26 182 100 322 15 103 197 285 297 357 282 259 353 256 38 10 308 109 111 
TEST LEAKS 5 ARG:357 22 242 99 73 223 124 301 247 97 293 45 53 317 352 299 24 19 159 250 320 55 83 349 182 183 167 360 91 75 324 262 37 353 5 17 145 93 308 221 105 90 153 36 144 170 162 96 13 340 25 241 198 213 4 227 295 249 240 260 346 127 177 31 21 128 233 138 157 15 43 307 279 305 319 150 164 0 63 190 67 154 238 64 362 263 107 80 16 209 199 206 134 196 32 273 155 218 59 28 168 110 239 316 118 92 355 280 119 265 302 189 174 235 347 29 117 205 335 351 216 197 245 243 266 342 191 6 178 285 108 50 12 109 228 261 258 126 60 225 275 188 79 337 135 274 184 62 252 309 236 147 102 113 277 289 334 200 361 151 187 220 94 57 74 112 41 336 76 322 77 121 82 224 46 359 139 169 246 132 195 176 52 185 172 296 23 171 328 311 142 7 103 69 270 254 281 163 125 208 100 306 86 161 350 341 207 222 284 88 348 229 181 310 141 47 192 327 294 33 343 14 339 44 204 61 137 231 116 251 278 298 173 211 39 1 111 123 300 18 20 283 214 66 268 26 104 215 203 345 313 35 65 122 149 338 354 160 85 237 179 344 9 30 321 257 49 288 226 3 51 318 165 115 152 175 42 166 81 193 89 303 291 248 70 68 217 146 332 276 10 156 358 58 256 54 314 114 180 84 290 106 136 230 234 40 356 330 264 325 286 253 95 71 27 133 72 98 212 329 315 297 131 202 87 48 186 287 148 140 143 56 244 272 292 312 331 120 282 2 269 201 11 271 78 255 38 232 267 129 101 259 158 323 34 219 194 326 8 130 333 210 304 
TEST LEAKS 5 ARG:322 166 43 49 338 160 356 246 16 222 37 251 216 35 145 294 178 256 232 86 244 314 107 133 77 158 154 115 143 174 337 296 12 60 95 113 217 62 326 68 125 318 362 350 304 28 126 54 344 329 5 85 112 323 295 129 340 215 40 99 55 39 32 201 8 231 227 50 118 342 352 80 155 57 207 238 114 170 245 321 303 1 134 144 212 301 127 90 181 351 119 6 93 218 277 346 263 359 14 73 273 189 188 305 317 84 61 202 29 92 287 121 156 312 284 21 30 200 360 330 354 196 205 22 283 64 41 88 355 147 315 108 235 293 292 190 111 120 253 124 257 320 236 72 123 361 290 291 327 175 17 288 308 204 298 285 9 221 27 159 46 96 137 192 44 149 185 7 228 272 65 353 333 262 53 195 91 313 0 10 282 45 18 210 336 3 140 146 48 26 276 289 94 2 300 117 102 169 116 150 307 209 165 163 223 157 130 358 69 339 56 97 33 75 135 82 334 23 331 297 261 79 184 168 349 325 105 138 274 176 213 122 250 311 234 214 206 100 299 267 4 83 324 31 162 240 101 309 25 183 20 51 42 198 34 279 281 71 248 220 36 237 268 345 203 19 230 199 161 224 363 52 219 343 76 164 132 319 242 186 63 74 269 332 172 180 179 243 167 194 193 89 58 254 211 59 316 255 98 87 302 67 78 142 81 347 271 171 348 241 286 357 11 259 270 229 110 153 266 148 247 335 208 265 173 258 13 104 239 341 24 141 15 249 66 109 306 182 278 106 275 252 328 128 47 197 38 139 103 136 131 264 177 310 260 233 187 226 225 191 151 152 70 280 
TEST LEAKS 5 ARG:51 223 323 122 55 24 91 10 43 48 214 332 309 99 155 313 17 95 192 117 179 203 106 224 292 176 139 130 353 109 299 200 132 73 306 236 68 222 229 165 172 50 129 103 336 56 184 239 119 284 151 52 100 245 274 145 31 206 113 196 286 268 194 135 34 209 344 5 263 289 178 171 211 210 152 290 265 221 72 358 146 287 285 115 96 18 199 182 261 26 301 195 303 315 258 191 233 308 92 246 164 205 28 105 111 247 282 347 15 33 291 1 70 110 335 235 49 126 166 147 101 230 248 197 136 163 138 334 277 325 62 7 175 173 360 283 329 271 190 249 264 180 141 320 158 300 125 77 202 82 275 128 220 349 133 60 177 218 302 85 280 254 13 83 81 32 345 213 137 79 69 76 4 305 337 8 304 47 67 232 257 295 243 260 149 269 255 212 267 238 259 288 333 97 46 278 231 250 364 140 156 170 154 251 330 189 159 351 168 148 217 270 39 193 293 114 35 120 142 54 161 244 78 2 227 121 6 359 23 314 90 276 362 144 162 326 98 352 361 143 36 14 297 134 253 317 216 61 296 59 225 343 208 294 357 57 112 93 338 340 186 310 41 266 307 71 65 131 94 242 16 363 75 86 204 237 123 3 342 53 44 350 169 107 64 150 102 219 66 215 272 89 252 37 127 181 281 167 327 319 118 153 188 88 19 348 228 160 256 346 12 356 63 298 42 108 207 183 328 198 74 58 38 21 279 11 331 311 0 174 201 25 40 355 316 240 116 22 341 318 29 321 45 226 9 273 187 262 241 20 30 339 87 324 27 185 80 157 84 322 234 312 104 354 124 
TEST LEAKS 5 ARG:132 346 181 358 7 90 149 46 221 170 267 308 214 189 54 232 142 273 175 352 180 296 239 19 12 11 222 238 247 127 26 69 134 177 298 348 359 256 261 314 302 313 44 292 260 297 258 334 269 259 185 106 364 123 82 305 167 353 88 20 108 99 42 321 76 255 16 241 215 307 291 193 166 199 98 288 168 264 101 201 248 204 8 310 111 143 109 56 192 280 113 336 344 347 270 210 21 223 218 363 151 122 226 29 284 242 196 355 341 287 157 176 330 184 277 202 100 112 206 209 126 131 65 190 219 182 81 205 72 110 249 263 1 317 324 303 326 322 116 40 325 30 365 187 41 211 361 293 68 91 58 163 74 295 114 152 268 265 60 333 15 64 328 227 257 357 121 25 75 320 9 216 173 24 220 4 96 351 360 45 274 93 312 38 282 338 120 0 107 253 27 159 286 240 138 146 178 343 169 37 252 103 128 137 53 285 271 34 14 43 73 147 207 337 136 156 62 39 231 342 158 129 186 117 339 250 125 233 28 84 89 161 33 272 183 5 318 228 102 144 155 83 61 48 154 86 148 354 79 85 139 66 229 340 59 18 208 71 350 197 3 77 306 174 279 315 22 94 97 130 195 203 283 133 13 323 49 289 198 6 23 70 301 278 212 118 57 327 95 162 245 141 115 80 235 104 55 160 224 217 47 2 145 266 194 200 254 243 304 105 51 251 349 236 329 35 78 300 335 124 171 172 165 332 188 262 299 356 119 316 50 237 92 244 230 246 311 331 275 164 32 52 31 135 36 213 63 179 345 67 10 281 87 153 150 294 140 362 191 17 234 319 276 225 290 309 
TEST LEAKS 5 ARG:103 208 232 90 364 154 8 333 262 174 328 224 212 137 71 353 281 255 264 109 257 34 276 47 99 45 41 17 266 155 200 6 83 350 10 92 73 361 23 49 31 145 312 313 70 3 114 249 89 286 193 123 310 11 336 13 316 251 186 62 68 221 279 311 340 300 76 4 207 339 366 303 106 283 294 285 177 213 51 117 235 252 43 325 84 225 356 280 40 323 85 263 110 44 78 320 156 82 185 209 317 37 97 163 111 80 308 170 42 302 66 223 234 158 171 215 342 7 86 289 244 206 93 359 133 314 299 315 178 9 118 95 162 306 77 192 169 337 205 1 265 326 168 291 69 238 290 0 180 159 102 98 136 363 243 96 190 127 182 260 188 272 75 278 124 322 201 128 35 30 227 256 72 116 5 54 181 142 343 139 147 358 88 321 240 351 282 52 341 216 253 33 143 292 335 67 354 241 203 242 18 357 348 36 248 63 271 273 126 59 134 138 211 220 167 194 352 218 100 22 349 144 360 65 293 214 141 347 132 204 331 327 61 165 150 120 130 172 346 189 247 324 191 152 229 334 101 50 332 237 53 105 287 329 27 179 57 269 233 25 28 24 196 195 319 131 81 231 230 56 119 254 245 267 16 228 210 345 20 222 217 129 112 26 183 32 250 284 309 338 198 107 296 12 39 330 121 48 87 122 94 288 113 14 164 236 275 226 19 295 140 146 304 157 297 60 199 2 79 259 38 184 135 175 197 246 151 64 344 104 261 21 160 301 115 202 187 270 91 305 15 239 74 46 307 153 362 149 176 355 58 219 161 55 298 108 166 148 277 258 173 274 318 29 268 365 125 
TEST LEAKS 5 ARG:218 29 304 78 182 99 253 126 184 187 163 154 223 339 219 115 92 178 9 366 243 113 190 118 174 359 348 106 201 128 341 282 240 5 224 22 271 137 262 336 21 157 77 110 172 237 307 232 365 161 214 217 136 202 145 120 353 130 88 134 367 81 352 333 13 297 119 89 52 11 279 290 6 62 162 149 27 203 349 204 197 42 34 285 82 101 221 328 142 65 111 176 84 273 324 200 356 54 59 326 196 361 280 220 317 167 198 261 153 90 242 25 213 146 351 0 358 211 91 168 147 231 234 228 23 315 205 51 15 300 171 293 319 83 259 209 265 177 32 20 310 45 330 325 183 251 116 87 355 7 334 189 76 316 31 2 64 260 43 173 303 124 245 169 264 248 267 4 139 225 362 212 258 114 105 249 288 311 208 255 58 38 229 140 60 347 109 266 150 327 188 338 340 191 254 133 308 24 28 70 37 135 100 61 185 160 94 57 357 103 10 281 75 175 17 104 346 46 329 122 250 216 72 47 269 166 289 306 36 179 247 274 3 41 210 121 125 321 287 235 323 360 71 18 193 85 277 244 246 158 350 313 194 222 268 272 207 67 12 257 26 227 241 302 68 291 206 40 80 50 318 230 97 343 364 170 159 344 192 283 312 337 320 239 275 86 314 263 30 79 215 73 53 69 144 322 284 152 186 39 141 127 102 252 16 48 55 35 1 56 292 256 286 332 93 33 19 296 8 236 165 309 156 66 181 233 129 270 14 131 63 199 49 107 301 298 123 299 95 96 238 132 363 138 195 335 345 305 98 44 354 112 294 276 164 143 117 342 295 180 148 226 74 151 331 278 155 108 
TEST LEAKS 5 ARG:161 284 319 34 328 162 182 113 288 3 168 196 292 90 36 332 216 96 257 232 109 93 215 227 62 255 361 17 261 35 53 144 221 117 128 352 55 76 334 138 342 354 219 119 150 64 174 316 40 91 28 73 289 118 20 85 314 139 57 12 111 214 305 66 97 205 312 234 283 186 290 254 192 243 295 308 274 135 366 158 327 213 159 27 251 252 125 249 153 147 152 309 177 285 278 325 336 363 207 22 72 105 223 273 108 226 258 7 127 74 203 291 359 230 31 132 293 25 163 209 0 151 200 264 367 49 58 246 129 124 87 179 51 201 355 276 1 48 9 297 5 303 44 18 184 351 54 69 212 60 340 42 68 245 133 65 114 224 250 46 141 181 84 208 185 170 194 233 81 6 358 98 350 263 198 329 2 75 45 268 23 272 86 218 302 137 320 142 279 106 131 180 134 47 331 171 238 102 239 339 101 202 112 318 78 267 235 242 24 52 301 92 324 187 353 189 89 286 266 280 345 333 19 165 79 146 217 335 240 115 330 16 190 362 241 148 294 300 222 322 155 298 50 82 304 149 123 311 191 10 323 253 157 271 143 326 360 313 178 357 356 11 265 140 43 8 343 173 67 166 199 122 210 262 344 13 21 77 145 231 337 260 228 95 364 70 110 63 107 39 338 30 315 169 100 287 103 348 126 83 248 99 14 116 37 120 154 307 164 281 193 71 156 38 183 32 80 197 41 270 104 26 247 310 317 4 130 321 195 269 121 277 206 94 365 244 172 136 229 259 346 29 15 211 167 296 220 225 56 61 349 236 237 341 275 176 59 299 306 88 204 282 160 188 368 256 347 33 175 
TEST LEAKS 5 ARG:73 190 138 298 307 212 83 117 187 183 146 301 122 182 239 197 26 22 13 51 221 257 338 139 188 295 31 116 347 358 57 225 355 199 238 32 330 178 247 337 334 55 365 174 156 310 311 276 39 181 177 241 159 98 227 109 87 28 226 353 92 287 45 165 76 144 23 50 91 275 1 132 196 204 256 249 184 142 250 327 12 143 320 97 166 208 52 278 350 339 294 326 127 66 198 302 244 357 303 351 94 17 293 260 366 65 252 60 308 121 258 4 171 316 189 288 195 21 54 111 209 38 18 27 85 112 364 30 80 259 282 268 343 229 7 49 335 77 254 176 145 300 214 43 19 289 70 356 90 129 106 82 78 272 360 291 352 299 216 5 191 59 141 2 125 312 47 219 172 152 336 266 123 281 206 186 154 263 9 126 346 79 168 157 114 169 113 286 74 362 67 53 306 231 255 151 104 72 201 137 304 200 0 309 290 318 110 167 16 105 211 329 108 248 363 163 322 317 213 95 369 69 147 3 170 205 118 34 11 158 99 271 349 277 207 230 274 162 100 24 103 155 107 284 35 332 285 134 202 235 128 193 315 242 237 240 232 185 130 161 273 173 96 345 56 313 120 228 8 220 115 280 29 62 215 203 25 84 61 44 14 292 267 101 40 234 131 33 175 314 340 58 264 135 253 153 243 150 149 297 164 348 368 133 265 224 222 63 15 102 119 262 210 89 344 269 93 86 342 217 321 42 179 223 319 367 328 140 75 68 81 245 296 283 160 46 218 10 180 323 6 48 71 246 20 359 37 64 136 36 192 233 194 325 124 148 331 279 41 341 333 261 354 361 251 305 88 236 270 324 
TEST LEAKS 5 ARG:301 60 78 71 169 175 319 342 57 113 299 322 235 29 160 226 95 274 332 35 290 159 248 147 104 18 314 238 187 77 54 307 75 280 352 149 33 39 164 153 267 19 15 370 119 177 86 334 24 182 38 313 232 298 73 97 36 195 344 349 23 102 283 184 88 134 296 253 64 244 336 366 167 84 228 46 275 116 142 212 324 291 25 236 180 355 338 101 82 163 271 67 277 293 43 80 105 220 287 245 21 285 254 233 265 12 151 242 262 241 357 117 261 63 246 252 312 145 259 62 13 273 205 91 216 66 47 99 258 165 27 337 297 240 34 303 155 14 156 198 247 100 251 210 207 83 172 93 124 268 55 111 30 272 22 37 126 256 183 335 81 300 230 203 310 173 181 345 329 185 103 136 152 51 279 201 0 74 70 7 146 150 143 56 289 288 132 206 363 121 128 239 234 131 223 32 98 243 176 4 186 135 65 306 351 225 361 199 48 162 318 294 343 112 356 45 44 189 317 192 171 347 302 79 161 5 292 368 92 10 53 166 140 255 52 237 276 96 193 122 308 369 178 221 26 340 87 358 315 89 281 8 316 157 133 174 90 263 333 108 17 72 154 360 141 202 364 148 260 31 85 1 282 227 106 348 49 215 68 191 231 127 325 137 320 28 190 217 249 323 120 362 58 194 129 266 188 107 3 200 76 321 94 264 209 367 365 219 278 168 59 304 229 196 114 138 350 250 40 331 213 284 42 224 353 41 295 218 125 123 354 118 270 109 327 346 139 311 309 6 339 211 2 326 214 144 50 20 9 110 197 170 61 286 269 257 305 11 130 341 204 222 330 328 158 179 115 208 69 359 16 
TEST LEAKS 5 ARG:49 215 30 97 117 79 234 11 293 1 308 249 250 222 68 70 205 199 120 365 318 190 75 176 206 118 223 119 347 211 137 124 3 51 292 216 110 338 259 20 336 282 40 245 242 103 80 88 285 239 193 60 219 370 225 43 48 307 275 95 56 241 174 187 123 134 93 39 371 341 303 132 274 2 340 57 350 229 133 92 59 269 271 361 357 344 304 261 252 335 264 152 85 237 251 52 346 359 210 355 135 99 265 300 77 105 128 4 312 337 267 37 61 150 262 129 168 65 17 71 143 213 345 12 196 19 349 220 367 163 6 272 10 180 288 366 113 305 279 246 240 151 286 84 44 54 364 221 126 46 182 108 146 89 235 78 140 266 36 284 83 154 23 69 31 289 179 29 142 107 173 334 167 363 183 226 72 218 283 256 21 16 248 280 200 109 91 26 189 171 326 277 232 112 186 122 270 324 153 42 157 227 191 13 170 354 164 322 166 255 315 368 73 194 243 9 310 358 188 148 87 116 24 7 287 202 127 27 94 67 257 138 314 291 197 198 207 331 58 299 131 98 55 369 323 328 317 296 35 22 90 201 298 161 306 15 25 228 158 290 268 53 258 321 356 86 136 217 160 121 181 82 209 342 14 175 184 76 233 130 263 74 351 162 159 203 273 302 214 141 260 329 204 169 325 353 165 178 236 348 64 330 281 41 32 172 34 106 276 0 18 212 253 45 295 8 238 50 38 139 294 278 185 333 192 362 313 230 177 309 195 111 156 332 254 114 115 360 66 102 81 244 319 149 339 327 352 320 155 231 247 311 144 147 33 62 63 28 96 145 47 101 100 301 224 104 208 5 343 316 297 125 
TEST LEAKS 5 ARG:38 139 115 230 105 0 190 288 80 249 262 152 167 55 64 165 372 232 360 3 281 301 258 128 40 299 100 325 116 118 37 136 225 8 332 159 253 237 58 238 24 183 148 18 275 367 79 109 247 240 200 284 357 257 346 218 30 97 50 172 98 137 140 285 42 17 176 212 153 304 52 358 235 199 371 54 239 278 69 223 162 215 168 84 51 171 315 195 273 59 311 180 222 209 67 113 27 268 366 89 129 124 108 352 349 117 226 41 323 14 32 130 276 138 272 205 181 188 90 6 337 328 121 350 351 236 157 93 177 71 47 107 263 361 282 308 317 186 166 344 313 224 194 164 196 179 287 7 329 338 68 111 185 305 46 12 201 333 208 245 127 298 227 267 312 279 280 95 252 191 86 146 340 260 269 33 119 189 348 85 246 203 184 21 103 76 293 206 101 62 34 92 160 303 133 318 29 158 94 221 316 271 202 214 61 25 327 370 112 114 56 169 150 60 154 342 310 254 264 362 161 255 126 336 228 363 104 147 151 78 292 294 369 20 15 122 9 88 74 141 307 248 220 289 193 187 131 77 63 231 1 286 266 322 163 210 295 229 142 70 49 302 16 23 213 368 339 44 125 198 277 354 43 48 156 26 341 355 331 314 31 22 39 106 250 343 306 35 219 110 170 353 216 243 290 356 234 192 13 99 365 296 82 261 217 251 145 297 204 345 135 197 10 364 75 359 96 319 144 321 81 45 265 320 19 347 83 335 256 57 123 334 174 5 2 207 65 53 66 36 143 330 134 72 233 4 283 87 155 28 291 132 91 244 241 175 182 309 173 11 102 274 326 73 270 324 120 211 242 259 178 149 300 
TEST LEAKS 5 ARG:163 107 113 282 331 203 98 52 167 17 143 22 153 291 191 100 296 136 38 286 30 4 119 287 283 267 248 330 69 344 308 120 324 2 48 32 79 289 343 312 160 7 273 28 186 325 295 37 105 169 165 159 218 179 110 258 223 148 82 284 349 335 58 309 146 77 72 302 112 336 271 61 128 354 364 253 0 104 190 39 93 188 274 261 255 134 75 346 250 301 178 348 56 201 192 268 315 307 202 88 19 173 198 35 142 64 224 86 183 319 257 67 62 59 275 321 53 170 166 332 373 43 108 220 3 362 12 147 241 337 363 236 76 210 103 24 168 199 334 33 101 359 99 150 45 118 29 305 352 242 233 94 371 367 244 63 27 197 221 281 208 342 243 5 339 10 245 355 145 126 196 252 171 140 184 131 232 310 11 333 311 299 60 40 211 50 139 326 222 87 213 137 280 303 323 277 70 20 161 133 16 216 71 276 14 26 175 328 13 115 361 235 193 132 262 372 269 151 155 251 231 279 298 121 185 353 116 215 340 154 293 358 205 206 157 31 34 57 144 226 317 264 114 306 6 174 124 294 318 347 66 360 278 15 304 41 55 135 138 1 285 85 97 96 189 68 73 49 195 23 74 181 109 290 322 106 272 209 225 18 227 8 212 51 80 123 297 350 81 265 95 351 9 84 313 83 78 314 370 238 177 327 239 300 156 341 42 47 292 266 247 176 356 89 200 102 65 369 25 90 172 357 366 92 345 187 158 217 338 368 164 288 219 141 117 91 162 204 365 111 180 263 260 259 152 320 240 249 270 149 207 316 125 254 246 182 36 229 237 44 46 54 214 230 234 256 127 122 129 329 228 130 21 194 
TEST LEAKS 5 ARG:226 63 110 272 134 146 214 66 136 76 233 352 265 64 248 268 338 118 148 341 305 53 255 11 57 283 77 181 191 108 45 294 232 173 190 15 213 111 261 71 62 139 165 231 227 89 351 195 315 187 311 130 167 183 219 288 328 335 50 334 4 340 128 125 151 37 189 175 104 357 203 121 300 112 47 24 117 79 337 54 43 321 318 360 356 316 170 105 234 7 279 35 310 259 52 253 12 97 40 0 131 212 180 199 86 242 238 193 298 96 331 51 169 132 273 166 366 137 93 88 30 150 235 343 85 345 320 358 282 299 308 244 339 241 297 38 370 194 144 61 126 34 107 73 262 123 171 250 256 20 103 205 32 21 347 5 359 149 141 207 10 295 36 277 239 333 115 365 75 100 220 83 325 95 198 216 363 72 2 364 368 293 154 142 221 179 209 373 304 361 16 354 362 84 138 228 251 116 200 217 90 91 317 153 329 74 188 55 161 285 224 327 42 58 196 39 65 94 260 223 82 284 70 14 342 49 22 245 289 215 303 257 184 326 291 81 292 102 332 252 372 158 369 135 287 344 240 8 210 78 46 9 133 1 155 274 275 41 164 152 177 201 13 353 140 80 17 266 176 246 230 313 204 355 222 290 106 172 145 269 68 122 271 23 87 162 264 307 6 113 211 374 157 92 67 249 31 119 28 278 336 346 324 124 182 29 202 69 185 286 247 206 263 350 192 197 312 306 208 168 348 301 349 322 56 236 99 258 367 323 330 129 218 60 114 159 281 59 302 98 225 243 18 237 229 314 296 127 3 371 270 147 186 267 276 101 163 109 309 27 156 120 48 319 143 280 254 25 19 26 178 33 160 174 44 
TEST LEAKS 5 ARG:39 296 61 324 140 269 358 147 91 333 15 302 102 207 355 126 224 352 193 336 10 323 51 5 162 292 359 367 259 23 289 345 90 47 253 144 266 160 265 35 2 332 366 219 3 73 325 177 209 280 158 172 364 135 105 208 44 264 156 115 187 341 63 72 71 225 373 249 109 52 287 303 157 282 362 136 195 104 270 66 192 330 317 281 306 19 36 4 232 286 351 210 1 223 255 275 229 174 54 283 38 371 96 211 363 34 318 50 26 163 76 252 251 221 194 120 57 230 24 271 279 342 215 365 118 159 142 277 153 304 335 56 369 21 48 12 170 114 245 122 113 18 307 87 22 199 299 143 260 228 197 60 242 101 117 218 305 103 268 338 81 246 293 154 344 93 152 151 214 53 111 314 370 294 145 168 27 322 216 161 234 300 309 356 204 17 77 29 237 62 184 202 68 124 14 340 32 42 13 173 75 138 132 213 256 313 169 350 166 176 327 58 125 343 235 164 86 360 107 257 243 98 88 205 167 220 200 206 89 339 33 196 128 291 40 46 201 244 134 43 188 8 250 354 231 141 185 0 273 30 37 295 181 328 84 79 311 131 239 80 95 121 254 31 319 284 130 263 361 247 49 248 334 110 149 82 171 326 267 240 236 64 285 226 183 315 217 92 83 70 127 139 133 99 297 112 278 331 347 179 320 290 25 310 368 69 321 198 20 85 375 74 357 308 233 119 108 258 78 203 67 274 148 175 238 123 55 337 100 372 180 288 186 116 59 312 262 106 374 97 155 276 65 178 212 182 129 241 94 298 165 301 41 190 150 191 189 348 146 11 9 272 137 222 316 45 28 7 346 353 6 227 349 16 261 329 
TEST LEAKS 5 ARG:254 96 319 285 215 191 41 277 323 160 213 281 133 186 29 355 375 154 140 356 158 374 328 235 150 346 321 39 290 135 161 125 57 194 59 260 189 199 288 68 74 3 358 196 228 289 25 229 295 307 127 116 351 14 232 6 317 137 278 12 37 8 217 44 143 369 64 80 119 4 279 129 146 128 123 343 97 325 36 73 92 336 255 216 333 20 23 293 122 46 173 139 180 33 56 100 175 183 188 21 117 171 187 147 372 16 263 202 192 61 261 94 197 249 214 253 342 162 282 185 200 224 348 258 268 7 10 364 211 363 326 83 243 298 84 227 93 182 66 259 105 365 103 332 286 163 165 292 22 60 244 225 124 40 366 337 0 273 174 101 359 141 331 34 152 300 149 309 252 338 251 274 270 272 65 102 299 169 237 155 142 239 271 324 28 350 226 52 344 104 9 362 241 291 373 234 95 262 245 156 246 1 367 89 76 330 318 181 91 184 131 98 305 320 334 209 18 42 108 53 311 283 43 236 47 82 167 308 178 347 294 112 49 5 302 109 15 312 19 301 67 90 144 114 314 267 71 170 257 248 151 27 115 159 266 11 264 118 335 218 265 360 242 233 69 138 205 111 107 223 210 136 166 315 50 24 26 329 368 62 304 88 45 54 201 31 145 376 203 75 168 345 230 99 352 357 35 231 157 250 153 247 322 79 354 220 121 70 280 207 78 177 86 316 32 221 222 208 219 313 190 17 195 240 179 110 13 198 113 106 134 269 77 206 63 164 212 287 349 30 130 2 148 339 204 81 85 327 38 340 51 132 72 297 120 275 238 303 176 361 371 353 276 370 310 55 58 284 296 306 48 126 172 193 87 256 341 
TEST LEAKS 5 ARG:307 214 154 125 162 206 203 104 269 106 174 215 308 316 361 299 271 336 343 54 38 90 98 177 323 31 217 250 200 141 99 209 364 297 180 320 301 191 242 13 245 59 51 246 313 62 100 165 20 327 102 147 97 375 199 227 95 150 263 70 338 129 315 223 351 332 74 290 67 145 359 153 318 377 110 185 108 257 48 40 236 10 183 198 349 113 120 18 298 363 3 311 325 367 314 319 179 368 27 189 160 341 216 303 69 50 204 35 264 78 81 47 296 85 369 186 255 210 134 157 114 11 118 158 225 83 197 321 56 15 52 105 374 60 12 175 2 262 176 159 331 21 288 273 222 64 208 5 265 284 324 41 37 281 7 107 43 75 302 266 293 234 277 49 358 91 4 317 270 1 238 205 39 72 224 132 352 300 267 294 260 57 261 119 32 220 201 73 163 36 148 322 123 68 17 249 344 0 310 295 356 146 232 136 272 219 66 92 305 63 24 96 58 259 6 348 376 16 306 30 101 328 25 131 77 193 94 355 149 244 337 42 370 126 345 353 71 241 169 28 116 184 252 287 280 276 170 173 82 128 133 285 360 188 373 239 46 283 211 61 194 155 365 339 362 347 14 89 278 309 168 366 151 221 357 330 292 127 140 346 9 228 143 137 248 53 329 84 334 182 33 230 122 144 86 19 213 138 212 192 178 103 124 335 166 371 350 87 29 161 44 80 55 282 253 326 45 274 342 372 340 207 233 202 237 171 229 268 256 354 218 289 231 304 243 291 130 286 167 196 115 187 172 251 65 22 8 79 164 112 88 312 109 23 139 279 121 258 142 135 181 275 156 152 226 111 333 190 240 195 247 26 76 254 235 117 34 93 
TEST LEAKS 5 ARG:273 231 152 150 126 61 105 345 154 275 108 201 324 71 202 121 96 26 194 14 196 326 39 164 340 24 54 189 10 271 265 206 62 377 376 137 35 240 347 361 130 66 38 343 23 255 241 327 216 331 358 162 145 7 245 6 87 282 294 251 104 99 306 27 186 131 111 94 317 308 52 0 72 197 311 140 134 119 17 188 73 163 170 292 132 8 280 360 219 374 172 329 375 195 32 359 369 351 234 159 270 261 98 246 302 290 3 187 279 262 174 165 253 319 184 335 67 110 221 55 128 266 125 65 301 285 144 274 365 90 304 200 63 353 205 122 341 238 224 115 278 355 252 212 272 146 83 78 293 333 323 46 136 28 41 123 232 36 179 178 157 109 352 263 183 198 362 316 133 171 307 314 291 40 51 48 16 37 42 230 95 192 235 106 34 330 312 371 193 151 243 80 305 167 286 320 256 336 370 15 220 249 113 259 229 223 176 155 322 339 268 349 22 153 191 237 107 92 264 138 5 208 300 303 364 250 139 269 267 260 295 233 226 114 344 315 81 44 372 75 117 281 29 373 143 160 116 112 147 182 287 135 357 173 210 325 88 82 207 156 244 56 47 366 199 185 141 203 148 222 91 124 76 227 321 43 337 84 177 236 318 367 334 69 363 127 12 25 247 254 45 97 283 103 100 77 49 288 68 175 299 59 180 102 350 4 13 18 242 213 342 9 21 257 277 354 118 166 149 225 338 248 368 120 190 50 239 129 297 218 169 217 276 30 85 296 1 20 86 309 11 258 53 70 328 161 33 31 346 211 214 313 228 93 89 356 332 58 79 158 215 74 64 60 378 298 181 168 348 57 142 101 2 19 289 310 209 204 284 
TEST LEAKS 5 ARG:194 299 165 23 372 116 162 25 359 83 142 235 233 342 70 200 330 86 247 323 353 80 218 355 104 153 131 373 16 184 102 47 91 363 289 8 69 163 118 202 212 3 352 68 361 125 119 121 72 279 152 164 302 64 186 26 319 44 321 269 268 238 34 265 277 347 124 157 237 244 287 366 309 172 332 141 57 55 15 28 6 272 356 151 305 50 228 293 61 10 260 243 234 344 20 168 82 275 21 133 329 158 94 307 278 35 79 208 350 320 187 306 130 226 256 288 196 110 115 17 360 205 255 38 1 343 273 377 295 128 316 51 280 251 14 322 137 245 248 357 257 114 192 336 217 348 325 210 9 341 127 310 230 191 18 266 368 54 197 40 204 45 146 285 180 190 261 77 154 123 175 198 107 177 193 284 223 178 346 58 303 291 24 155 138 250 73 362 29 262 283 224 374 276 108 126 75 33 314 308 4 96 147 22 95 216 229 300 90 339 103 166 93 117 150 270 286 13 271 259 11 183 59 67 62 301 296 60 129 379 46 241 109 188 318 313 240 365 98 97 297 65 74 39 340 214 112 169 369 53 222 173 367 315 49 99 30 43 159 156 294 66 135 242 236 149 111 324 92 100 27 263 358 176 76 78 203 267 2 220 132 227 63 140 48 207 0 206 337 145 282 239 71 246 376 31 338 334 85 189 371 199 84 143 101 274 37 326 225 148 335 56 41 32 42 167 311 354 182 122 290 327 349 139 252 351 7 120 134 181 88 113 89 370 375 292 298 52 254 221 170 185 201 105 304 281 364 253 144 136 328 211 219 215 331 106 81 209 174 264 179 333 345 195 378 249 12 36 213 5 231 19 258 232 171 312 87 160 161 317 
TEST LEAKS 5 ARG:282 50 269 12 103 358 51 353 134 316 11 148 119 30 101 89 190 296 307 21 56 356 351 46 43 343 293 78 175 354 341 116 215 169 168 324 144 77 217 121 221 378 85 138 128 212 150 158 7 54 268 283 164 270 147 42 202 236 289 348 377 228 271 374 125 124 35 285 275 53 136 340 226 331 97 195 131 201 186 180 346 93 264 68 326 333 64 224 37 161 5 111 95 338 234 17 94 232 209 83 375 84 14 362 185 359 373 204 379 67 261 157 288 200 260 194 91 292 73 82 8 367 156 189 203 310 276 372 118 126 76 48 192 174 18 253 196 110 2 263 219 115 245 309 159 342 113 61 267 39 166 3 177 34 364 62 325 360 146 123 255 369 318 242 306 287 143 240 1 31 335 305 28 15 265 179 257 370 63 345 350 162 155 380 363 304 241 172 216 337 286 266 75 87 36 60 254 258 132 187 197 4 99 16 137 140 72 279 250 104 284 23 79 80 182 120 211 145 9 329 280 24 199 248 376 26 117 357 314 153 90 352 207 317 315 32 52 47 238 59 239 66 301 243 171 178 193 96 323 142 332 22 6 291 49 206 319 114 167 246 163 281 173 237 19 188 33 98 71 252 230 344 355 229 334 130 303 160 133 222 149 300 365 299 313 249 127 55 58 86 251 328 154 235 108 231 321 278 65 102 41 20 139 105 227 297 368 122 183 244 330 129 0 371 165 262 184 312 74 92 112 277 225 220 339 223 273 107 347 109 214 274 57 38 327 198 290 40 336 141 295 213 88 361 151 308 170 259 349 247 81 25 27 272 70 191 13 69 100 135 45 302 311 366 29 176 298 210 152 294 181 322 233 218 44 320 208 10 106 205 256 
TEST LEAKS 5 ARG:312 290 21 43 372 60 152 190 93 253 262 278 31 135 158 94 216 355 29 202 335 97 224 178 192 45 196 360 176 217 269 20 340 242 319 46 38 170 292 324 163 245 79 113 9 50 247 338 343 70 344 357 166 98 368 150 10 184 284 123 110 366 59 52 117 204 58 295 251 283 249 342 226 131 189 82 183 177 286 145 378 303 212 236 337 254 105 140 261 154 225 232 314 350 230 172 356 153 306 346 2 274 215 146 246 267 376 321 237 147 167 330 241 30 106 3 51 345 25 317 285 361 175 199 294 348 268 179 1 308 0 157 160 349 239 187 174 156 162 296 67 76 19 223 151 143 221 354 347 18 328 289 120 90 201 171 89 144 194 107 48 15 134 211 83 255 235 77 74 13 27 23 65 193 95 14 100 207 266 182 377 234 66 161 336 54 214 137 318 75 277 57 47 139 341 380 81 68 313 101 78 195 6 311 325 375 181 55 112 280 228 61 88 108 206 315 32 365 331 102 198 276 41 364 142 316 260 116 320 24 381 91 109 258 133 208 300 353 270 322 149 271 37 121 210 293 115 173 352 259 272 114 34 185 250 299 327 104 148 138 126 332 362 129 63 186 72 17 288 244 197 7 188 256 159 379 359 87 122 124 191 62 22 64 371 220 85 323 240 304 111 40 44 56 307 333 4 369 231 213 136 80 222 141 92 11 374 164 180 309 265 16 128 84 339 35 155 367 119 103 358 36 301 281 71 229 39 297 351 263 118 12 334 329 73 86 218 248 5 326 96 99 127 243 264 373 233 53 291 33 169 363 168 8 279 257 302 205 203 165 130 26 305 273 132 125 227 275 310 252 287 209 28 200 69 219 49 238 282 298 42 370 
TEST LEAKS 5 ARG:21 309 279 312 329 90 310 51 286 165 153 370 117 154 294 345 344 73 204 247 366 60 102 358 240 255 146 183 275 330 109 256 30 259 354 129 261 62 341 134 130 17 317 338 169 168 44 331 131 138 266 133 184 212 257 16 246 270 198 55 106 12 190 298 78 156 121 91 229 187 210 299 356 220 111 380 71 75 222 239 13 200 337 203 141 52 283 221 123 262 110 155 57 170 98 254 11 362 213 217 9 63 35 104 162 31 328 226 346 273 202 306 249 359 124 164 174 245 285 107 0 69 20 201 378 214 27 289 265 49 48 321 253 231 68 236 159 327 308 219 81 157 1 127 274 144 70 322 367 302 115 145 363 85 194 88 342 171 287 101 72 288 357 305 29 314 103 355 188 211 304 267 252 14 318 189 74 114 284 3 311 23 376 282 372 82 244 320 53 122 349 300 193 185 100 377 2 192 38 94 113 137 77 296 136 64 80 297 176 197 93 126 160 152 364 269 381 182 18 208 163 224 353 4 350 242 42 47 173 32 178 340 313 333 34 292 238 227 5 280 87 177 79 54 258 56 307 148 290 264 365 277 225 37 281 61 241 96 360 207 199 191 125 135 216 339 76 7 46 41 215 95 196 25 233 28 223 105 59 347 19 58 112 118 66 234 248 348 179 374 278 139 332 379 172 228 276 180 272 40 325 291 67 89 33 97 166 343 108 369 382 206 10 92 295 36 22 99 260 319 218 43 132 250 336 119 175 334 235 39 315 371 143 323 335 268 140 368 8 373 209 263 237 361 15 195 116 45 167 181 351 24 65 6 150 232 324 186 316 303 230 293 86 84 375 352 161 50 149 243 326 83 120 151 26 271 158 147 301 205 251 128 142 
TEST LEAKS 5 ARG:354 165 27 343 330 121 13 82 370 279 317 156 176 117 287 211 252 377 0 61 275 227 340 128 328 346 175 170 174 34 133 58 237 229 358 291 239 3 65 222 143 281 42 109 167 154 162 178 348 15 140 53 326 17 186 269 259 14 288 297 192 20 199 298 108 142 88 242 36 301 289 153 260 73 49 136 115 322 106 245 379 380 296 105 132 47 197 87 202 126 184 93 230 127 12 257 7 98 59 299 251 180 351 155 122 332 204 26 138 147 97 321 305 30 341 149 283 99 300 111 356 131 189 151 183 248 294 304 181 206 228 195 307 270 212 54 120 359 235 266 29 23 91 329 62 139 161 247 201 274 76 315 333 382 83 129 116 28 101 163 337 312 172 11 277 38 363 86 367 200 276 51 96 214 141 223 313 135 177 123 119 232 185 355 69 314 378 324 112 33 208 70 160 334 339 303 44 319 79 342 10 368 345 125 157 362 68 43 261 203 95 220 318 316 2 41 191 100 64 216 137 158 146 241 350 344 66 104 130 372 219 273 32 164 292 56 50 6 19 352 280 24 21 209 182 268 89 271 263 364 366 1 102 236 94 194 114 282 373 168 217 293 190 254 325 8 234 196 290 67 244 63 145 110 311 22 253 361 256 302 118 48 218 148 213 360 85 113 357 205 45 74 225 249 286 347 188 338 9 171 35 31 272 308 179 264 240 46 349 144 335 231 327 262 320 284 134 16 246 90 309 173 278 221 255 152 233 198 60 166 71 103 39 369 224 258 365 77 80 37 381 107 238 375 4 193 250 371 210 265 226 159 169 92 331 75 72 18 310 124 78 207 353 376 295 55 25 306 187 323 40 57 215 5 336 84 52 285 150 267 243 81 374 383 
TEST LEAKS 5 ARG:161 65 79 72 222 361 260 31 268 248 27 119 233 80 211 58 70 76 340 285 94 86 277 63 276 1 319 239 281 363 189 192 110 45 351 17 225 345 91 352 180 130 353 326 136 54 275 140 164 165 190 28 107 314 287 344 33 41 274 81 149 118 267 261 365 278 213 226 254 358 144 327 84 242 292 228 214 377 300 376 196 374 44 29 93 307 375 39 172 194 53 234 301 158 57 16 221 175 146 135 258 50 321 224 160 15 25 204 354 383 235 26 202 210 356 296 245 381 331 199 159 297 367 366 379 3 115 13 18 231 155 382 339 114 238 154 197 247 35 323 343 264 335 69 283 89 6 223 184 201 8 193 357 311 380 249 308 49 284 48 9 87 138 241 124 14 167 166 131 152 255 137 74 322 317 85 269 370 332 384 336 168 378 212 368 291 232 305 170 21 346 350 101 299 83 185 177 56 66 151 116 40 22 360 362 36 372 207 251 263 295 55 205 359 132 289 75 121 203 195 90 106 364 126 32 139 12 337 330 265 145 355 78 279 217 186 227 46 71 324 176 60 24 38 34 230 334 123 198 143 157 73 309 294 246 329 280 141 338 171 20 88 51 100 111 99 169 244 256 134 178 312 11 347 122 82 325 156 306 313 250 30 303 96 98 102 257 174 117 266 4 200 349 129 103 95 120 373 252 342 109 183 47 270 142 348 150 188 215 42 105 61 272 59 37 52 262 320 219 112 68 282 286 369 148 304 315 290 206 333 125 302 179 243 371 316 293 220 273 43 67 236 162 216 318 298 237 153 163 173 181 127 128 259 113 271 229 208 64 191 0 310 77 240 133 2 182 104 62 5 147 209 328 288 19 253 7 92 341 97 108 218 10 23 187 
TEST LEAKS 5 ARG:132 20 233 195 264 30 369 41 267 153 21 365 110 102 315 113 149 321 311 54 305 322 96 49 109 248 208 154 376 328 357 300 175 339 296 211 190 263 39 336 257 47 279 73 192 66 138 155 22 231 85 18 292 180 200 271 348 59 65 244 166 25 288 281 118 247 106 216 139 364 327 346 223 377 29 259 86 107 191 234 308 126 332 133 1 252 93 228 95 11 371 164 219 201 167 213 189 46 249 381 6 74 94 14 224 57 170 187 172 68 302 148 203 28 44 237 330 53 309 276 12 101 78 382 283 128 37 194 254 62 274 130 245 359 58 212 177 385 368 218 337 297 265 84 186 63 236 333 372 40 238 307 260 159 217 55 221 367 329 181 298 351 108 199 342 243 134 304 50 277 16 295 210 197 291 262 131 362 176 268 373 246 100 76 251 207 151 352 289 316 378 178 184 226 285 179 280 32 26 72 266 135 312 229 340 319 38 326 81 5 205 103 272 121 137 222 353 299 355 140 290 173 275 239 83 17 325 241 350 318 122 71 375 35 278 158 341 171 99 82 206 282 209 214 129 253 75 356 27 8 235 358 127 204 380 43 141 144 115 270 345 42 4 111 188 303 67 193 45 354 343 89 324 91 383 52 294 70 3 120 157 338 60 196 147 15 143 220 168 119 334 88 256 64 136 293 314 174 363 306 182 7 232 124 269 242 169 215 2 10 156 150 90 250 117 323 198 313 19 366 317 379 183 286 331 9 370 273 142 51 261 98 33 31 344 79 36 287 347 61 87 202 284 105 227 360 255 310 165 0 34 240 384 162 80 114 13 123 160 97 301 92 163 320 69 161 225 185 112 152 116 56 349 125 374 24 77 48 258 145 23 230 146 335 104 361 
TEST LEAKS 5 ARG:120 365 222 183 84 200 321 38 109 111 273 169 172 262 259 16 265 316 257 11 27 254 6 187 98 267 228 72 117 4 255 110 193 153 86 258 364 323 376 165 198 65 368 184 301 249 319 385 212 296 96 305 73 18 194 243 383 256 10 322 15 23 384 346 203 55 83 311 266 378 104 190 335 76 44 105 191 135 332 164 9 223 101 93 137 26 3 280 308 159 188 34 347 139 133 134 215 329 118 211 245 303 279 61 144 173 157 218 310 219 156 284 362 108 227 210 367 349 345 148 20 160 276 224 373 62 372 94 206 7 91 130 1 58 56 234 53 220 281 40 129 13 230 253 126 358 51 177 339 354 278 127 377 30 136 246 158 350 252 356 88 351 337 46 119 340 315 295 97 247 304 202 64 334 325 39 369 24 31 182 113 195 185 236 69 67 179 149 292 293 52 143 128 92 85 286 263 107 154 327 375 123 244 370 197 171 17 150 89 115 307 241 47 359 90 269 291 45 145 386 162 199 0 186 213 54 205 175 353 79 176 232 168 360 361 166 216 87 289 225 60 250 48 233 63 116 261 240 331 81 125 131 12 122 124 272 181 381 290 21 36 189 226 282 37 288 43 380 328 355 270 19 147 320 29 180 338 35 274 146 102 238 277 80 192 341 75 204 68 382 114 283 299 251 357 231 167 151 59 70 326 318 174 239 298 314 207 300 32 294 330 28 371 379 138 309 209 287 14 161 8 142 66 155 163 352 242 141 342 71 324 348 343 237 112 132 306 214 100 103 170 264 78 229 317 140 336 49 42 95 50 99 275 41 235 152 121 5 271 82 285 366 344 221 363 333 22 248 77 313 302 201 33 312 2 74 208 196 178 217 268 106 57 260 25 297 374 
TEST LEAKS 5 ARG:79 187 90 370 287 95 120 106 74 43 151 25 170 340 152 280 61 264 163 188 211 345 76 126 245 355 380 221 305 292 213 365 318 150 259 56 2 157 262 52 38 196 65 193 114 181 266 224 88 343 91 272 94 41 242 248 192 236 349 344 183 273 16 135 325 337 166 359 202 350 226 366 149 258 271 330 158 62 133 179 246 314 169 255 363 250 302 321 299 270 136 44 200 374 59 309 279 132 93 128 382 348 108 331 81 189 134 327 383 147 110 145 378 384 311 102 9 218 51 100 353 164 31 369 212 4 312 40 295 319 178 131 356 239 180 288 303 185 173 127 304 263 138 162 28 75 379 80 207 84 86 6 361 36 332 341 77 362 119 291 381 12 286 22 256 315 153 176 139 17 194 252 215 219 201 367 371 204 293 237 105 113 281 190 172 148 209 191 177 225 165 160 247 64 60 167 231 251 124 265 8 146 72 182 387 238 232 222 285 241 27 338 171 278 360 19 307 47 32 130 1 334 283 50 14 322 329 48 243 227 49 244 55 87 144 29 116 335 354 121 385 254 175 216 328 45 333 240 267 282 174 122 289 373 297 20 67 347 324 58 203 186 82 11 5 142 298 296 357 208 317 229 326 294 342 99 54 235 18 308 351 228 46 358 156 37 109 310 274 261 96 168 184 268 115 112 0 123 377 253 140 276 71 15 352 257 39 143 230 63 107 223 154 104 323 35 346 83 301 375 92 24 372 277 234 42 199 364 260 30 10 85 155 198 33 368 78 68 206 214 97 339 66 320 34 197 316 70 290 275 125 336 233 26 376 7 103 141 117 386 220 249 205 210 284 159 23 161 111 217 118 13 69 89 306 101 98 269 313 195 137 73 300 3 53 21 129 57 
TEST LEAKS 5 ARG:212 315 351 381 85 123 291 135 347 167 284 286 241 253 51 13 385 336 279 16 294 61 42 157 321 60 335 305 375 108 70 288 254 36 265 322 247 345 43 141 300 146 237 206 229 267 270 323 374 171 190 220 360 340 129 12 210 242 160 56 209 348 52 168 154 26 236 45 326 110 86 130 74 44 223 194 93 2 83 199 128 319 122 346 239 260 115 189 364 175 9 320 80 49 341 339 232 150 295 73 196 65 238 317 7 278 290 226 262 90 372 10 188 18 184 234 259 357 48 6 214 76 283 126 311 313 334 62 21 137 250 208 181 134 316 28 79 383 289 243 343 274 63 248 117 271 282 233 27 103 100 144 11 246 221 104 352 365 292 107 170 142 1 78 276 72 139 186 58 205 302 355 327 29 5 297 179 378 373 38 118 164 82 25 178 153 50 342 140 54 293 280 367 299 193 359 71 285 361 138 370 203 287 325 124 182 228 227 387 98 66 268 303 155 84 23 256 148 31 67 47 185 161 235 202 251 132 349 180 310 20 99 57 32 127 145 68 354 119 113 264 183 34 338 143 312 252 204 358 152 353 308 197 173 96 218 19 17 198 245 176 187 380 379 149 217 159 133 225 324 64 224 231 386 281 344 112 258 301 125 195 337 69 376 114 46 15 261 53 87 136 240 257 156 309 55 296 371 95 298 255 81 97 8 120 33 77 174 165 106 192 75 94 169 266 363 307 277 40 318 331 216 230 263 37 166 314 275 91 158 88 388 382 369 14 147 273 368 131 306 377 207 362 101 219 59 384 22 102 191 330 151 356 329 366 211 109 269 222 350 111 41 177 0 163 92 215 105 333 121 35 116 24 30 201 244 332 249 89 328 162 4 39 213 172 3 272 304 200 
TEST LEAKS 5 ARG:332 231 339 39 249 241 157 271 341 54 285 9 96 310 276 23 98 2 232 104 139 130 114 4 187 176 260 228 213 26 197 52 234 101 379 324 362 84 358 211 28 346 170 250 321 189 203 319 37 196 303 129 60 325 317 385 74 275 44 163 147 100 86 322 159 116 331 171 93 141 225 36 47 300 145 221 237 330 307 282 368 175 172 369 389 257 78 3 242 301 65 45 280 51 198 68 61 148 381 388 193 354 244 27 195 115 284 15 55 378 340 343 236 62 119 296 77 288 315 174 353 245 209 205 293 306 120 194 283 182 102 207 239 360 356 272 25 19 277 188 72 289 208 238 270 338 125 297 266 105 229 35 380 40 328 334 255 363 351 287 372 89 22 367 18 223 16 83 169 154 111 247 344 149 235 387 318 143 140 41 181 373 88 273 166 336 49 59 215 5 204 48 279 186 43 263 292 38 106 246 258 136 311 153 206 299 128 91 361 29 17 305 33 124 99 313 202 335 264 366 364 302 32 269 53 7 253 210 350 377 383 71 76 24 265 374 224 254 217 286 108 222 348 12 314 6 117 177 50 201 251 199 121 185 90 158 58 122 347 134 1 262 345 13 85 64 326 80 261 173 156 82 138 123 327 342 97 161 92 70 160 79 66 126 107 386 267 46 11 316 144 142 304 132 294 220 227 308 375 256 165 113 162 94 352 131 110 226 274 42 21 95 365 14 359 146 67 230 218 243 290 118 184 63 57 155 355 370 168 30 152 69 190 151 259 150 219 333 0 127 109 8 212 183 133 214 349 357 384 75 320 382 31 180 252 312 192 81 137 248 291 371 376 10 233 298 135 240 167 309 278 87 329 200 191 268 103 337 20 112 295 73 56 178 281 164 179 216 323 34 
TEST LEAKS 5 ARG:257 26 160 188 162 342 345 175 56 39 331 217 121 349 51 237 25 325 3 102 297 33 364 69 353 327 40 362 240 267 53 283 215 387 198 4 142 16 139 170 246 293 291 360 6 145 190 44 2 86 233 84 178 111 326 346 224 150 280 255 181 144 357 21 335 308 112 214 89 73 15 182 230 241 275 277 321 49 12 323 238 270 205 5 155 352 356 381 285 187 363 262 82 79 337 311 27 253 211 68 358 134 247 219 295 157 9 263 340 378 264 229 348 91 154 212 118 252 380 367 48 42 276 206 239 114 228 156 303 159 172 294 301 20 320 314 110 133 209 7 125 103 193 113 244 158 132 72 254 0 341 210 176 359 278 389 183 273 161 58 37 332 292 128 129 328 107 284 185 317 130 309 296 109 85 148 260 34 200 271 78 14 274 197 75 126 63 147 319 366 242 281 302 306 339 268 355 60 299 315 386 18 199 116 124 41 312 376 261 174 350 213 383 310 146 207 98 354 90 365 251 61 45 226 88 236 218 127 289 143 74 43 191 153 249 122 243 108 372 368 100 290 385 165 227 97 23 101 66 168 220 202 169 106 57 64 266 347 30 234 105 123 93 28 87 322 99 189 245 371 119 333 163 287 265 11 201 166 186 152 46 1 173 31 38 223 370 32 141 369 272 388 29 336 131 235 373 80 62 351 94 167 344 318 171 140 269 138 137 330 59 259 334 222 282 248 305 250 149 95 19 195 8 92 24 179 67 117 316 136 104 192 231 300 361 115 225 47 379 307 184 22 338 196 204 221 55 384 36 203 164 35 208 390 96 71 329 120 288 17 76 65 375 286 298 180 77 343 54 13 81 304 83 313 177 151 324 194 52 50 377 258 70 256 10 135 216 374 232 382 279 
TEST LEAKS 5 ARG:8 108 222 340 381 190 144 231 107 121 152 56 41 177 338 269 179 16 120 249 31 155 205 163 293 134 334 310 183 182 374 325 216 37 50 369 30 12 64 390 85 62 299 383 207 226 48 2 196 119 375 125 174 170 320 21 79 229 1 126 130 172 77 346 136 6 65 159 198 143 34 106 147 4 103 101 282 388 290 376 82 289 296 242 167 357 99 253 49 276 331 199 20 326 164 78 84 72 151 197 180 112 13 209 240 86 314 364 168 361 327 81 343 19 113 316 61 204 384 141 202 336 329 265 252 244 305 203 344 109 308 342 365 298 304 17 105 313 300 52 363 225 368 131 9 380 250 219 35 133 312 115 256 165 15 284 382 162 66 210 230 132 166 214 5 281 355 389 245 70 360 46 206 223 335 74 339 247 95 184 51 90 353 195 54 358 321 258 96 385 53 221 370 237 255 224 39 87 301 215 302 264 243 67 270 175 263 272 352 156 76 273 80 145 227 135 94 277 239 278 148 45 89 176 356 208 241 349 129 122 267 104 212 33 160 91 146 261 57 324 189 232 111 7 333 26 191 193 285 88 291 43 283 378 387 93 186 69 348 23 149 217 377 306 220 386 28 307 323 117 317 366 138 262 315 260 371 158 337 295 124 292 71 3 58 286 59 98 100 330 118 328 185 29 181 211 40 322 116 18 11 42 248 36 73 274 173 318 110 153 150 32 294 92 75 246 38 142 236 354 350 27 362 114 288 379 178 275 341 97 303 68 22 102 157 161 10 372 47 128 83 201 359 154 254 14 279 257 55 123 259 238 268 127 171 332 44 345 194 266 233 309 218 169 251 347 311 25 287 140 351 367 0 188 391 228 235 24 60 297 139 200 213 373 192 280 319 234 187 63 271 137 
TEST LEAKS 5 ARG:266 243 386 303 94 214 184 179 89 200 362 202 133 391 264 130 289 55 339 69 218 122 321 253 313 351 194 267 51 61 162 88 208 62 316 207 186 349 247 101 9 79 383 352 294 343 125 232 338 216 299 96 269 93 361 108 76 135 64 262 368 145 75 32 311 326 1 353 322 271 281 68 263 245 160 99 334 3 142 305 199 392 25 53 137 275 111 310 6 138 67 356 15 261 13 129 274 320 375 115 91 7 114 63 85 220 203 330 198 40 241 109 50 11 57 70 190 86 29 231 18 380 286 254 381 293 213 71 228 147 307 237 41 141 295 268 195 104 87 149 163 226 283 285 302 212 366 229 72 341 0 211 298 90 59 206 317 365 161 374 176 154 277 282 360 183 144 373 210 22 369 329 113 227 359 347 192 240 16 314 193 33 234 249 242 182 38 167 168 280 100 23 102 153 191 257 171 250 20 34 123 92 244 37 259 238 370 173 143 248 225 166 105 312 74 309 65 27 103 60 355 155 337 42 107 265 117 97 350 332 128 177 146 170 189 344 10 159 390 279 172 95 328 84 354 181 52 83 188 26 385 363 379 157 284 43 315 308 148 134 127 201 48 49 119 56 222 204 66 126 323 287 219 278 39 131 46 120 17 306 121 54 185 139 233 251 21 235 325 12 36 14 358 246 270 77 223 324 82 292 106 255 178 364 258 327 236 196 319 291 31 35 2 273 197 169 156 367 333 331 24 256 340 118 318 136 300 164 377 73 389 151 180 378 272 187 297 30 174 140 78 296 276 230 44 345 371 19 376 150 388 112 81 58 116 4 152 239 288 382 175 5 28 372 342 8 387 335 124 215 158 165 209 132 80 110 290 301 304 384 47 221 98 336 260 252 357 45 205 346 224 217 348 
TEST LEAKS 5 ARG:248 324 141 205 366 64 16 380 389 108 178 185 340 296 142 203 362 371 321 331 118 292 328 187 339 297 393 39 267 27 103 245 1 254 325 23 40 13 381 34 377 68 304 5 302 272 232 121 113 271 269 159 130 219 335 238 17 81 369 265 67 322 62 163 264 266 249 45 47 30 28 127 263 243 258 137 148 60 261 112 223 346 24 357 280 359 77 316 286 4 94 207 390 116 300 372 309 305 320 308 289 260 11 318 95 367 349 376 277 284 246 186 61 189 123 312 86 392 26 208 177 145 365 65 105 356 251 200 361 218 332 329 275 385 79 363 32 8 71 334 172 146 216 111 343 276 199 360 287 82 14 202 227 233 35 56 319 150 107 156 221 330 75 180 38 135 133 310 173 222 384 190 198 175 299 315 164 89 240 213 44 52 78 327 354 195 126 210 252 88 345 166 131 22 158 92 106 237 307 306 212 73 115 181 382 229 160 125 288 341 214 197 119 183 25 253 326 217 9 196 41 226 110 206 90 241 351 193 311 374 176 84 152 225 179 46 242 37 138 50 149 235 114 66 215 162 171 20 33 165 167 333 291 117 358 353 388 36 368 259 228 314 49 136 6 154 59 255 274 278 91 301 379 344 144 244 234 42 98 370 323 386 188 279 342 336 169 140 317 96 80 375 247 364 19 161 290 282 338 281 236 204 51 391 29 350 347 87 31 54 70 192 231 383 295 283 239 285 184 93 102 257 3 74 134 128 348 2 157 53 7 99 101 294 124 139 155 55 85 76 262 174 21 109 151 209 355 182 69 352 132 100 273 18 57 293 48 0 104 122 220 230 10 143 303 72 63 298 387 153 97 191 194 170 313 378 201 147 373 120 270 256 15 211 83 58 43 224 268 129 12 337 168 250 
TEST LEAKS 5 ARG:392 362 276 112 74 78 170 146 99 93 273 16 193 331 239 22 24 262 191 128 241 211 319 380 123 300 64 76 237 200 222 242 332 255 88 311 326 316 374 101 321 138 343 119 144 372 107 121 335 284 330 361 378 116 233 354 41 369 100 37 106 344 47 251 98 125 325 259 268 96 320 281 189 301 306 249 226 194 279 104 12 59 356 252 129 271 38 163 288 1 85 179 167 67 375 278 172 65 115 48 132 258 152 248 69 388 97 147 32 94 45 204 212 118 120 348 353 7 160 4 176 383 210 218 309 391 240 26 324 219 92 250 86 174 84 33 127 113 224 182 339 20 164 117 297 230 188 315 114 352 229 272 42 202 6 270 234 31 280 338 257 203 61 235 148 157 305 140 373 83 5 209 9 58 161 183 198 142 342 328 35 122 63 393 307 184 266 21 137 95 269 215 333 43 111 384 68 39 350 298 367 143 46 62 178 345 199 80 282 29 196 341 213 150 290 263 246 162 44 105 346 28 323 156 181 283 214 299 8 371 151 308 71 57 135 72 327 256 73 267 208 243 376 154 25 217 13 358 205 177 75 195 10 313 40 165 366 2 53 317 110 180 368 17 322 56 382 289 15 292 139 312 265 166 337 51 370 153 70 18 171 186 387 3 386 334 232 133 187 359 159 244 310 365 294 379 103 207 77 82 102 314 52 364 216 149 158 287 302 363 19 227 220 131 175 286 329 236 385 190 0 173 231 228 108 394 169 225 50 30 79 49 355 277 124 145 223 34 274 36 60 91 141 303 261 136 275 318 168 89 293 23 285 254 357 304 336 109 221 296 245 87 390 14 55 347 389 206 247 66 377 381 81 155 291 360 185 54 340 253 349 351 197 260 130 134 126 238 90 295 192 201 264 11 27 
TEST LEAKS 5 ARG:381 282 305 313 235 96 175 107 85 365 61 347 131 148 147 309 114 303 294 0 6 212 154 18 178 242 124 374 51 252 168 284 232 187 164 150 264 14 145 127 337 377 34 82 79 206 162 233 99 363 23 111 36 221 44 336 116 226 59 67 327 106 3 119 33 199 46 219 144 352 388 87 263 346 143 270 12 389 386 90 122 15 20 101 350 194 307 35 54 208 176 287 280 285 243 167 108 279 298 117 234 165 293 38 129 45 220 257 278 63 78 29 102 121 217 326 229 312 68 203 13 72 86 31 21 372 80 230 238 237 73 37 1 166 297 113 370 25 177 47 200 55 195 328 180 324 136 272 17 65 240 277 97 118 224 2 192 251 304 330 367 269 88 91 260 300 170 339 39 254 333 130 340 141 311 30 123 248 205 316 261 197 9 76 26 100 64 345 24 140 93 371 69 193 98 151 344 262 160 152 314 43 115 196 211 258 16 7 366 10 139 52 385 384 57 128 231 331 182 353 266 189 245 356 75 302 319 387 223 318 227 380 204 92 74 295 132 275 271 216 56 103 292 163 184 28 84 198 286 149 89 310 358 105 172 317 321 112 146 349 58 259 188 378 247 379 355 383 209 137 53 159 5 241 301 250 342 351 83 359 22 191 32 393 343 338 246 134 49 142 306 109 308 228 360 62 8 369 201 173 222 60 138 236 66 249 133 322 354 244 265 42 214 329 368 362 71 157 320 213 348 48 281 4 274 395 299 283 19 161 288 253 70 41 94 390 376 391 126 185 183 174 77 357 291 11 190 215 289 207 296 186 104 239 171 158 181 256 156 153 95 332 225 210 394 40 325 50 323 169 315 255 276 125 27 335 373 179 273 110 81 392 120 334 361 202 135 268 341 267 382 364 155 218 290 375 
TEST LEAKS 5 ARG:214 253 49 112 390 44 40 75 4 319 355 47 261 321 227 395 213 193 279 311 382 50 76 119 120 289 358 369 298 220 147 177 100 17 305 134 97 276 56 270 288 5 10 42 27 116 93 36 126 189 178 29 365 128 190 336 281 130 203 297 263 277 88 370 342 19 320 303 346 109 280 85 348 21 28 181 201 226 380 30 25 258 299 389 385 367 53 309 372 241 373 337 267 255 198 65 260 295 272 142 257 6 14 125 331 293 124 338 235 228 208 55 24 368 236 138 87 183 188 22 291 95 334 155 217 179 396 174 105 118 284 374 219 352 199 192 127 384 64 262 58 163 315 103 45 301 94 136 212 339 343 135 378 153 383 73 225 376 99 62 162 375 114 131 329 107 38 275 238 170 175 247 51 264 46 278 90 9 250 362 196 197 202 371 11 364 287 172 282 140 377 52 169 256 290 222 205 353 229 165 300 106 283 386 381 143 327 39 268 313 86 240 137 68 387 60 101 345 259 239 310 3 344 41 316 171 200 164 254 394 194 210 206 173 108 111 325 307 123 48 35 361 37 359 176 221 117 80 110 323 266 157 392 286 322 340 13 150 357 82 218 26 61 113 151 211 388 224 89 306 356 70 242 104 246 243 245 302 223 160 182 32 122 249 34 148 31 154 20 186 115 312 328 79 366 265 347 333 230 43 18 0 141 351 184 63 59 248 71 207 2 234 252 145 335 77 274 308 185 84 91 393 158 326 129 8 144 67 354 341 96 204 271 83 215 363 269 12 81 296 146 350 1 391 379 69 294 304 237 139 149 168 285 72 57 167 78 209 16 314 132 152 195 15 191 318 317 216 102 180 231 330 121 360 332 233 244 273 66 161 54 156 166 92 74 159 98 292 187 324 23 7 33 251 349 133 232 
TEST LEAKS 5 ARG:368 178 365 66 306 311 319 333 328 120 208 154 65 9 165 144 175 51 337 125 14 5 390 191 292 108 152 218 305 174 246 162 150 54 362 19 88 326 230 388 363 216 290 24 330 277 20 298 211 234 303 107 166 52 383 3 310 48 123 301 276 329 173 387 2 102 325 8 202 12 212 195 163 281 239 302 229 283 10 322 79 187 204 243 287 143 1 57 142 43 339 84 127 396 222 63 381 172 391 393 237 248 109 26 133 32 94 378 185 205 177 98 377 184 67 100 134 31 114 217 59 86 124 80 259 238 13 179 286 40 331 262 190 261 138 140 293 313 46 372 77 17 282 389 272 336 28 186 247 122 345 22 95 215 314 155 73 75 245 126 119 270 249 99 352 312 317 374 343 289 316 273 169 357 45 220 76 340 82 194 148 168 111 253 116 250 364 348 207 198 360 242 231 170 315 121 83 369 135 188 252 274 335 266 210 18 157 56 115 376 200 397 97 149 366 355 370 189 199 105 265 55 117 232 49 90 227 323 228 161 25 256 203 324 7 139 192 104 320 50 30 226 219 36 42 353 213 359 342 93 70 85 167 87 380 118 275 356 392 103 288 341 258 4 307 33 27 291 106 164 110 395 280 361 91 224 96 41 327 137 29 130 132 241 39 351 308 38 53 382 64 332 304 193 278 181 269 236 11 244 367 141 318 285 373 158 81 71 62 61 92 214 37 60 159 279 89 176 131 78 251 74 201 180 15 68 72 129 271 371 113 156 385 153 309 23 349 47 347 264 35 354 255 263 254 34 300 112 128 299 321 136 394 257 260 225 294 295 346 384 44 344 233 146 197 268 6 235 284 350 16 101 58 379 358 375 151 147 196 297 206 69 183 171 0 296 334 145 21 267 223 182 338 386 209 221 160 240 
TEST LEAKS 5 ARG:329 45 70 93 83 148 40 281 267 297 224 332 240 347 68 94 301 146 33 340 230 0 139 238 96 384 351 109 120 296 39 98 268 133 49 376 282 130 60 17 338 223 88 32 127 202 255 11 145 111 134 12 14 5 327 360 2 137 289 131 306 200 266 48 144 77 348 150 151 117 357 181 149 23 15 85 269 299 330 10 335 35 373 113 13 248 126 212 245 343 190 86 249 108 25 324 54 51 358 184 393 391 106 47 189 291 121 290 302 337 103 378 374 259 211 309 163 140 336 105 194 97 46 159 62 364 114 183 210 333 158 198 138 72 311 371 396 354 367 320 221 38 55 310 52 1 386 75 243 257 89 251 180 209 58 177 319 99 30 63 129 277 186 201 341 312 321 135 197 115 164 313 171 278 349 381 44 365 275 34 16 67 154 3 390 195 36 304 325 270 366 29 6 318 42 192 398 91 69 387 244 394 59 242 100 345 283 104 204 383 293 225 271 334 41 160 81 205 397 370 388 187 71 355 352 369 53 136 143 141 95 122 155 272 215 286 346 20 253 107 50 339 344 232 315 234 226 203 199 326 276 173 379 295 233 92 84 57 65 61 87 307 389 218 246 161 228 19 380 7 116 252 274 292 229 237 353 176 167 179 8 175 247 314 363 216 359 254 239 287 279 256 79 37 132 112 261 64 124 28 300 166 147 90 119 27 172 356 162 56 260 280 110 298 392 73 342 328 125 323 258 322 74 262 43 66 4 170 273 219 382 168 78 82 182 213 220 80 227 169 193 288 285 9 31 178 24 157 102 385 263 152 361 284 316 22 153 206 156 375 191 236 26 207 331 196 188 264 208 142 377 350 305 118 21 128 222 76 308 101 217 372 303 231 265 241 395 185 174 317 123 18 294 214 235 362 165 250 368 
TEST LEAKS 5 ARG:140 239 237 164 143 206 270 339 3 182 368 36 10 24 84 243 72 43 134 4 93 257 170 313 391 118 215 300 389 352 17 359 48 117 33 357 109 386 374 127 46 319 61 392 1 234 355 279 178 130 235 320 378 219 321 155 223 233 276 53 16 157 260 2 95 101 42 379 387 21 91 108 94 315 245 242 226 296 254 214 361 225 115 342 22 366 45 5 44 317 139 356 122 196 340 52 203 289 70 125 55 56 244 312 367 64 305 310 191 69 26 333 47 160 299 350 90 256 207 30 316 161 37 149 354 102 204 132 395 136 286 54 154 175 291 83 323 338 66 253 152 168 85 137 131 107 370 162 397 259 120 344 308 195 49 27 20 12 141 112 274 345 167 88 190 255 302 82 251 381 213 145 60 65 282 311 19 232 269 267 113 227 297 212 205 303 266 104 41 208 363 220 87 272 307 173 283 334 346 372 383 271 199 382 343 373 99 111 32 288 185 123 0 358 128 292 287 341 332 236 328 231 129 353 189 285 51 365 263 248 295 252 250 261 398 13 262 28 158 86 75 277 174 14 393 7 388 336 278 273 309 135 221 399 177 166 193 78 73 371 57 240 31 264 92 106 209 151 97 62 375 176 301 224 163 187 81 347 337 335 258 79 169 179 200 165 103 133 121 144 330 216 322 59 142 314 211 360 98 18 230 50 100 67 390 362 138 124 188 74 351 246 280 249 77 34 186 11 380 35 377 298 126 265 349 38 146 281 275 294 116 58 183 71 105 222 325 96 180 76 68 217 172 148 171 39 156 40 326 184 331 247 201 218 80 114 159 153 324 284 29 23 293 306 63 9 376 119 25 110 192 194 394 304 238 364 369 181 290 348 329 89 385 6 150 327 202 318 268 396 147 228 15 241 210 229 384 197 8 198 
TEST LEAKS 5 ARG:161 391 34 384 143 392 373 214 218 328 341 134 244 270 182 10 202 253 86 190 299 37 247 343 73 0 159 177 107 114 82 3 399 203 238 179 113 250 122 98 261 26 249 172 327 276 65 67 263 100 112 324 32 282 223 397 252 294 329 119 365 337 312 278 369 230 184 385 56 388 389 360 320 372 206 232 199 231 227 316 313 382 33 30 153 370 108 135 185 81 226 283 266 109 210 271 139 158 128 235 47 102 146 165 380 212 40 303 256 305 25 52 346 222 89 336 289 272 242 241 196 111 129 208 262 194 296 304 92 193 307 93 338 6 306 124 162 291 53 49 22 154 90 259 126 63 54 265 38 295 12 277 207 76 357 19 394 51 254 66 96 286 243 137 264 198 125 377 59 28 160 13 330 387 173 20 1 157 352 104 170 180 200 298 297 15 31 121 333 188 45 61 225 354 342 361 84 233 42 364 72 132 36 366 164 144 317 280 29 258 353 140 293 334 400 181 358 274 195 209 70 8 219 309 396 229 314 251 374 308 11 349 301 74 390 292 106 285 9 348 332 310 319 326 97 105 257 41 240 290 155 142 138 131 14 80 116 77 174 183 378 145 268 344 95 58 57 191 375 383 24 101 331 152 94 171 398 4 339 87 27 39 279 351 166 368 245 123 236 215 136 205 248 322 237 2 79 50 335 91 133 163 127 117 186 340 315 318 347 156 269 221 46 150 60 120 321 5 356 287 16 189 239 55 88 281 197 376 7 85 192 64 115 284 103 176 147 300 44 267 386 99 359 350 23 178 78 379 201 395 83 118 148 273 21 35 220 168 213 362 288 255 48 62 224 130 355 371 216 169 43 381 393 68 149 363 71 151 302 325 18 217 141 175 260 69 110 187 246 345 367 228 323 311 275 204 211 75 167 17 234 
TEST LEAKS 5 ARG:94 256 37 211 32 188 67 142 373 182 24 57 49 296 270 258 322 384 352 15 36 310 361 178 283 156 314 349 268 171 277 46 177 284 263 261 265 175 200 172 212 385 287 103 134 248 238 329 313 233 82 70 132 318 275 133 356 216 116 224 344 328 100 383 359 93 357 143 236 138 231 163 220 127 327 78 271 128 1 112 169 104 68 27 399 387 297 294 366 242 262 180 99 269 97 33 351 0 354 61 372 289 204 390 34 285 208 286 141 315 214 165 210 345 50 232 371 89 47 324 397 388 117 41 90 101 319 54 367 152 79 113 8 109 77 14 358 119 2 306 215 126 38 333 95 106 250 311 12 161 251 330 274 346 17 395 299 302 398 230 151 187 75 29 118 239 167 52 245 39 237 235 74 44 221 120 19 60 40 191 176 181 244 376 59 51 71 226 146 337 323 5 401 206 243 190 130 137 166 139 28 22 170 368 56 266 394 194 341 292 316 260 378 303 252 150 241 140 184 386 255 325 281 309 144 295 276 13 396 365 379 84 374 168 186 348 342 240 307 198 183 334 110 196 229 3 42 4 199 339 259 48 145 290 213 291 332 149 26 340 247 115 234 338 326 189 312 102 136 147 81 282 164 380 53 195 111 225 350 393 246 264 20 343 162 382 135 173 107 58 300 298 72 114 392 267 25 249 360 209 279 308 370 364 125 123 400 124 288 86 174 31 45 160 91 317 192 301 11 207 375 159 222 205 87 202 55 227 131 304 64 321 197 331 88 272 96 305 223 391 83 219 293 203 18 62 347 320 280 73 369 278 30 43 228 66 121 179 362 9 363 92 98 389 122 193 21 253 80 254 10 108 23 155 158 153 217 273 7 185 6 353 76 129 63 157 85 69 257 218 148 201 377 154 336 105 65 355 35 381 16 335 
TEST LEAKS 5 ARG:5 233 274 3 202 267 237 158 330 53 392 334 87 331 327 155 259 303 194 315 245 34 17 373 97 39 306 347 275 226 298 336 307 326 357 86 218 182 162 154 122 348 11 15 349 93 185 0 137 299 18 84 294 207 150 13 55 225 138 332 64 117 89 85 308 398 253 153 30 278 107 311 31 203 367 54 276 342 351 32 193 284 231 169 341 120 378 389 38 296 114 316 112 121 94 199 113 109 157 280 243 82 235 201 12 195 152 173 19 256 67 59 142 101 178 99 402 370 183 388 61 188 135 46 42 282 6 133 213 263 131 300 266 260 111 47 144 261 340 159 216 228 103 359 190 343 66 104 197 172 174 227 102 149 360 400 209 337 220 28 105 116 391 374 376 254 23 264 248 384 270 329 170 68 106 16 184 393 100 394 371 36 229 44 272 314 126 7 75 63 141 43 211 115 281 250 312 289 255 310 301 401 214 147 283 56 76 65 186 1 57 62 230 385 21 217 191 51 338 72 247 302 215 52 387 285 368 318 10 369 251 271 181 81 168 80 108 25 118 325 110 319 322 365 238 395 96 22 257 210 221 179 345 304 397 134 189 41 372 236 212 277 143 77 92 258 234 262 58 187 252 381 127 180 346 363 163 60 242 354 98 291 33 383 335 232 20 176 9 269 305 14 165 175 139 313 288 361 79 287 50 279 91 206 364 49 146 324 328 200 73 358 88 95 145 204 24 222 70 48 35 377 4 323 240 171 69 265 239 90 2 356 355 192 297 366 390 380 362 136 379 241 26 386 249 321 161 37 40 160 198 208 71 196 290 382 132 309 353 244 140 317 119 352 375 205 344 292 27 129 29 399 320 83 350 339 128 167 286 74 273 246 123 293 78 8 295 177 223 130 224 124 45 164 125 268 219 156 148 333 166 396 151 
TEST LEAKS 5 ARG:273 69 56 276 267 291 217 79 345 17 76 148 119 158 393 212 85 247 255 323 348 288 102 65 236 213 32 203 39 202 171 51 399 240 107 27 188 183 253 218 330 324 239 353 339 224 266 278 135 128 354 199 174 127 133 314 334 286 19 67 401 388 364 117 294 104 44 4 229 72 121 329 343 162 80 170 398 154 81 275 103 228 37 63 403 35 226 201 363 180 8 48 93 89 6 346 370 204 41 198 280 38 231 30 18 306 373 126 381 376 157 193 59 304 223 337 94 303 312 112 110 64 263 274 153 177 241 99 33 356 238 98 307 13 105 282 77 142 95 26 250 58 146 367 50 258 36 140 352 302 208 166 49 311 132 75 150 3 62 15 215 321 53 216 214 355 176 92 114 131 82 297 261 192 246 308 178 382 83 326 134 378 147 16 182 400 227 161 172 358 84 31 40 233 232 235 2 333 290 251 163 262 341 379 167 322 91 374 9 68 347 190 264 120 45 296 222 244 101 70 159 289 196 360 310 277 284 185 295 186 260 259 118 365 137 221 316 397 371 10 21 181 96 87 285 54 175 319 301 115 350 74 318 197 387 88 179 156 268 141 293 116 209 361 225 130 269 138 143 299 28 369 124 100 111 349 317 60 357 359 342 328 144 257 106 340 145 1 184 211 366 242 122 271 331 390 249 283 189 164 338 155 12 206 78 187 97 22 123 46 395 309 109 305 71 372 24 168 169 377 385 230 384 11 336 380 191 5 234 287 43 368 298 391 25 149 86 237 73 151 108 313 125 270 279 139 265 34 389 0 207 220 320 219 195 20 14 152 351 392 42 52 344 375 129 394 243 245 292 173 383 327 252 386 254 396 200 281 66 165 61 272 47 23 325 55 248 256 315 113 194 402 335 7 136 210 90 300 160 57 29 332 362 205 
TEST LEAKS 5 ARG:240 220 144 394 113 32 118 174 33 116 23 95 138 336 237 401 71 209 398 207 352 324 62 46 314 199 108 191 63 64 181 322 368 52 180 371 17 93 172 286 218 51 233 142 7 247 179 42 175 298 361 98 163 153 92 145 215 399 124 343 35 49 271 369 54 126 386 221 326 214 106 249 190 120 219 79 348 205 168 295 291 133 184 110 334 251 210 301 211 203 76 300 400 14 86 132 3 171 248 339 56 297 41 381 198 397 196 255 356 84 78 335 276 260 44 320 5 201 18 167 363 241 104 149 346 166 193 269 344 288 383 20 186 192 337 161 212 125 150 280 45 143 204 384 100 61 15 256 68 140 372 156 359 213 122 111 261 351 131 13 87 303 72 189 2 10 404 59 231 267 185 265 31 141 115 333 374 200 259 55 109 117 244 358 29 1 347 4 222 224 229 148 195 325 183 128 378 164 373 287 162 304 305 47 177 173 380 103 82 242 99 134 316 39 390 395 38 332 379 208 197 216 357 338 364 272 239 130 170 159 387 58 91 22 235 315 234 293 268 403 73 74 318 154 396 48 230 388 187 274 349 319 321 107 366 8 299 16 340 158 139 121 9 323 278 69 375 389 57 123 342 331 302 353 341 146 102 281 225 329 285 11 6 258 289 377 129 89 67 160 376 243 306 21 202 217 354 165 88 147 277 307 53 270 77 114 294 169 245 136 25 246 182 402 96 178 330 263 223 391 36 311 385 252 262 137 80 12 350 365 232 266 382 152 393 310 206 75 290 28 194 70 90 275 112 37 26 273 296 254 370 97 83 101 238 66 308 257 284 345 227 119 355 43 188 253 27 65 282 155 250 226 292 94 151 40 50 328 127 317 228 309 30 312 19 264 24 34 0 327 313 81 283 392 367 85 236 60 360 176 362 105 279 135 157 
TEST LEAKS 5 ARG:50 328 363 88 114 234 276 404 369 154 319 231 373 185 278 181 243 326 155 366 28 21 29 34 45 30 391 197 33 204 377 191 218 183 310 285 305 157 320 60 349 1 293 222 352 403 120 370 355 39 216 284 32 118 54 104 299 61 309 244 354 348 401 144 72 187 358 259 211 55 36 266 41 171 79 68 343 62 351 96 53 83 7 158 280 123 228 23 236 282 321 70 385 97 360 247 184 146 212 223 257 134 341 245 109 239 235 13 138 40 63 214 115 376 122 221 113 396 135 375 325 395 94 163 59 202 312 124 390 392 330 378 331 81 332 229 148 346 174 308 78 150 3 131 267 300 17 323 251 74 333 99 200 206 5 345 37 177 65 44 145 388 258 51 322 356 112 130 315 342 242 371 71 167 273 31 178 289 57 82 87 379 199 75 374 136 129 56 179 294 304 279 220 250 198 238 334 209 172 329 49 307 168 170 389 141 246 362 269 8 357 372 386 101 367 128 164 240 260 297 400 9 147 89 69 237 336 283 298 98 73 219 93 15 176 398 153 77 227 265 111 160 35 405 64 38 102 340 208 152 337 296 402 105 248 253 281 46 67 110 103 252 314 339 117 121 84 188 387 261 241 249 2 48 338 313 132 316 85 137 291 256 126 213 127 91 18 133 368 196 311 107 262 27 169 399 350 143 186 210 42 380 254 165 361 19 26 192 292 195 108 125 11 224 394 86 162 301 215 344 230 92 166 182 24 140 217 47 277 264 263 193 106 58 302 180 10 226 142 384 290 119 324 255 90 76 306 66 381 4 25 52 205 272 274 190 327 22 14 16 303 189 359 201 139 149 232 233 161 225 159 383 318 397 175 286 207 151 364 203 100 393 335 270 0 317 382 20 80 288 287 12 43 268 347 275 156 173 95 194 271 353 6 116 365 295 
TEST LEAKS 5 ARG:298 83 40 358 349 91 168 163 119 104 370 182 406 67 381 389 93 110 331 323 220 56 140 191 180 159 173 132 60 211 149 24 322 205 29 372 130 21 3 157 134 117 227 282 120 193 376 307 137 73 272 365 27 22 136 340 347 207 7 158 153 33 50 317 273 164 234 224 204 235 2 305 4 351 80 192 72 112 374 371 337 270 53 43 241 294 382 79 255 162 147 167 237 244 339 383 391 357 309 379 109 257 360 84 62 165 334 217 11 246 199 175 124 233 404 186 264 250 127 364 280 18 178 303 166 314 151 290 248 230 200 330 226 187 176 265 385 144 348 113 215 260 336 14 65 36 296 338 278 343 44 107 31 66 201 315 35 148 114 52 41 54 16 279 196 125 380 70 274 17 143 321 170 172 261 68 320 359 89 103 133 98 126 400 181 195 283 247 146 42 87 388 161 252 77 397 399 398 48 37 275 222 85 71 101 295 356 318 30 362 194 243 99 377 45 291 63 171 326 236 122 392 212 350 59 308 259 216 34 213 223 262 324 256 61 86 304 8 352 97 405 221 277 145 57 183 47 108 266 353 39 81 46 49 342 23 203 121 316 138 386 329 239 292 251 150 169 313 198 174 28 131 333 155 64 367 319 341 390 249 15 160 94 92 13 393 402 88 258 394 373 327 208 293 300 202 90 12 100 75 368 179 135 10 263 395 19 269 254 325 197 271 128 76 302 111 378 210 396 32 232 156 297 286 361 276 335 268 384 311 245 25 289 403 363 375 228 214 387 51 115 369 219 9 78 354 118 229 306 96 355 185 152 285 26 141 267 5 1 154 328 206 401 139 332 310 74 95 345 346 20 82 123 0 366 344 106 225 281 242 231 142 102 184 189 55 253 287 240 218 105 177 69 312 284 209 38 188 301 116 238 299 6 288 129 58 190 
TEST LEAKS 5 ARG:303 149 334 75 164 249 205 338 97 155 248 178 403 30 39 366 216 404 381 152 113 349 201 55 363 337 226 6 3 314 43 150 244 370 394 7 179 14 140 311 107 61 93 110 382 247 348 158 131 0 33 289 242 147 21 144 286 38 386 358 377 27 197 220 379 312 267 243 67 335 368 385 80 234 237 391 122 276 172 227 168 185 200 20 114 120 232 298 58 174 87 278 187 269 83 79 383 390 273 41 344 384 209 26 132 265 192 280 184 19 117 193 9 360 115 212 342 238 264 141 171 221 292 100 135 399 17 151 218 74 32 108 60 352 365 258 53 341 203 323 207 354 50 36 389 347 351 336 268 224 388 162 94 157 397 98 361 68 396 95 392 72 85 23 353 137 310 290 315 156 217 28 215 196 375 219 81 71 40 143 236 301 159 104 332 118 246 261 259 109 15 2 387 372 210 111 211 35 89 402 346 86 44 330 136 214 345 191 45 295 367 304 253 90 263 125 161 319 163 106 277 173 105 204 142 116 239 37 49 124 121 88 154 252 13 251 189 233 34 64 324 371 208 359 241 318 256 325 213 52 356 84 16 76 78 202 96 29 405 51 119 300 82 322 291 245 307 287 57 308 328 145 350 153 73 378 138 18 166 329 285 8 194 25 102 1 198 284 373 54 281 10 369 169 11 327 223 343 364 24 180 206 130 376 333 139 395 63 302 255 22 250 362 339 91 59 320 262 266 317 165 199 270 186 228 175 274 272 134 313 240 183 195 128 112 401 288 294 406 47 296 62 316 374 188 309 126 129 148 160 69 101 282 306 127 190 176 357 4 146 167 299 279 293 5 305 181 275 321 92 331 222 31 123 230 56 326 65 225 46 70 260 271 257 170 355 398 340 103 283 407 48 177 393 297 235 231 182 42 254 12 380 400 99 133 229 77 66 
TEST LEAKS 5 ARG:289 185 200 32 312 293 357 180 125 386 145 222 80 199 59 151 303 350 354 12 102 126 266 254 403 288 73 140 241 46 326 379 130 308 38 323 282 62 306 85 390 114 297 196 380 277 108 169 252 292 223 284 305 182 48 184 318 299 270 317 384 50 246 342 401 34 136 203 355 176 352 57 369 139 98 385 97 230 336 224 19 311 190 27 71 44 256 15 5 175 395 137 86 235 240 78 202 191 408 314 164 368 290 105 340 373 242 279 332 307 101 363 214 189 153 320 96 111 103 4 106 258 399 171 167 124 268 166 69 335 295 341 321 310 186 247 389 367 211 0 132 22 174 43 237 14 165 109 158 391 404 300 72 372 383 159 291 238 40 329 123 359 396 216 30 243 212 232 345 400 388 309 370 147 75 2 45 61 68 13 261 377 143 82 56 265 154 83 347 6 325 148 382 231 21 42 181 402 361 274 118 9 316 287 207 93 17 283 194 259 58 365 173 51 7 228 155 91 226 234 239 112 362 269 322 210 168 349 183 11 55 324 121 115 179 195 120 273 53 178 233 225 146 331 394 281 366 41 376 94 215 122 10 100 278 150 172 276 152 338 192 36 170 360 245 285 177 250 344 333 328 163 129 378 35 255 127 220 23 393 298 334 20 213 110 74 358 257 31 29 133 28 149 144 296 90 271 3 60 337 407 84 406 95 157 304 205 330 128 52 49 134 18 116 99 236 33 25 374 315 156 206 16 294 264 39 197 387 26 54 267 397 8 87 229 398 319 66 24 346 248 275 301 88 209 227 119 253 208 302 113 348 142 280 81 405 131 161 364 135 356 77 219 217 381 244 65 251 76 353 392 188 249 375 160 138 198 37 204 162 262 201 343 107 351 371 286 79 47 92 218 67 1 327 313 260 272 104 221 89 187 339 64 70 63 141 193 117 263 
TEST LEAKS 5 ARG:261 199 235 302 53 150 260 272 77 49 106 135 306 282 75 68 92 56 269 397 244 142 225 359 104 164 406 178 299 33 376 220 134 205 334 368 21 248 65 303 317 273 146 270 82 333 323 54 284 370 35 172 336 355 279 327 374 395 382 243 116 192 290 2 275 88 389 113 391 40 151 177 229 350 308 405 196 251 366 45 219 401 1 358 188 407 247 120 349 373 69 171 22 274 148 168 86 159 66 124 238 354 341 337 114 165 338 85 176 296 181 118 25 157 262 55 249 239 70 15 224 136 353 371 102 191 39 352 304 280 201 315 383 100 76 79 286 110 9 301 218 62 98 109 363 42 153 6 309 173 149 18 103 223 189 101 361 369 330 78 32 200 277 215 7 254 127 268 24 266 119 156 388 362 20 227 403 11 226 392 138 316 91 345 237 324 347 289 105 141 162 311 128 144 169 161 288 137 263 325 170 208 297 0 43 34 204 372 252 36 378 4 258 123 112 125 185 8 38 122 67 152 206 175 231 385 242 51 364 47 281 381 167 143 30 26 12 131 179 60 321 63 96 214 27 264 74 404 59 117 57 310 344 342 241 87 83 351 44 95 250 320 17 71 346 396 329 166 253 293 58 90 319 265 232 291 5 402 216 307 145 107 335 182 31 384 387 276 129 278 48 234 285 174 314 312 130 394 203 147 183 328 50 318 222 14 209 221 256 187 158 3 298 202 28 23 13 80 271 365 180 84 10 240 61 99 348 409 343 97 357 386 379 236 16 163 211 133 305 408 139 207 245 356 94 300 255 367 89 111 292 213 230 193 81 295 64 313 132 73 360 246 340 390 46 198 29 126 400 52 19 322 294 194 228 332 108 186 399 393 331 154 267 339 375 233 257 115 398 283 155 195 37 217 160 121 184 210 377 197 287 326 140 93 380 259 72 190 212 41 
TEST LEAKS 5 ARG:274 335 81 194 382 80 243 109 270 296 69 156 215 110 141 203 152 112 16 365 381 401 160 34 385 222 117 337 217 13 163 343 174 266 210 52 147 250 189 200 269 44 157 120 151 292 321 150 37 101 285 104 41 275 313 61 349 122 119 83 100 111 394 98 90 331 360 240 85 245 229 187 178 355 86 254 142 89 94 315 202 88 284 63 190 106 221 62 387 173 170 182 65 283 75 226 184 311 395 246 108 132 1 73 263 51 23 361 195 70 66 235 305 242 12 212 129 238 372 397 345 356 390 358 384 209 256 127 357 135 304 161 383 351 267 294 214 57 399 369 177 11 20 253 6 309 199 379 389 237 396 314 375 28 378 354 186 201 67 236 76 393 59 144 265 410 298 125 241 21 0 97 334 155 24 96 348 153 307 168 359 322 306 310 126 113 60 327 247 71 262 338 3 72 251 323 137 279 138 332 29 55 87 103 219 371 102 193 30 276 218 362 346 373 78 213 10 140 368 231 353 280 22 47 53 8 180 233 146 35 288 289 216 175 342 162 18 407 82 376 319 123 115 320 398 363 58 5 33 239 400 259 278 329 93 207 14 149 228 257 367 145 91 297 39 291 281 325 404 324 188 124 220 134 56 2 392 79 302 154 258 9 282 380 225 312 211 409 92 339 333 183 133 196 148 328 139 264 317 341 271 4 208 27 46 388 143 105 406 43 295 260 377 48 95 300 261 364 165 32 352 107 244 405 252 391 272 318 171 336 164 54 167 31 50 326 374 347 191 205 303 287 232 316 273 68 179 42 290 206 370 49 192 204 84 7 118 255 64 366 99 121 26 248 350 181 223 136 169 234 403 166 15 74 293 344 176 25 299 301 308 116 227 277 185 17 19 386 131 172 340 158 249 268 36 38 286 130 198 40 230 330 402 128 77 224 408 114 45 197 159 
TEST LEAKS 5 ARG:354 243 171 369 389 172 411 285 155 196 58 378 271 98 166 30 76 109 62 409 194 74 15 156 227 45 403 111 241 310 312 408 255 305 360 118 173 151 223 290 189 401 373 229 117 264 168 384 273 250 110 128 265 343 130 67 232 11 125 219 303 144 160 174 348 65 47 225 21 91 146 237 248 211 320 368 43 206 283 72 157 63 333 122 17 132 37 209 138 141 161 195 185 192 133 330 101 288 162 352 93 375 184 216 291 268 24 164 295 327 4 46 220 309 278 136 23 344 147 275 183 104 197 78 323 94 314 198 44 180 370 342 182 0 20 97 83 75 181 187 292 381 325 316 380 324 308 41 399 366 60 334 135 77 56 150 284 276 281 18 116 190 244 339 51 103 88 54 213 252 107 40 126 1 191 120 351 318 297 235 296 84 322 234 396 27 39 61 25 81 85 326 131 31 246 149 89 358 410 188 298 226 29 92 35 400 99 269 36 338 302 176 262 363 280 335 233 73 124 254 263 240 64 142 371 170 112 96 340 393 236 367 249 212 353 12 69 9 294 300 266 231 261 114 175 208 102 387 270 293 193 391 13 392 282 201 406 87 287 66 319 22 355 33 336 127 159 356 218 346 14 3 404 105 242 16 177 10 331 350 8 228 100 178 115 365 165 32 140 239 230 152 345 5 224 154 253 304 210 311 274 341 90 245 169 372 313 307 143 407 19 123 395 247 397 258 59 215 337 361 317 139 386 306 119 405 217 6 272 364 55 200 205 145 362 329 301 238 71 50 277 129 315 394 402 49 374 398 153 148 203 260 390 332 267 299 42 349 251 28 163 7 158 207 53 359 328 286 57 256 382 289 204 82 179 70 379 383 385 48 121 214 52 257 113 134 199 221 376 377 38 167 106 259 95 347 202 108 186 86 79 137 388 34 26 279 68 357 222 321 80 2 
TEST LEAKS 5 ARG:77 83 67 69 71 405 257 240 387 380 2 219 320 243 322 124 204 166 72 109 102 181 261 59 237 76 304 208 282 335 49 134 248 126 223 334 385 41 287 104 358 235 332 107 399 156 339 291 141 305 281 54 295 364 206 210 7 149 359 70 84 394 148 131 191 377 372 189 175 376 127 366 171 158 40 4 31 115 103 271 172 392 226 215 23 135 276 123 128 253 251 39 346 356 254 15 185 170 16 65 289 193 375 234 367 62 125 220 252 308 411 338 246 296 91 227 412 119 293 321 202 147 301 108 122 190 50 13 155 110 96 272 95 231 164 357 330 137 160 73 146 99 327 180 8 403 350 78 186 268 386 55 68 53 34 129 398 348 319 3 6 388 361 407 336 275 311 63 82 218 56 373 360 118 256 283 22 313 225 178 163 273 212 297 182 195 209 66 328 46 11 10 396 79 61 325 349 393 294 35 331 144 114 347 410 106 255 222 278 262 24 371 389 307 112 263 176 362 28 57 233 203 153 100 198 51 161 310 12 14 0 42 33 130 391 81 395 98 90 173 298 167 26 139 188 345 238 199 1 241 111 18 284 5 286 323 337 250 168 177 383 280 324 228 120 353 374 267 21 29 36 151 17 382 247 342 288 43 265 113 93 242 38 400 309 30 279 52 136 341 352 192 89 230 94 258 270 401 64 9 200 165 37 402 194 277 60 303 174 266 365 354 326 88 117 285 368 179 397 143 211 85 97 116 183 132 25 369 207 154 264 249 157 213 379 205 274 344 86 214 232 92 355 27 260 145 315 138 306 312 239 245 390 32 351 142 44 300 150 20 152 162 408 169 87 75 121 378 333 302 363 74 187 290 244 384 216 105 217 224 314 19 316 196 45 133 58 406 292 409 159 329 269 140 404 370 201 317 48 340 259 47 343 197 184 381 80 299 236 229 101 221 318 
TEST LEAKS 5 ARG:34 41 274 3 22 368 265 21 5 12 24 372 124 150 189 105 110 325 80 345 69 28 317 78 348 47 132 186 378 13 58 343 216 324 165 259 32 395 359 92 262 332 163 278 244 363 406 4 398 298 68 164 322 292 120 320 286 102 294 190 138 198 204 250 146 155 285 16 367 350 52 176 125 140 349 388 331 153 141 29 281 296 160 89 267 375 113 60 362 81 354 237 179 75 20 49 247 316 147 313 119 382 271 156 336 356 314 210 11 188 312 15 226 131 181 203 1 7 196 258 159 360 409 114 99 208 340 403 82 379 193 254 54 253 251 248 0 101 260 404 74 306 255 330 180 407 402 142 301 9 35 355 161 309 100 174 182 337 154 272 14 215 282 371 339 96 413 290 55 112 184 377 87 224 347 64 62 209 143 319 31 304 246 381 263 79 232 128 187 256 107 220 111 335 315 252 37 151 287 341 123 177 249 392 90 144 157 357 266 284 51 115 213 408 221 401 405 8 137 239 122 411 225 329 275 200 277 291 364 235 323 194 6 72 44 116 308 48 2 373 303 76 88 223 236 98 70 397 136 197 321 302 212 234 168 40 399 300 18 361 273 104 45 152 86 211 53 387 83 191 366 352 374 66 130 185 390 127 326 412 305 219 30 344 94 145 328 353 57 391 195 169 205 39 27 183 358 238 311 133 166 38 43 46 134 77 241 207 158 245 257 386 71 242 93 118 148 288 97 299 171 365 240 56 139 289 276 310 126 91 10 178 396 243 270 63 394 342 202 84 233 33 85 346 217 293 334 167 42 318 59 268 172 351 231 283 106 228 410 135 297 338 201 73 279 264 400 192 129 333 170 95 121 50 295 117 67 383 261 307 227 369 327 280 23 36 206 214 222 230 173 149 376 26 380 109 19 393 229 175 108 389 269 370 61 103 384 385 65 218 17 199 25 162 
TEST LEAKS 5 ARG:161 237 186 56 352 203 142 90 274 376 313 287 242 400 379 374 11 408 36 357 154 309 248 283 106 301 334 212 0 57 102 391 46 133 259 319 70 256 184 22 280 135 380 312 366 63 254 341 388 116 401 200 149 173 98 335 83 115 277 291 34 69 265 372 71 364 99 138 61 30 310 382 96 305 64 104 354 105 361 100 187 9 222 163 193 152 278 342 131 148 409 346 373 197 73 150 264 42 225 79 317 165 44 28 195 240 58 365 84 204 223 53 13 290 255 170 202 182 356 231 19 234 303 109 103 260 179 367 275 176 125 158 166 299 315 296 87 321 232 284 130 320 194 157 404 343 164 178 229 192 160 175 262 338 32 144 14 230 92 27 93 327 59 146 384 228 21 65 235 49 413 12 41 236 349 38 123 207 250 224 221 112 333 20 322 3 329 369 81 147 292 282 323 139 347 318 97 76 311 174 340 45 119 156 199 198 217 377 191 269 4 405 393 285 52 252 397 82 120 37 246 392 155 304 145 218 188 118 88 33 297 8 80 302 294 101 210 75 216 387 94 258 324 172 206 268 25 107 402 39 381 337 7 50 86 389 54 51 395 360 383 245 159 171 412 128 316 351 375 238 286 355 5 18 31 226 336 414 241 137 398 273 306 209 35 281 407 239 124 190 270 60 350 390 169 263 167 243 126 244 55 181 411 113 91 168 136 253 140 215 331 403 348 26 180 385 213 16 272 78 363 396 143 308 1 353 330 15 378 261 247 67 368 328 89 43 189 298 271 85 68 162 371 220 266 288 205 48 111 114 185 121 141 47 362 332 370 62 77 394 72 134 153 129 326 251 177 386 40 233 249 127 196 6 293 29 132 289 314 399 307 219 117 359 211 214 23 10 17 267 95 276 345 110 257 279 295 208 227 151 74 344 2 201 300 183 339 358 325 108 66 406 122 410 24 
TEST LEAKS 5 ARG:168 393 6 51 285 11 98 302 212 384 303 18 240 289 347 24 112 186 368 373 226 255 227 160 270 241 101 31 336 86 193 266 130 199 200 202 406 301 30 66 216 366 267 77 405 135 96 3 125 296 67 268 394 53 161 43 158 14 224 315 262 275 35 396 79 320 345 402 307 252 342 357 382 159 89 298 171 154 123 10 305 333 190 90 378 17 191 78 40 62 146 169 414 293 83 41 312 282 280 330 81 155 37 65 415 244 149 157 367 33 409 15 313 55 9 407 242 232 39 380 92 229 372 58 300 318 85 317 337 187 134 238 132 260 61 46 322 147 145 54 254 290 346 133 283 360 344 291 16 74 50 195 184 213 20 341 150 151 25 219 332 281 343 109 271 203 72 22 398 390 142 230 306 246 170 152 107 28 351 359 143 137 365 8 399 335 379 45 253 319 387 340 204 397 395 214 264 223 269 411 209 177 44 80 115 0 27 222 286 118 299 173 288 218 84 139 392 363 126 251 334 105 188 371 99 257 7 178 164 32 94 104 225 243 176 239 122 245 277 175 375 231 64 75 23 274 201 68 308 237 76 279 355 217 220 361 69 165 1 196 385 60 249 247 148 389 221 235 47 167 140 100 370 162 324 210 42 248 5 413 386 174 93 117 331 206 182 29 119 350 57 356 111 185 364 141 12 207 205 4 236 131 348 284 113 144 388 233 326 265 272 325 208 404 95 52 338 73 183 234 273 121 376 258 71 102 278 410 327 215 124 294 166 127 256 287 358 228 339 136 128 163 263 328 197 120 21 34 56 59 82 36 138 172 377 103 194 381 88 310 192 408 13 362 189 179 38 297 19 2 180 292 129 198 116 181 276 97 401 314 412 91 259 304 369 353 374 311 403 309 49 354 349 114 63 316 329 250 70 106 156 48 400 321 323 352 391 87 26 153 383 295 261 108 211 110 
TEST LEAKS 5 ARG:28 392 207 218 116 77 45 213 88 100 64 260 146 349 152 91 131 304 253 155 49 294 165 26 312 257 198 335 0 306 183 286 142 254 240 245 402 180 106 265 346 195 56 104 377 53 233 40 295 386 141 210 237 352 94 169 175 307 323 229 67 112 132 194 315 405 334 103 284 326 319 217 258 387 19 310 267 357 13 23 47 282 317 247 280 30 343 364 10 262 251 227 309 415 66 413 78 151 120 341 33 11 46 178 110 6 327 61 205 188 212 256 114 16 201 395 322 197 397 298 375 96 403 234 166 25 192 209 273 414 58 272 99 235 107 219 65 27 113 374 350 281 231 378 236 370 376 300 360 383 289 14 249 406 270 17 401 82 277 221 367 121 216 89 244 241 384 278 372 264 223 124 134 261 411 356 102 412 51 52 305 157 137 246 362 44 361 170 232 153 283 162 404 3 296 214 342 279 147 274 42 126 92 143 144 193 109 355 316 54 163 149 38 128 60 388 76 117 385 68 177 288 161 226 79 366 21 181 72 4 173 204 228 55 329 156 133 358 354 338 48 330 101 148 373 224 111 407 62 202 293 125 95 122 416 145 57 168 394 93 190 43 220 59 381 127 255 90 81 290 1 50 238 382 130 119 337 5 345 332 115 250 139 314 368 410 39 389 313 365 390 12 135 396 380 271 302 36 123 18 379 292 160 291 287 158 276 318 301 87 150 371 184 9 393 269 285 215 35 211 86 311 299 344 75 140 203 37 275 208 187 297 24 164 159 408 331 85 252 239 63 71 321 308 303 206 243 29 83 369 391 108 222 118 266 7 196 348 171 70 340 179 22 353 185 73 97 263 105 154 325 324 248 230 174 199 320 2 34 80 41 363 167 336 351 242 400 398 129 182 359 268 69 347 32 333 31 339 200 186 20 136 225 191 74 172 399 259 8 189 84 15 98 409 328 176 138 
TEST LEAKS 5 ARG:69 211 294 214 235 405 186 97 176 274 365 326 139 222 20 183 131 304 272 58 19 390 40 99 59 75 336 68 45 285 44 133 51 246 76 31 201 46 352 84 203 143 252 300 414 332 132 118 376 350 409 296 364 137 52 331 314 299 263 108 126 79 62 70 74 54 381 392 122 8 47 24 373 378 207 115 89 130 125 223 0 245 396 371 85 362 206 358 110 144 249 308 267 72 166 324 64 259 197 293 50 383 154 385 260 250 311 219 348 265 91 187 228 387 37 417 112 379 398 28 114 178 60 369 181 2 404 163 380 67 334 298 402 239 170 273 238 168 410 33 329 148 400 188 309 415 357 155 253 360 226 35 30 382 328 106 264 276 221 301 23 279 96 128 295 107 94 347 102 11 162 95 218 3 180 394 316 158 27 407 317 78 194 63 39 21 230 349 315 195 17 391 346 149 49 142 174 5 121 135 224 172 71 307 255 100 42 303 220 55 289 169 208 280 179 145 190 302 77 291 173 322 395 231 269 152 113 18 236 83 413 244 90 192 53 270 129 38 217 182 146 87 361 256 412 401 177 81 104 343 156 241 234 351 199 368 243 134 167 140 151 196 98 189 15 225 200 164 310 4 13 119 116 43 36 290 65 389 370 287 327 406 330 416 57 227 216 150 319 397 204 399 136 325 251 48 34 375 6 123 105 388 282 124 185 338 147 117 367 313 165 103 198 10 215 278 80 337 205 271 318 120 16 354 297 202 275 171 25 26 339 377 111 411 333 92 366 408 355 268 335 101 323 403 254 281 262 374 210 372 66 1 321 248 386 288 247 29 159 9 340 261 277 345 41 306 359 184 258 384 153 393 363 305 292 7 237 266 12 212 86 312 233 286 232 209 88 157 22 127 242 14 240 32 175 356 320 353 109 341 160 141 284 61 93 191 283 257 82 342 138 56 193 161 229 344 73 213 
TEST LEAKS 5 ARG:73 212 8 333 367 383 217 293 206 119 4 44 156 234 268 283 21 279 242 408 361 51 198 137 164 310 175 48 348 180 305 186 352 183 89 241 169 147 165 389 258 288 172 7 410 372 280 295 210 388 101 240 414 341 394 118 113 125 40 380 159 253 233 207 177 299 261 20 270 237 356 22 244 97 297 320 342 387 312 45 178 30 195 355 323 181 123 286 154 393 373 54 105 49 55 326 346 190 148 301 15 358 37 338 126 411 369 405 96 84 14 324 168 226 142 264 260 357 292 59 415 104 316 79 155 121 80 71 31 132 127 107 245 400 182 406 227 314 25 42 114 106 162 194 158 390 330 192 196 11 18 229 61 262 318 112 254 149 403 161 197 328 214 377 72 151 289 290 77 256 24 139 39 63 386 34 222 115 66 173 249 128 208 378 384 308 150 170 303 236 395 327 100 116 247 68 6 145 203 284 67 274 188 417 407 267 362 143 120 360 32 257 19 325 163 141 35 304 138 56 193 160 83 129 103 225 108 109 306 65 345 166 321 74 315 371 117 152 174 38 27 396 91 69 335 277 202 136 209 157 50 36 337 374 95 402 238 62 259 47 146 343 296 110 43 366 41 78 220 322 58 375 349 313 2 26 319 153 252 347 401 235 272 269 271 344 98 300 250 81 16 57 223 46 275 385 64 239 185 398 228 23 76 205 334 215 28 140 171 179 232 263 302 88 255 329 52 412 266 376 133 5 243 397 187 99 409 382 317 311 413 291 285 251 3 75 265 53 363 219 339 364 350 199 221 246 278 307 336 287 1 85 17 144 200 213 282 102 122 359 309 399 230 167 124 273 70 331 224 134 92 416 404 392 87 131 231 298 135 201 211 33 216 111 281 294 354 191 370 12 29 189 176 276 10 60 13 332 391 353 365 93 94 130 248 86 9 218 184 340 379 418 368 0 351 204 90 82 381 
TEST LEAKS 5 ARG:186 189 232 269 145 36 94 70 20 183 11 158 369 180 270 216 327 364 259 356 14 322 221 13 90 275 350 188 329 280 92 244 105 325 86 297 220 215 381 391 397 207 250 245 336 118 200 96 121 204 51 410 109 351 345 72 48 267 52 112 140 122 135 44 328 318 126 100 212 99 353 117 298 155 75 342 63 268 107 234 334 385 71 68 157 401 195 162 91 314 255 181 308 143 417 47 194 65 239 206 83 252 33 93 38 416 42 320 25 133 224 4 12 300 156 1 202 101 316 219 98 321 352 119 411 367 106 205 16 197 279 311 282 88 148 6 389 201 129 412 407 404 359 187 141 95 246 380 271 241 182 214 225 323 203 339 53 159 388 395 346 153 15 326 196 163 199 306 387 174 39 368 394 49 365 62 8 85 242 147 56 46 285 128 113 67 286 335 211 142 9 55 149 168 396 2 301 383 169 295 344 384 176 222 27 110 226 124 171 66 358 228 175 57 288 31 223 240 263 152 303 254 125 377 160 257 191 151 277 330 123 7 73 177 402 265 150 324 198 264 333 409 102 235 276 43 284 292 361 305 165 173 210 247 144 251 376 349 82 227 115 248 80 253 61 3 405 256 406 304 415 274 403 32 386 419 50 289 134 84 287 59 69 290 58 378 116 379 262 18 243 40 164 76 35 138 418 111 238 218 343 19 167 97 278 108 24 17 360 400 213 347 34 370 154 166 341 399 293 192 332 373 137 30 408 283 372 281 120 363 260 261 315 231 178 302 190 307 78 392 28 413 309 139 338 170 81 77 382 331 21 209 45 312 114 371 23 374 132 60 208 310 131 313 291 10 89 74 317 236 185 258 348 414 130 398 375 340 37 64 249 272 230 337 29 184 41 0 146 22 127 5 54 136 362 26 393 366 355 294 266 273 233 229 217 87 104 354 319 79 390 161 103 357 172 179 237 296 193 299 
TEST LEAKS 5 ARG:257 151 244 202 7 103 41 266 353 201 229 58 404 68 194 239 374 140 264 279 101 265 277 403 42 381 250 148 226 153 315 113 368 189 235 197 11 152 341 256 5 359 161 40 216 307 55 294 109 114 69 37 269 128 184 82 223 83 167 230 241 207 3 273 296 165 120 177 284 84 260 396 251 85 116 176 70 4 267 97 46 379 388 181 219 405 35 288 272 51 301 245 299 192 143 81 117 72 158 275 87 110 246 270 105 134 26 9 340 157 347 144 348 2 291 108 54 106 155 107 59 193 56 123 236 203 57 333 410 104 283 262 191 49 227 133 365 335 213 75 313 178 183 409 306 287 402 259 8 376 53 204 27 373 98 33 91 375 358 357 130 173 220 52 45 0 304 60 378 308 400 180 413 286 258 190 132 411 94 142 328 361 392 67 111 129 253 326 224 163 394 22 295 281 407 238 168 145 349 187 90 342 122 242 135 360 172 71 29 150 249 290 21 330 334 86 336 214 66 89 100 237 80 159 397 285 232 76 243 171 147 25 127 146 354 293 252 240 43 208 65 160 92 320 305 198 228 15 325 14 10 412 289 131 185 174 88 61 95 206 345 297 384 139 231 393 124 77 372 211 321 419 205 64 332 47 401 200 50 16 356 195 329 327 48 310 78 355 44 112 322 386 389 93 298 221 346 182 343 312 102 350 34 137 309 62 30 399 377 39 121 416 274 248 17 225 1 18 280 314 337 63 119 13 156 344 366 125 234 319 395 311 99 96 28 166 414 215 263 303 210 282 186 212 390 391 162 276 36 369 418 218 382 169 331 380 175 79 12 371 217 370 406 23 367 300 154 383 32 364 196 317 6 24 385 323 20 362 420 268 417 318 149 271 74 19 278 199 73 170 164 363 415 141 261 222 302 316 254 339 255 188 352 408 209 38 138 292 338 387 136 324 351 115 233 398 247 31 118 179 126 
TEST LEAKS 5 ARG:344 101 329 132 237 150 395 346 39 139 261 76 42 165 332 325 318 177 64 65 191 159 11 16 302 53 90 186 386 244 291 298 383 111 334 354 343 362 20 385 402 25 180 289 341 113 330 92 418 94 333 357 414 73 107 328 306 67 256 167 276 410 342 211 158 35 87 373 44 116 68 5 225 316 54 368 352 226 367 217 374 75 259 196 187 349 212 100 23 24 128 277 365 336 406 163 324 171 189 179 130 234 126 405 21 60 48 144 389 392 84 175 384 95 58 210 56 232 252 397 416 250 136 399 310 300 285 41 197 149 108 127 15 38 50 322 407 174 152 231 224 284 230 370 131 408 305 59 321 103 398 268 96 188 19 0 403 28 129 8 88 248 51 263 99 181 93 6 411 353 400 240 63 80 313 166 69 303 348 340 314 255 120 327 78 214 292 145 216 109 170 153 288 57 308 117 194 183 49 14 142 112 287 121 254 169 375 193 151 2 394 223 74 55 283 118 280 146 245 185 134 351 294 262 350 219 355 30 274 417 396 249 141 228 363 77 40 419 380 379 420 72 98 104 62 201 301 311 178 269 91 299 371 271 161 415 160 110 135 296 79 376 105 148 391 235 312 220 243 206 361 218 260 317 279 286 207 27 29 173 359 304 358 307 242 290 204 381 203 12 253 184 140 297 238 377 404 202 47 176 106 293 360 138 1 154 46 66 9 70 200 272 13 215 61 190 156 281 356 258 33 205 295 182 43 378 247 34 412 36 89 251 309 97 267 241 168 31 233 208 124 372 119 123 32 81 45 17 83 393 195 122 222 102 382 115 339 390 137 388 421 155 147 387 278 345 209 37 26 157 192 18 7 273 401 320 227 172 364 82 275 221 10 331 198 86 52 22 125 199 319 315 257 133 162 213 85 264 337 239 229 369 413 114 265 270 164 326 282 3 347 246 338 236 143 266 335 71 323 409 4 366 
TEST LEAKS 5 ARG:168 40 401 28 201 153 132 71 406 305 204 228 366 156 413 300 327 233 283 377 381 254 52 184 180 238 143 416 116 60 130 163 258 19 108 223 380 304 311 2 355 57 64 324 307 141 6 217 256 342 70 384 259 396 169 378 131 313 383 338 388 42 318 150 55 352 195 67 123 316 303 265 343 189 235 306 282 15 9 405 83 264 158 36 37 361 194 170 369 325 411 85 216 54 137 139 107 190 173 294 66 138 415 120 145 86 421 114 46 215 197 379 161 199 78 202 75 134 288 14 301 127 385 266 267 395 394 172 94 257 34 4 198 299 27 270 268 191 250 129 248 418 226 136 211 44 121 365 386 106 244 409 21 110 322 208 329 372 345 219 61 105 72 81 218 3 59 241 185 273 348 276 261 179 155 280 213 214 367 20 336 53 209 230 387 95 323 88 29 174 419 160 196 176 96 339 390 315 182 314 278 13 62 103 422 353 370 148 224 275 162 333 17 269 376 183 286 111 403 309 253 99 252 347 285 337 400 166 33 321 296 298 245 407 368 140 8 188 97 330 374 326 206 389 399 364 10 133 157 149 84 112 50 51 109 5 312 242 291 76 263 373 371 118 210 205 328 397 408 404 92 414 341 334 360 18 31 152 320 220 151 126 186 349 363 239 232 284 115 236 30 43 24 237 277 100 391 38 350 272 65 319 154 23 412 22 35 274 354 375 164 49 393 56 246 122 251 417 308 80 392 175 113 332 177 335 144 77 231 227 260 295 68 135 69 203 119 171 410 73 398 262 63 11 90 234 357 281 82 193 317 128 159 346 25 340 58 351 302 225 39 249 74 221 247 41 1 222 117 331 187 293 289 359 147 356 167 26 79 165 178 243 91 382 229 12 402 362 0 279 358 290 47 255 207 87 124 48 98 271 146 45 181 200 297 102 16 240 89 104 93 7 125 344 142 32 420 310 287 212 192 101 292 
TEST LEAKS 5 ARG:137 296 205 52 213 332 79 276 226 411 269 63 285 315 258 376 59 42 164 81 136 378 294 222 187 382 212 160 292 190 5 423 247 218 340 84 277 17 174 338 73 74 35 200 80 364 252 188 399 250 152 266 308 390 204 299 298 326 416 0 46 257 237 146 300 253 228 28 139 107 238 244 396 408 231 168 91 374 370 303 32 100 414 154 383 379 135 70 178 302 216 337 103 325 172 41 394 349 229 196 130 102 208 14 317 33 62 214 405 335 373 387 384 359 161 334 211 333 16 352 58 279 117 259 369 89 68 406 155 412 203 336 131 170 90 270 339 217 265 291 6 36 251 54 60 220 2 85 95 348 223 380 29 328 353 232 421 86 290 39 109 255 305 26 177 320 13 106 125 206 351 347 233 343 316 133 420 145 76 122 356 43 195 71 346 4 156 242 45 78 327 261 309 388 20 422 7 149 92 400 113 402 194 215 192 397 415 116 1 262 301 361 241 272 47 147 24 202 93 64 175 235 239 180 391 126 129 271 322 57 219 287 342 181 230 128 310 162 37 193 330 409 158 167 142 286 141 127 293 389 198 115 345 227 3 256 368 96 98 75 148 246 105 185 395 18 393 94 306 341 268 297 358 22 77 19 350 157 87 313 101 159 282 362 404 150 365 48 50 25 275 357 51 9 31 67 88 21 72 69 183 119 66 398 104 224 97 27 82 225 319 191 30 176 171 417 295 83 240 108 120 324 407 44 312 166 10 144 360 318 274 280 15 288 134 289 189 284 304 65 354 249 418 344 248 210 263 283 23 153 112 99 184 124 372 56 163 329 138 34 281 267 321 199 385 197 367 363 307 169 121 182 53 377 40 366 110 201 260 375 273 179 61 140 371 311 173 278 38 314 12 209 11 386 245 111 118 410 221 403 323 236 132 331 401 55 143 254 419 49 413 114 207 123 264 8 186 392 355 165 243 151 381 234 
TEST LEAKS 5 ARG:320 164 268 292 355 229 275 165 75 130 82 51 109 309 295 19 302 253 366 409 267 312 176 65 377 193 395 199 7 127 172 223 303 230 155 239 257 343 2 0 73 276 34 1 330 349 258 277 263 125 273 364 328 322 186 175 48 112 90 100 87 86 147 337 57 182 252 300 287 278 274 283 305 289 115 80 137 185 254 5 272 368 33 8 201 139 142 169 372 113 260 202 47 18 336 6 101 219 64 76 45 17 338 166 369 56 85 269 250 307 391 67 353 296 206 216 195 22 207 49 311 44 23 124 89 170 256 231 158 53 161 39 381 240 27 196 4 224 192 242 160 119 387 126 16 360 367 31 173 415 284 334 325 97 290 35 371 74 110 331 114 397 200 354 293 143 159 10 214 151 36 162 84 386 420 407 111 144 271 204 99 181 357 266 140 153 14 81 383 37 30 52 96 323 187 205 209 190 361 222 220 178 259 408 332 141 279 191 174 316 145 88 318 297 398 58 41 217 282 310 121 352 157 188 26 38 197 363 414 77 365 405 299 122 92 329 344 288 54 314 148 232 183 247 78 382 392 12 154 180 116 379 238 70 228 95 117 69 326 335 262 15 225 411 308 226 244 412 21 98 286 66 280 107 60 341 43 235 422 374 129 227 304 63 118 416 152 171 61 128 346 184 265 167 221 249 211 255 210 105 402 194 134 68 417 163 243 93 3 234 362 179 319 150 298 25 123 333 251 294 264 233 373 11 248 50 413 306 406 138 83 351 59 79 270 9 393 156 396 291 241 135 102 419 108 358 236 410 348 301 388 313 315 91 131 246 359 71 46 345 24 215 327 421 404 347 424 168 389 356 177 403 136 198 42 13 203 375 261 380 72 237 317 32 384 324 28 370 94 400 376 120 29 423 340 385 20 339 146 213 149 350 390 133 321 245 55 62 132 399 378 40 208 106 104 394 418 212 285 281 189 103 342 401 218 
TEST LEAKS 5 ARG:211 29 328 244 190 224 301 423 346 327 394 169 221 307 77 344 56 271 329 129 50 141 275 386 95 21 173 370 347 156 117 279 110 98 33 322 54 310 26 79 138 331 355 383 148 371 188 145 280 388 297 9 105 248 358 253 149 363 24 323 353 336 333 325 19 227 84 278 157 58 229 134 421 308 241 335 87 260 153 113 360 254 375 243 205 28 126 121 193 196 321 97 31 17 401 7 398 366 402 85 219 40 284 302 51 406 268 167 414 350 171 132 361 238 399 299 318 194 116 187 88 337 274 103 41 413 13 345 285 267 83 332 164 90 315 312 352 104 73 411 5 392 146 357 365 223 106 231 185 49 75 226 338 291 381 209 264 261 293 2 25 108 330 374 96 225 208 45 343 42 70 112 14 192 419 218 340 46 118 124 179 71 170 246 1 314 311 265 0 178 111 390 43 250 354 135 290 387 417 257 270 150 198 20 266 69 23 80 6 348 368 8 147 182 53 128 181 197 201 289 177 102 64 186 400 152 86 140 62 59 295 35 15 306 288 81 341 122 424 136 210 396 159 109 240 233 412 258 296 174 155 144 163 65 237 55 256 304 215 165 176 213 349 397 162 376 220 391 415 166 18 230 60 91 222 262 48 206 120 342 272 214 287 99 408 127 151 309 195 168 52 283 78 422 252 334 294 115 68 369 281 133 11 183 339 234 232 382 378 10 384 38 409 326 36 3 263 380 373 4 292 191 34 247 313 425 61 277 47 204 130 389 107 199 239 286 319 74 407 316 180 300 416 82 76 236 161 200 172 379 37 324 385 137 119 420 66 203 67 216 303 30 362 245 282 377 405 393 101 410 395 207 320 351 184 364 317 269 228 356 22 359 372 251 212 89 403 57 123 298 202 39 367 143 242 217 305 114 16 131 27 404 255 92 276 12 139 142 418 158 72 249 259 125 63 154 94 93 273 32 160 235 100 44 175 189 
TEST LEAKS 5 ARG:156 315 323 284 149 91 68 411 238 239 113 205 318 107 135 347 74 418 296 174 165 309 125 83 313 181 287 136 337 4 92 140 338 231 187 351 13 311 248 76 170 280 340 206 48 80 122 252 96 229 8 159 31 21 406 183 222 19 412 410 63 389 261 344 289 154 370 119 208 246 330 151 62 227 417 295 251 194 368 373 64 184 163 28 147 39 286 364 199 190 143 144 258 334 327 34 254 138 207 282 408 164 32 288 1 155 161 112 333 179 105 142 191 128 9 189 25 393 285 40 177 203 99 104 241 353 123 297 394 111 371 121 255 425 336 50 173 108 43 390 259 14 120 350 265 204 326 46 109 98 304 317 27 71 15 270 116 424 362 400 339 263 0 41 127 355 10 94 363 118 5 200 298 214 324 17 264 236 82 38 158 225 132 219 195 86 16 245 253 372 271 185 262 210 267 223 197 124 59 356 110 137 312 283 378 36 49 268 376 354 213 277 359 79 166 380 44 348 385 388 269 403 7 272 361 405 349 365 130 392 384 88 415 343 152 342 78 145 42 387 247 291 81 175 77 303 426 216 409 56 228 168 414 391 146 57 420 374 293 224 180 53 226 126 85 235 2 202 176 294 341 281 319 95 360 352 358 69 276 3 115 399 381 160 162 305 260 274 257 172 101 157 150 45 60 402 54 117 67 24 421 382 375 84 345 314 97 328 193 377 379 106 416 153 275 320 211 413 178 171 250 102 55 278 292 369 423 89 366 401 266 139 218 316 331 221 131 30 75 66 279 321 133 407 243 196 273 201 33 419 249 73 422 188 220 72 47 51 395 114 325 35 20 242 329 18 182 256 169 404 398 240 29 307 70 93 383 61 310 332 290 386 186 209 141 103 237 357 52 23 232 300 396 308 198 397 134 26 90 11 234 244 230 322 37 306 22 299 129 215 58 65 367 233 87 335 167 100 192 301 217 212 6 12 346 148 302 
TEST LEAKS 5 ARG:275 392 176 202 103 378 191 41 199 283 338 67 405 228 211 68 416 158 165 260 143 164 32 56 47 265 123 348 159 111 316 13 64 281 403 35 213 345 384 256 109 317 198 78 377 254 277 261 75 179 369 80 268 222 170 321 175 419 314 110 420 54 200 346 173 11 390 413 145 189 162 363 311 322 113 299 124 286 172 386 23 187 34 313 264 417 148 303 237 304 249 119 180 207 166 84 312 352 112 49 408 5 329 294 83 106 76 250 71 167 327 100 372 290 168 300 296 190 342 389 427 219 282 242 414 362 243 404 16 421 46 221 401 336 400 217 375 241 235 85 183 30 139 144 177 2 330 425 208 72 248 138 293 399 26 381 125 105 122 203 133 407 306 193 214 387 423 24 169 395 89 238 25 349 91 415 328 88 163 295 385 360 310 12 149 147 302 280 370 358 272 379 126 218 9 308 19 315 341 334 38 210 225 226 59 263 373 197 216 185 201 267 285 409 364 7 127 188 146 287 273 3 351 359 350 319 45 81 94 376 90 258 36 418 245 1 70 331 93 150 361 367 98 215 356 251 247 171 347 397 61 135 40 140 160 77 236 79 398 274 141 333 205 194 22 33 422 37 391 371 209 15 184 116 0 365 97 411 323 266 388 325 278 339 51 269 17 121 368 240 192 161 232 374 87 102 129 28 136 69 396 223 335 320 182 355 357 131 259 95 380 74 128 393 253 29 186 305 244 181 152 104 6 337 43 39 402 288 354 82 53 271 60 50 426 44 233 57 382 178 63 157 20 92 279 196 52 324 224 284 257 246 344 212 307 406 132 326 118 410 394 195 114 230 4 318 10 239 297 292 227 130 156 55 255 270 65 8 48 142 73 86 340 155 343 108 134 231 291 309 27 154 383 353 332 99 107 151 262 252 18 301 298 204 366 174 120 229 276 117 58 96 412 62 206 234 220 42 137 31 289 14 115 153 424 21 66 101 
TEST LEAKS 5 ARG:97 203 384 295 402 102 88 235 328 76 221 242 409 356 0 218 338 233 122 194 360 414 227 185 262 191 177 159 380 24 10 215 152 299 375 184 280 316 213 406 136 251 278 381 366 81 183 417 200 172 370 383 126 310 171 143 144 296 365 71 351 223 423 139 217 107 108 189 376 291 330 84 105 397 74 59 165 343 51 40 390 323 155 52 115 378 219 415 358 226 216 317 89 326 388 265 56 101 359 54 268 13 382 387 45 211 419 132 154 230 26 373 392 255 170 123 113 266 14 357 333 32 62 309 118 324 111 174 214 156 96 412 49 158 393 202 386 285 377 243 231 114 168 335 371 46 27 120 15 190 369 327 367 428 73 86 424 236 208 237 302 35 401 157 16 153 70 413 307 195 198 312 18 3 167 181 103 204 279 253 354 38 364 41 270 297 61 425 78 288 121 20 169 130 363 173 60 178 267 239 341 57 250 257 131 286 64 300 138 193 258 37 352 249 426 275 176 192 110 277 276 47 212 339 117 69 201 179 305 394 188 222 347 244 4 229 104 304 342 287 260 308 416 224 68 91 303 325 44 331 197 163 349 116 31 396 340 246 248 206 372 256 313 272 400 329 19 85 135 127 166 75 145 1 9 133 391 92 5 186 407 398 95 180 7 151 234 77 199 408 337 12 362 48 8 379 264 66 389 72 93 128 36 240 2 142 220 187 263 399 150 274 124 254 319 83 39 247 284 355 421 245 346 58 25 368 205 140 162 87 232 298 273 207 314 282 404 164 344 283 82 112 160 422 374 149 34 50 420 65 259 6 28 332 410 106 21 94 210 293 411 225 292 418 119 196 80 289 281 395 405 141 385 290 125 269 353 361 134 98 294 29 318 271 146 53 315 161 137 311 23 252 147 99 345 22 321 67 238 63 403 348 55 182 334 427 90 33 42 301 148 79 30 322 209 228 241 129 320 350 11 336 17 261 43 306 175 109 100 
TEST LEAKS 5 ARG:66 150 336 53 299 254 271 375 87 313 247 13 220 346 33 405 202 135 228 408 234 51 229 89 219 332 258 393 157 262 20 94 145 200 387 239 305 379 422 207 294 48 159 189 214 175 206 267 291 413 222 369 390 415 209 134 8 19 47 392 343 359 357 27 377 312 414 93 140 266 226 406 416 329 227 138 158 7 85 314 420 352 147 211 172 120 325 380 421 385 160 62 125 56 223 128 308 205 0 183 72 6 363 231 322 102 185 105 289 109 152 273 163 118 376 391 5 236 215 44 92 12 17 371 171 40 419 402 191 321 324 99 122 221 69 95 287 348 361 367 197 146 327 250 55 425 270 57 341 286 326 373 257 275 43 119 203 349 38 323 186 269 316 107 309 39 347 46 428 115 82 63 190 195 424 282 149 21 180 103 88 260 233 112 356 123 30 100 395 404 2 301 117 328 368 360 41 298 378 37 141 58 366 144 67 199 216 303 18 310 334 81 292 409 284 64 280 265 129 243 60 208 317 398 232 148 91 253 382 42 96 394 78 217 126 264 176 177 245 345 418 283 338 71 153 196 4 306 136 384 344 108 281 427 75 68 31 32 353 188 124 389 396 244 116 364 184 154 358 307 252 290 45 25 164 251 423 1 101 178 52 187 339 161 388 179 54 401 34 210 142 263 218 285 59 61 50 143 242 417 335 167 383 97 370 155 397 65 76 84 297 170 411 365 131 83 320 261 132 293 246 350 77 130 49 165 26 249 212 162 137 198 22 315 318 354 337 403 426 429 381 259 133 14 331 225 79 362 213 90 151 24 311 23 374 410 333 16 400 304 74 29 70 230 156 224 9 166 300 104 268 35 386 256 113 274 288 241 319 235 173 174 73 15 296 192 106 342 355 412 407 127 399 114 255 182 36 240 351 238 139 11 277 169 237 201 204 80 340 111 279 278 3 302 248 276 295 193 272 98 28 121 86 181 110 168 372 10 330 194 
TEST LEAKS 5 ARG:45 257 224 417 203 174 124 61 0 109 73 86 48 294 275 227 329 132 306 377 272 60 172 225 65 389 230 10 411 122 44 168 347 205 416 71 41 84 391 220 338 17 64 155 324 375 222 53 181 180 423 186 24 356 265 364 233 301 421 199 374 72 77 196 401 176 351 229 162 144 163 35 50 39 376 96 239 276 58 326 67 404 202 149 333 150 23 43 128 175 208 21 112 226 261 250 350 330 118 335 105 191 310 143 321 213 430 427 95 309 349 54 170 137 117 30 367 2 69 344 232 308 217 13 12 62 110 184 193 183 159 415 399 277 68 201 52 402 406 359 245 5 47 242 18 339 111 171 355 297 318 363 319 87 138 90 407 380 260 305 281 397 408 63 234 385 332 268 212 198 192 293 89 298 286 29 354 320 378 302 228 92 153 223 345 418 379 410 348 1 412 428 97 25 362 16 295 120 315 125 216 197 206 317 252 382 79 209 28 158 11 85 83 31 177 241 139 148 270 304 214 107 398 258 130 405 263 36 76 238 322 179 49 243 235 126 59 113 259 390 204 116 190 57 328 249 80 266 352 420 215 409 151 346 387 134 103 147 279 413 314 106 337 251 366 141 161 152 185 422 154 88 218 55 34 237 51 370 394 129 424 289 313 22 353 312 414 426 94 81 425 288 336 123 104 384 303 373 307 291 200 262 93 100 20 280 273 140 219 207 189 19 255 166 211 98 121 383 75 267 372 292 369 396 221 323 182 342 7 327 37 388 419 145 284 299 9 194 156 340 285 38 188 114 400 3 4 283 146 371 15 358 127 403 165 287 66 108 78 253 82 33 46 264 131 386 26 271 231 195 32 42 178 316 187 101 164 331 240 368 256 361 254 40 282 27 392 173 341 74 157 311 56 167 115 325 381 99 244 102 290 70 142 6 247 133 300 296 395 274 236 160 357 269 246 210 169 393 278 429 14 119 91 365 8 248 334 343 135 136 360 
TEST LEAKS 5 ARG:137 192 401 135 118 104 22 430 290 278 106 413 241 4 350 65 117 150 431 325 349 10 93 315 243 88 275 317 356 367 280 258 11 281 72 385 62 388 29 208 190 181 262 170 13 21 306 427 362 298 287 179 236 128 279 68 334 229 219 38 245 143 149 119 35 159 144 423 96 199 228 200 67 307 303 132 389 165 364 207 188 324 296 204 79 355 60 75 164 260 116 378 381 157 292 305 91 174 139 129 16 397 212 370 28 111 51 421 416 187 234 24 247 214 283 198 340 319 77 295 408 304 202 86 267 166 238 95 131 224 84 63 386 272 415 103 167 383 107 54 414 172 56 420 101 273 330 318 342 152 419 189 74 160 180 309 310 255 221 30 354 384 48 183 392 39 320 379 373 425 161 205 268 418 191 217 8 142 223 216 253 210 335 105 246 27 375 141 263 15 218 92 299 108 64 289 233 220 256 286 73 76 261 250 240 33 417 136 163 70 390 156 162 1 252 100 53 311 3 398 426 365 363 109 339 351 2 302 357 155 411 336 45 372 377 429 393 18 337 288 235 395 346 147 277 34 78 99 184 176 168 213 81 323 138 301 94 333 215 52 225 41 259 102 314 344 87 352 402 197 249 195 66 31 55 274 371 404 5 226 406 230 422 186 412 270 124 361 347 405 316 285 173 348 20 196 284 47 343 90 133 206 140 123 61 399 169 374 293 368 32 50 148 42 127 338 269 410 110 44 232 36 396 85 400 153 321 271 360 69 14 177 282 59 391 122 125 242 151 322 49 327 382 193 154 353 227 194 182 98 359 23 254 201 332 146 126 345 0 203 134 294 276 297 175 331 26 178 120 376 248 19 424 300 17 312 326 328 57 83 7 185 130 46 329 387 80 251 158 89 40 43 171 25 209 112 115 308 409 114 231 380 58 37 265 222 145 113 394 71 82 358 341 266 211 264 369 97 239 121 257 237 9 407 291 6 244 428 366 313 403 12 
TEST LEAKS 5 ARG:276 414 192 35 18 155 151 322 254 386 210 271 110 128 399 112 421 251 385 177 306 70 190 279 97 287 331 184 257 356 255 400 141 36 101 105 308 311 301 302 377 393 419 199 295 320 267 14 346 41 259 67 179 60 396 31 389 228 116 314 188 50 198 373 217 180 218 369 392 29 294 347 380 119 55 160 429 240 264 48 45 191 269 312 6 138 375 270 181 202 260 135 363 291 173 305 233 376 15 201 248 80 256 370 365 152 58 281 354 91 86 292 342 178 303 47 315 163 204 337 272 403 341 103 247 56 176 297 19 367 162 66 219 172 10 258 27 358 236 345 242 239 357 328 111 153 235 245 146 81 214 158 77 168 430 64 278 134 412 360 381 423 175 82 193 79 382 22 263 220 8 395 11 157 28 416 222 59 71 324 129 241 133 154 284 348 273 75 174 401 90 125 144 252 171 282 39 94 418 207 244 383 280 234 7 223 76 108 150 277 407 92 186 274 366 62 4 196 316 205 120 68 340 290 121 123 432 313 317 406 293 319 85 384 88 391 410 182 46 130 95 83 208 93 63 427 131 200 431 265 187 12 104 408 167 20 132 309 9 124 213 405 126 5 117 115 57 304 261 288 231 351 339 212 307 33 394 404 253 329 3 102 224 139 227 25 136 352 411 371 100 165 318 422 428 156 330 26 216 137 243 246 221 161 268 344 334 425 387 336 96 52 107 335 109 34 30 197 413 37 378 106 149 159 321 114 409 78 225 53 237 98 148 65 140 374 298 424 229 72 23 84 209 379 211 206 296 215 42 226 17 145 169 1 147 359 32 0 249 353 203 164 415 372 326 420 310 87 238 51 343 127 325 69 286 89 349 300 185 99 44 362 118 333 299 338 113 232 250 40 230 43 350 2 189 16 54 283 38 21 417 142 13 289 170 143 166 275 285 323 332 122 49 397 195 61 262 390 388 361 24 327 426 368 74 355 402 364 398 194 73 183 266 
TEST LEAKS 5 ARG:402 315 94 323 133 284 158 212 275 291 240 310 136 49 421 365 89 242 126 262 269 244 372 205 54 32 429 19 304 98 57 105 22 343 279 29 33 23 112 201 245 272 104 221 60 320 15 226 376 157 39 202 386 293 63 276 395 102 30 191 176 108 61 319 283 70 103 258 142 427 392 139 217 380 423 347 419 66 433 135 382 302 159 234 225 41 34 171 172 309 40 69 170 255 345 277 188 389 196 160 11 88 83 92 111 307 371 76 237 290 166 149 218 121 110 179 247 209 222 410 197 399 348 375 210 351 206 145 308 294 74 91 147 287 387 263 408 409 363 230 286 321 246 383 5 169 183 428 182 236 175 187 411 216 431 360 72 396 21 86 141 253 154 127 254 190 20 9 52 107 18 184 193 422 274 156 100 17 252 322 47 249 168 285 369 368 152 117 13 270 357 192 65 257 220 181 278 318 130 2 87 194 163 165 432 339 16 418 341 359 129 85 42 167 213 8 355 413 148 185 426 143 123 264 71 313 59 231 299 298 336 229 219 58 134 356 46 393 50 27 12 305 337 25 300 208 331 416 238 394 44 64 334 227 295 281 96 333 350 95 101 379 378 78 115 28 316 35 261 404 10 106 125 248 73 374 424 235 388 325 214 415 138 407 211 250 36 317 329 328 124 266 335 180 144 401 37 174 204 80 326 128 390 140 0 178 349 38 233 45 400 6 251 420 51 195 352 267 271 292 207 354 68 62 280 7 43 398 4 81 228 224 82 161 306 282 314 173 303 93 1 75 288 84 373 120 268 239 200 114 53 340 324 119 397 132 151 327 265 26 186 344 366 31 332 113 48 24 177 3 403 391 256 330 301 118 342 406 289 367 122 364 414 312 241 260 67 412 150 259 296 56 155 77 358 189 385 425 417 353 223 153 297 198 90 164 232 97 99 384 362 162 377 243 361 273 199 338 370 116 109 430 146 131 79 14 55 405 381 346 215 203 137 311 
TEST LEAKS 5 ARG:159 45 87 3 182 61 393 74 40 370 368 141 412 105 39 278 94 342 304 148 282 86 112 21 316 37 373 44 259 285 323 79 277 147 249 272 164 111 214 411 367 70 392 100 260 318 303 267 90 269 78 248 348 167 131 340 33 236 306 349 424 369 386 223 297 279 262 320 158 372 378 309 189 265 314 409 60 381 374 55 251 84 14 124 183 65 203 121 181 51 152 350 157 194 17 156 135 289 421 331 43 136 24 85 276 31 15 352 23 294 235 310 50 125 107 286 171 93 101 46 245 332 234 252 431 334 280 133 18 66 108 244 19 126 176 376 240 151 174 145 160 53 371 197 161 407 402 363 264 12 130 155 273 219 405 433 36 127 383 175 192 390 118 170 422 56 222 312 38 27 247 213 191 0 380 335 163 73 428 132 58 420 322 397 63 102 32 347 71 290 403 29 365 416 394 399 313 351 388 177 110 307 417 41 180 187 6 114 404 215 275 239 96 317 4 266 49 423 395 142 20 230 106 16 13 218 292 201 401 210 82 396 165 281 258 92 25 254 149 59 202 283 384 227 232 425 154 375 410 333 237 357 426 144 95 358 166 209 366 299 11 47 195 430 122 298 193 302 35 7 301 321 415 80 190 211 220 287 120 255 414 138 77 400 173 178 129 324 212 228 346 325 362 57 62 270 268 408 226 54 113 377 206 153 229 88 336 115 1 179 418 261 143 337 242 109 64 356 186 150 406 271 338 319 256 30 196 225 2 83 184 419 116 398 67 308 355 172 48 221 188 315 91 305 97 432 28 128 354 413 204 231 330 238 76 146 162 224 104 69 339 26 353 364 429 10 72 329 233 68 207 139 341 253 379 284 243 205 293 140 427 345 296 274 361 434 344 387 208 123 185 291 198 42 9 263 103 99 134 5 117 52 311 382 199 169 295 246 81 89 385 359 360 257 8 300 216 389 98 241 168 327 391 200 288 217 326 75 328 119 343 250 34 22 137 
TEST LEAKS 5 ARG:159 223 306 80 262 130 15 359 377 279 244 387 384 74 272 371 217 21 379 184 171 147 424 151 234 157 39 108 183 191 32 277 185 357 55 168 169 115 273 204 170 154 329 257 95 201 284 225 283 196 2 56 44 296 260 24 212 258 255 341 103 275 349 125 413 388 378 205 304 291 382 425 363 4 18 0 311 11 274 117 137 338 290 314 391 295 182 155 29 107 394 36 176 233 396 381 13 139 337 100 193 229 246 390 241 331 6 219 153 398 209 189 434 72 190 187 361 429 395 342 65 368 23 58 397 409 178 111 265 89 386 126 340 149 177 90 145 167 247 138 128 270 112 319 354 14 243 278 346 51 71 380 252 20 110 25 430 433 215 165 286 426 419 38 96 318 282 156 280 31 423 294 321 198 238 172 135 60 231 136 410 322 362 66 328 369 421 352 309 77 119 253 264 305 124 312 224 7 327 40 345 195 383 98 101 292 408 200 240 301 127 220 431 30 266 218 242 435 52 407 249 406 50 113 356 64 288 162 325 297 194 68 330 17 203 366 43 367 324 34 428 293 88 400 199 276 405 22 116 417 91 161 27 78 122 164 202 364 412 132 53 82 332 360 102 197 287 393 213 404 281 63 232 316 114 8 140 133 129 85 236 326 263 75 353 46 211 256 131 207 335 121 333 79 179 374 323 73 302 83 373 26 334 254 237 93 226 166 174 54 10 143 33 208 355 222 35 180 87 45 427 376 230 422 227 416 221 269 420 42 76 210 250 118 365 375 37 41 92 370 403 385 336 123 59 120 310 228 320 97 239 62 109 28 141 160 307 300 267 401 163 285 344 317 81 415 298 411 142 351 186 348 289 188 245 271 389 94 216 414 235 372 214 12 134 315 1 399 144 261 48 303 9 299 350 358 173 251 402 57 104 106 347 86 67 206 259 152 150 84 3 146 70 105 392 192 181 99 69 49 47 148 308 175 5 432 313 418 61 268 19 158 16 248 339 343 
TEST LEAKS 5 ARG:317 18 126 398 189 187 130 7 113 288 81 43 145 363 131 204 250 158 21 181 431 269 77 393 282 76 55 186 73 433 201 124 364 267 100 427 164 197 163 397 88 285 16 69 74 133 287 426 140 227 380 312 326 196 384 356 192 309 93 289 353 156 20 264 435 5 298 99 413 92 184 67 229 378 68 280 46 369 400 395 52 220 352 379 382 255 216 49 396 345 231 391 151 17 114 103 376 424 161 203 254 82 323 208 70 168 247 296 143 210 10 127 242 54 107 32 348 409 333 284 307 214 139 286 148 375 94 115 89 132 360 432 19 12 213 120 176 324 246 8 106 388 35 370 211 137 40 134 408 401 243 275 311 403 121 223 79 171 256 42 109 343 241 341 31 169 173 271 71 294 50 306 125 122 138 358 150 104 238 416 6 190 219 212 221 154 414 359 383 27 374 357 1 63 195 205 390 202 258 368 166 344 328 152 361 29 185 434 399 428 116 417 226 170 101 300 412 394 342 179 263 253 351 117 105 234 381 385 217 232 175 228 48 404 305 332 301 141 91 165 194 274 198 60 11 335 355 291 436 405 270 276 110 22 75 295 283 367 272 135 57 316 362 387 111 354 157 13 44 419 83 9 180 36 410 86 172 30 268 200 53 207 262 315 308 15 389 206 411 38 339 85 273 160 23 279 346 292 155 386 0 377 402 80 108 257 96 129 322 277 278 98 153 297 97 66 4 319 147 304 188 249 418 429 199 338 407 102 209 281 51 224 421 406 235 87 371 119 177 144 365 95 340 265 415 422 182 34 3 78 330 372 128 261 240 58 218 260 392 299 178 14 225 334 167 310 237 350 59 236 230 244 320 266 33 329 64 430 349 24 25 259 72 162 123 423 337 47 239 62 303 174 37 314 331 146 321 26 293 233 65 193 142 425 290 248 118 112 159 149 61 325 222 420 90 39 347 327 302 45 136 251 366 313 373 56 183 318 2 41 252 191 28 215 84 245 336 
TEST LEAKS 5 ARG:318 125 401 271 425 156 429 117 115 122 146 426 365 154 32 308 316 263 105 269 293 89 314 126 60 118 59 172 1 87 226 276 396 97 16 128 376 380 51 29 148 249 323 137 163 386 216 393 341 202 78 79 358 20 170 257 183 394 346 315 44 41 72 334 14 147 47 414 176 196 11 155 291 86 113 265 418 96 112 104 185 28 389 207 136 352 286 411 294 88 223 190 189 303 17 288 260 141 205 204 392 351 191 63 311 225 107 110 127 120 98 242 405 200 324 54 221 12 387 230 243 372 336 220 0 182 34 408 31 245 194 19 382 187 52 233 3 56 287 106 328 123 130 61 309 108 304 407 162 161 68 431 203 343 395 46 131 244 419 388 149 280 268 150 322 81 142 345 166 335 362 178 165 67 103 404 375 353 224 114 180 229 158 145 363 241 198 424 37 119 274 371 312 76 381 192 339 298 295 337 338 109 36 320 434 49 26 332 25 42 74 21 421 391 348 40 69 91 13 402 99 8 357 208 133 173 356 80 164 423 238 399 432 360 160 228 168 124 301 22 307 270 367 177 184 255 273 143 153 135 64 92 433 231 297 359 53 39 24 35 366 325 292 398 354 379 101 251 377 167 436 30 15 199 157 134 410 48 240 370 33 55 77 144 299 340 266 349 38 211 83 247 283 427 361 364 9 310 329 62 43 186 210 258 437 193 327 413 227 6 10 430 250 261 435 406 82 116 246 218 71 181 111 384 355 139 368 100 378 282 409 66 344 102 2 174 317 140 374 373 385 383 201 217 132 75 403 254 5 290 300 209 302 175 319 284 259 169 27 237 275 4 50 289 326 342 390 369 214 267 252 234 253 65 239 281 232 195 213 152 57 417 278 416 400 188 129 73 206 215 272 296 331 18 45 121 85 262 179 428 313 350 305 285 70 151 236 347 422 90 235 7 256 94 397 95 330 279 171 333 197 420 277 412 222 306 248 58 264 138 84 321 415 159 93 219 212 23 
TEST LEAKS 5 ARG:102 299 44 271 435 335 399 314 296 193 420 68 128 395 235 154 198 76 56 377 166 122 100 424 212 378 392 83 361 39 382 136 286 324 13 203 187 0 394 134 140 405 112 305 418 245 349 431 97 195 40 2 396 7 66 273 285 92 216 385 188 292 407 3 26 434 402 275 104 170 310 232 84 331 209 21 77 244 359 293 71 429 221 289 163 149 200 155 28 240 218 90 117 234 278 282 300 51 295 111 165 167 106 141 85 364 416 147 157 306 255 228 320 375 196 421 75 346 34 162 261 220 119 109 177 178 132 236 371 43 376 59 190 9 267 105 45 82 337 259 366 393 432 280 47 161 301 253 89 153 389 322 279 247 277 372 17 248 202 363 409 41 313 413 49 158 135 217 48 417 437 252 36 176 131 194 288 50 284 159 329 317 99 388 325 54 398 98 316 182 79 241 81 338 151 333 419 113 103 308 14 214 384 422 199 72 315 438 283 189 381 225 328 129 227 368 15 80 137 406 345 148 74 226 262 246 146 373 397 110 19 356 64 433 12 205 425 65 351 61 367 230 430 403 93 168 169 37 269 211 139 436 410 281 414 108 318 408 210 52 115 11 294 386 70 254 31 124 95 55 297 192 357 276 229 25 208 339 370 152 180 400 222 390 355 257 344 201 307 219 145 242 321 237 88 20 323 130 42 107 224 311 62 358 387 412 91 268 334 29 156 266 383 10 270 58 215 5 340 33 69 175 426 46 127 350 348 411 101 369 239 57 251 53 63 67 125 274 30 341 249 264 8 32 265 223 116 184 94 23 380 401 121 263 78 183 185 22 291 191 197 258 391 427 206 60 120 18 304 250 142 73 428 126 303 173 298 326 360 6 133 404 336 204 302 319 353 238 330 374 16 342 379 347 233 123 172 423 118 352 1 4 213 343 87 312 138 174 231 243 24 260 86 207 290 143 309 415 181 272 332 38 144 160 327 96 150 179 171 164 35 362 256 287 27 354 365 186 114 
TEST LEAKS 5 ARG:198 114 183 22 17 354 423 106 152 333 324 265 161 190 370 357 259 153 283 393 164 390 176 433 113 280 102 30 70 401 18 3 110 39 175 336 298 319 146 285 126 184 204 241 420 26 326 77 174 371 395 213 295 56 149 150 302 307 392 314 240 384 95 256 311 100 135 281 224 391 383 191 388 429 411 284 260 421 279 199 89 64 346 274 320 389 432 155 41 65 431 325 24 84 194 195 80 172 309 273 266 88 294 99 378 244 7 426 219 27 171 339 328 439 120 293 62 138 109 414 61 87 358 406 170 321 418 119 141 272 37 93 402 255 229 345 38 412 275 277 234 291 52 125 186 94 334 308 96 205 12 154 182 343 69 76 1 330 131 168 34 79 104 247 409 202 151 424 344 427 248 48 166 267 264 369 6 46 236 258 316 44 396 86 51 287 132 306 49 218 318 15 210 376 410 278 373 32 156 21 66 377 235 148 163 180 73 116 19 348 329 404 108 185 63 387 40 134 232 363 169 160 438 239 192 189 366 10 347 413 434 352 268 290 374 143 92 47 140 310 58 9 217 380 42 54 250 72 365 230 209 225 417 382 121 379 91 193 45 233 356 173 133 127 252 332 243 394 269 360 179 436 335 158 85 355 216 43 415 59 36 337 33 422 139 437 400 407 25 90 60 53 157 386 222 71 115 200 375 98 271 270 428 397 215 112 220 408 231 368 11 137 296 55 419 364 312 261 405 223 304 331 4 145 75 136 282 197 107 23 81 162 226 315 341 214 227 144 338 68 372 187 16 83 97 353 340 301 289 103 297 276 349 167 20 67 245 430 129 317 8 249 212 322 159 342 246 2 435 130 105 5 350 351 117 31 196 14 101 74 0 142 57 257 28 416 288 177 147 82 211 425 398 208 207 78 118 238 29 221 242 50 122 305 327 165 178 385 263 251 237 254 13 253 361 381 286 124 181 303 362 367 399 123 111 128 203 300 359 262 35 292 206 228 313 403 188 201 323 299 
TEST LEAKS 5 ARG:310 222 167 267 371 110 156 380 171 63 419 216 121 6 224 351 279 352 413 242 209 438 396 336 408 163 102 217 1 148 390 219 316 410 270 5 368 338 254 22 18 149 321 176 74 283 98 421 54 180 181 348 159 350 363 31 143 30 7 51 11 220 439 104 342 347 186 332 20 68 76 27 72 266 373 82 422 37 202 244 141 302 164 404 210 426 139 108 358 147 273 133 123 399 200 362 285 170 221 50 154 32 89 429 71 241 256 287 66 15 57 191 73 152 62 357 46 389 107 356 160 313 34 36 240 41 64 208 284 124 294 112 223 376 175 127 406 192 434 437 43 416 122 308 226 272 252 375 14 28 281 231 201 177 354 409 327 87 306 75 320 290 55 101 128 236 440 372 282 218 0 188 262 215 150 113 364 19 344 23 119 42 56 382 305 433 206 301 83 187 288 88 428 145 295 135 173 367 237 269 435 291 229 35 274 213 303 388 178 401 249 100 59 196 155 232 349 289 227 234 137 325 407 117 134 318 129 400 261 94 80 259 197 212 174 250 383 190 395 326 12 398 211 365 230 392 385 52 411 182 96 99 361 427 414 199 4 61 425 169 140 103 136 203 253 366 235 257 194 39 70 345 322 334 258 21 207 299 10 311 405 265 286 343 131 430 238 239 166 204 45 118 138 3 331 95 214 93 125 132 386 412 415 185 248 335 328 243 263 105 391 247 114 184 298 47 260 312 271 158 205 92 370 109 417 255 353 387 162 297 314 25 346 146 130 198 245 120 381 432 157 277 339 384 431 84 79 60 280 225 67 115 330 151 179 8 168 106 278 111 189 394 337 296 307 13 153 418 309 355 315 293 360 420 91 193 317 329 300 275 333 276 165 268 90 228 423 340 38 323 374 436 69 26 324 393 49 251 377 44 142 126 246 402 378 58 85 359 86 33 172 264 9 403 233 161 183 24 81 29 292 53 144 369 397 77 195 48 116 65 17 379 97 341 40 319 78 2 16 424 304 
TEST LEAKS 5 ARG:362 36 352 228 306 223 393 404 1 367 415 127 161 370 44 14 91 402 3 100 39 263 297 143 296 218 421 366 406 89 210 25 409 41 173 30 128 324 207 2 249 0 158 82 19 35 413 357 179 193 99 185 28 214 245 222 117 246 138 358 136 199 236 330 126 427 301 411 178 133 156 419 137 216 247 239 412 252 371 354 425 232 18 20 144 102 262 24 129 150 390 322 120 54 316 271 429 231 166 5 307 244 10 405 108 408 372 293 79 211 434 428 283 164 21 182 192 286 75 277 123 435 6 302 107 181 160 369 336 12 121 140 291 29 92 163 197 248 399 101 341 243 113 130 7 15 431 16 414 418 441 327 69 165 65 251 423 227 47 264 168 87 201 118 329 74 22 215 204 105 382 255 171 394 169 314 400 42 147 332 420 194 60 259 311 407 132 184 196 386 300 58 422 31 328 256 437 190 93 284 289 389 186 80 141 198 45 379 111 220 119 157 187 78 56 88 351 250 361 125 131 73 381 347 55 344 38 200 4 320 84 395 319 11 67 90 380 177 282 154 66 337 70 112 206 8 273 226 304 153 52 96 309 331 436 313 326 323 261 115 378 63 345 175 205 298 174 27 375 203 392 440 403 46 9 50 85 237 346 97 230 238 104 240 188 391 349 333 318 68 359 278 195 294 64 288 353 396 122 275 155 339 317 253 334 384 124 281 279 17 290 338 385 37 295 62 76 305 145 149 348 325 33 106 167 86 254 365 430 234 299 191 266 269 363 424 285 176 48 241 274 398 208 270 342 221 265 308 355 212 439 81 350 225 53 433 83 23 315 170 401 209 34 189 383 267 417 180 72 32 387 26 71 151 61 373 59 172 303 51 374 368 152 272 235 388 217 114 335 57 146 202 109 376 364 258 233 312 162 257 159 77 292 260 410 219 183 321 213 377 142 116 135 416 438 397 276 224 148 287 432 95 229 94 310 98 43 49 360 343 426 134 139 340 40 280 103 356 268 242 13 110 
TEST LEAKS 5 ARG:315 301 128 213 341 172 198 93 171 219 435 423 10 50 364 214 135 207 66 52 46 127 34 21 325 209 148 243 261 105 25 288 4 378 82 224 277 145 102 358 434 33 42 238 334 83 244 88 311 395 27 417 240 296 190 389 320 77 89 169 108 177 372 142 97 36 392 131 225 268 184 290 285 144 352 24 356 62 323 266 385 336 192 71 13 200 371 154 291 57 91 369 359 349 419 248 15 2 85 402 112 324 61 437 175 332 3 183 173 251 180 339 137 418 235 255 65 113 289 230 335 263 162 400 416 366 133 138 338 187 330 360 307 226 140 37 156 284 231 228 195 414 76 153 438 318 253 246 245 28 11 233 281 109 185 143 174 331 427 276 99 305 18 279 298 229 121 1 84 157 306 35 7 218 346 258 43 271 410 49 166 158 260 117 396 293 264 86 125 78 422 30 194 368 0 106 95 201 347 170 412 406 269 68 391 409 64 32 421 270 81 179 348 136 124 212 47 210 14 313 387 236 274 327 308 129 208 58 374 420 381 155 383 375 280 287 165 48 337 321 367 12 168 292 314 44 262 299 115 147 130 272 118 433 354 100 326 286 329 220 234 163 182 221 16 176 22 322 150 114 122 101 353 439 26 386 188 362 344 403 249 431 80 67 206 72 216 51 429 309 193 55 161 397 90 203 304 297 390 31 302 333 19 355 17 123 56 74 273 283 340 160 152 393 442 401 379 96 75 38 310 181 167 141 202 275 189 267 110 312 186 424 303 257 413 365 361 211 87 380 111 328 425 39 191 254 351 23 29 222 300 132 370 237 41 250 317 199 94 363 319 394 73 343 45 407 217 252 388 232 120 205 126 134 404 399 384 92 398 441 196 357 265 373 20 278 178 107 436 382 345 59 259 60 239 411 116 146 149 294 79 53 104 316 9 415 119 426 430 70 223 432 247 256 151 164 69 295 405 204 376 408 6 159 440 242 103 282 63 342 428 139 241 8 227 40 5 350 215 98 197 54 377 
TEST LEAKS 5 ARG:388 325 28 341 43 355 170 76 238 178 25 185 264 191 242 293 275 132 9 92 55 227 60 396 345 287 427 376 109 179 431 328 232 35 335 42 17 386 218 357 356 120 201 338 412 82 31 119 192 80 223 6 281 441 198 96 3 182 317 278 303 172 0 51 254 150 311 236 13 250 11 69 298 74 107 231 308 114 267 97 350 414 64 95 405 255 364 175 347 442 213 433 177 113 127 180 409 130 18 295 300 342 358 413 369 14 268 280 222 133 425 204 319 389 374 214 154 181 32 70 125 75 367 343 153 334 99 277 157 305 430 20 391 117 428 244 423 142 40 102 377 266 129 145 158 360 122 315 437 379 111 174 403 228 52 340 47 313 169 276 146 220 329 381 58 63 272 419 407 44 224 189 1 206 243 219 164 253 59 234 301 41 171 257 33 383 187 352 289 385 79 378 88 363 37 404 320 134 410 66 422 316 372 208 137 68 193 299 262 353 230 270 439 226 39 118 344 286 306 399 394 212 400 24 366 67 240 167 19 46 2 245 210 432 273 282 258 155 440 128 296 103 139 260 401 162 105 50 373 235 283 61 292 131 209 279 143 108 251 151 73 361 415 424 156 249 173 368 436 349 34 216 351 402 176 147 261 22 16 397 384 291 408 26 144 217 387 57 346 271 10 233 339 297 126 207 370 54 269 100 89 21 323 81 321 302 140 375 121 211 434 84 221 248 259 348 390 331 337 23 330 310 135 77 49 246 124 318 309 36 265 195 56 406 141 15 123 421 205 322 4 196 159 438 149 263 166 194 30 380 215 53 48 418 152 225 371 29 314 307 294 71 202 94 93 274 429 138 45 27 186 288 98 148 324 354 160 112 65 200 183 333 239 237 284 12 7 85 365 104 116 382 285 304 395 87 62 247 241 168 5 184 106 163 256 110 443 327 290 332 336 435 91 72 393 416 136 252 203 398 197 101 392 190 229 161 78 165 188 199 86 362 417 411 420 115 359 90 8 38 326 83 426 312 
TEST LEAKS 5 ARG:108 38 300 376 405 362 18 84 327 413 1 252 221 95 290 315 251 202 361 111 375 135 171 389 36 25 286 256 41 184 433 283 243 234 414 128 426 324 242 94 276 355 319 224 292 226 293 12 76 72 28 136 255 145 288 192 39 174 208 98 388 359 187 305 125 133 357 350 259 356 353 333 150 78 435 48 379 374 183 412 277 75 317 410 236 262 186 97 291 421 443 284 55 392 439 77 158 309 270 402 349 326 415 190 296 395 126 194 16 96 153 339 124 434 3 177 30 114 430 210 386 212 146 157 193 394 238 161 419 88 47 17 331 365 218 127 66 91 407 65 106 71 139 109 22 391 369 240 396 168 289 141 261 384 173 246 142 346 235 425 87 245 308 123 343 306 215 119 40 297 132 249 172 19 428 422 216 364 140 254 195 420 129 56 373 59 347 101 50 338 411 179 60 110 20 138 107 14 231 46 307 2 163 156 328 104 340 43 258 152 397 440 99 175 253 159 264 13 360 303 196 304 151 162 370 113 70 400 310 42 89 417 322 170 176 318 222 73 367 239 10 29 217 432 24 165 137 53 427 371 431 100 381 438 225 424 44 344 201 164 82 122 378 248 316 401 229 274 232 398 382 273 442 8 149 233 323 144 257 115 134 280 189 285 423 130 269 103 247 203 63 102 345 86 105 281 366 368 4 206 330 15 58 244 79 272 377 213 429 351 116 85 33 314 83 32 230 298 34 67 334 444 390 241 279 301 52 409 118 26 80 204 380 385 294 266 74 282 45 348 437 265 227 178 62 90 383 278 302 68 271 209 295 228 112 335 313 287 337 418 169 51 21 268 35 341 320 321 399 6 69 352 406 363 93 185 166 260 92 393 267 31 441 181 214 81 312 0 237 23 27 325 160 299 154 336 403 64 49 54 11 205 404 342 37 199 198 358 7 120 223 182 207 9 354 311 263 332 211 197 436 143 387 329 5 131 180 191 155 416 148 250 117 61 275 188 219 167 372 147 57 200 408 220 121 
TEST LEAKS 5 ARG:42 97 200 12 319 273 168 359 213 402 277 61 344 191 357 158 177 15 401 145 52 187 110 170 270 117 149 220 392 227 147 332 443 78 410 333 171 190 81 115 272 345 284 99 159 347 203 226 244 29 186 45 408 104 206 194 311 143 279 122 0 214 231 134 234 34 118 9 47 148 181 422 346 406 291 53 63 440 315 207 370 165 381 254 301 14 102 107 305 293 366 418 3 353 141 28 278 404 269 247 306 300 286 312 421 1 91 373 255 139 427 242 372 343 363 330 355 58 74 100 121 161 35 114 156 152 274 429 339 138 211 157 137 76 103 64 26 174 309 299 5 86 196 25 68 153 217 127 400 123 140 129 430 259 44 369 189 433 442 276 285 380 441 126 298 205 375 368 13 48 198 396 387 326 419 19 412 216 253 142 397 193 56 2 73 415 163 59 218 113 313 260 308 120 302 282 31 202 155 356 394 340 243 80 444 246 342 88 144 320 160 101 90 176 116 398 223 33 92 384 70 323 109 304 334 77 336 4 239 389 39 8 111 210 229 21 393 425 327 364 94 438 329 225 322 423 376 71 84 57 385 54 89 18 79 328 325 407 233 271 335 51 428 295 268 133 287 236 348 240 49 248 241 95 40 263 43 388 169 132 125 105 38 50 331 290 338 221 360 166 136 23 436 204 72 22 250 256 65 341 93 413 382 185 264 11 297 154 267 178 46 235 201 184 180 199 182 258 130 27 195 417 124 36 310 414 197 361 87 283 69 445 424 318 66 32 17 172 420 60 395 351 24 96 252 321 75 183 296 266 362 175 173 238 378 83 265 228 377 192 374 365 324 275 135 10 416 128 437 390 432 317 350 411 352 316 164 303 245 426 20 280 30 119 289 288 131 399 179 232 16 431 292 434 403 219 209 146 222 367 150 294 6 314 162 208 349 67 230 188 106 262 85 307 251 82 112 224 435 409 383 337 386 215 151 358 237 261 62 167 439 212 405 371 354 98 108 281 379 257 55 7 391 41 249 37 
TEST LEAKS 5 ARG:337 65 293 12 427 397 9 14 186 87 174 211 169 63 160 278 390 212 129 439 2 116 23 248 247 189 114 161 201 240 402 31 90 263 164 117 182 324 104 10 38 253 20 84 155 352 60 276 107 50 351 198 418 325 297 269 323 225 362 398 340 48 134 432 192 202 386 219 376 207 4 388 197 404 204 119 229 417 206 88 168 261 413 348 303 328 384 392 307 16 416 100 295 249 359 380 355 367 370 316 445 410 301 395 33 37 344 165 288 77 341 159 146 438 13 442 139 123 338 314 405 254 319 403 391 178 110 423 121 109 217 309 286 331 373 113 98 332 228 0 374 137 141 52 191 441 235 357 162 95 22 158 267 154 334 360 428 46 74 236 285 422 399 443 214 80 294 283 147 44 89 69 53 187 371 92 66 111 166 298 226 251 221 299 25 242 120 43 446 266 318 284 218 68 97 27 193 103 342 335 108 349 259 143 32 369 336 135 179 431 224 188 163 35 434 265 45 430 353 184 99 102 252 222 406 317 311 183 101 196 239 258 291 377 208 26 58 237 83 170 118 308 321 11 375 144 396 231 220 41 275 365 322 209 361 55 277 145 8 200 256 17 40 440 136 216 29 333 132 152 54 381 354 28 223 6 296 15 379 177 313 350 290 414 85 279 62 329 363 151 150 5 243 75 81 385 51 435 347 420 400 280 245 289 180 305 195 271 156 127 233 78 241 71 257 437 227 230 424 173 421 429 175 426 210 394 19 232 194 24 300 368 61 124 411 282 126 262 246 203 34 115 393 444 21 346 312 364 176 133 73 268 415 264 387 356 56 130 112 383 181 436 260 49 358 18 330 36 327 412 425 172 315 106 122 274 304 302 64 326 140 310 42 3 190 273 199 234 153 76 320 57 82 306 419 215 93 96 407 382 345 433 86 408 378 185 213 125 138 171 1 372 39 157 401 105 94 250 238 389 59 167 272 343 142 70 149 339 255 7 128 148 47 131 292 72 67 244 270 205 79 366 409 91 30 281 287 
TEST LEAKS 5 ARG:313 205 133 129 374 221 253 415 315 330 194 442 279 51 308 362 446 323 384 228 278 338 268 220 397 439 277 251 413 436 85 196 271 275 61 378 329 115 441 188 169 206 52 293 164 445 419 58 443 402 105 287 425 75 373 151 120 138 229 304 393 217 240 382 208 178 395 319 176 262 224 227 45 385 311 198 377 100 300 437 426 55 379 295 170 201 185 175 22 391 416 417 130 149 232 192 102 359 211 147 286 404 336 72 209 408 241 116 136 433 25 137 37 204 202 143 237 325 63 97 17 78 98 409 26 335 422 127 212 68 214 69 291 243 103 353 1 387 18 54 65 401 233 89 174 326 249 339 148 429 357 124 250 135 301 197 363 3 266 328 173 177 230 171 447 39 314 2 364 187 372 388 444 199 428 93 0 342 95 107 298 67 245 261 407 12 165 4 270 76 74 210 273 346 179 207 191 113 99 87 322 32 49 321 310 366 122 101 77 203 59 157 430 57 128 10 82 320 159 354 183 390 380 20 316 131 381 411 248 56 438 180 405 86 324 267 309 235 423 150 225 376 327 392 50 186 81 21 440 106 144 345 6 410 294 92 114 41 282 132 40 317 126 145 318 33 399 139 361 414 297 28 349 182 334 31 312 73 15 252 66 161 200 142 156 242 215 360 256 222 195 236 110 90 307 269 146 299 226 160 333 264 167 80 181 255 193 306 152 140 292 166 29 260 344 398 36 71 420 332 348 46 350 8 367 30 434 125 218 296 13 117 154 254 244 5 369 64 70 155 302 184 11 394 435 231 53 280 400 368 34 331 358 16 355 289 168 290 337 83 431 343 406 265 386 281 283 247 42 84 118 35 272 38 163 351 371 7 427 259 121 370 303 79 123 162 62 213 141 340 216 112 418 258 285 44 276 19 104 257 189 88 108 246 111 356 412 284 396 365 274 238 96 305 48 23 60 263 119 234 352 223 14 341 27 91 190 219 134 109 288 375 432 153 421 9 158 94 347 47 383 172 239 43 389 403 24 424 
TEST LEAKS 5 ARG:31 355 406 177 165 147 265 266 346 174 252 91 407 194 50 56 303 97 9 437 322 2 331 370 47 292 349 154 246 415 187 53 42 32 334 240 247 21 416 237 307 199 13 226 261 397 214 124 166 105 139 49 391 72 385 29 83 356 228 204 192 316 372 138 430 272 127 94 419 140 358 267 62 243 236 290 71 368 284 293 363 81 340 77 233 310 128 258 142 10 33 153 441 411 122 253 296 424 170 377 100 364 274 393 6 102 168 201 384 295 410 190 35 45 304 125 151 329 167 216 330 14 345 360 4 425 262 260 48 84 347 230 428 257 144 263 389 90 183 270 160 379 68 285 398 24 5 126 392 301 7 202 256 276 335 65 171 244 180 390 74 113 401 404 211 318 369 327 155 218 321 117 82 232 242 447 320 298 224 110 348 152 207 277 39 402 341 114 115 381 445 67 70 442 328 325 282 245 350 87 107 164 44 73 104 429 431 300 158 129 37 109 135 268 423 259 123 382 215 311 367 386 333 421 58 112 15 181 354 208 88 210 297 344 323 324 54 189 353 427 186 342 209 422 179 99 27 116 412 435 308 219 11 357 380 134 30 417 440 162 78 408 80 299 79 336 93 108 85 106 351 283 279 18 403 131 75 337 185 205 64 275 19 133 213 96 136 312 278 132 434 443 418 46 176 34 326 191 98 249 374 248 420 119 238 269 26 362 178 254 426 63 281 227 17 366 373 173 255 184 309 225 376 188 264 69 319 315 51 86 302 212 436 289 378 361 352 439 157 20 448 200 92 3 291 399 28 365 221 118 52 223 432 145 149 150 371 156 175 1 234 172 0 400 409 23 286 43 182 375 40 433 405 359 66 159 197 314 76 193 101 414 25 394 60 287 89 195 206 61 217 235 271 55 103 120 313 38 36 250 444 222 239 12 339 338 22 198 130 8 241 231 438 388 306 317 251 446 148 137 229 203 413 163 332 288 59 280 169 383 220 305 141 396 146 387 395 196 111 16 273 95 41 121 294 343 161 143 57 
TEST LEAKS 5 ARG:374 397 44 404 169 178 430 417 40 222 300 43 114 195 199 236 182 156 113 443 328 142 27 250 25 215 129 181 230 111 321 269 46 167 168 353 74 400 375 264 154 233 410 205 358 173 57 325 335 274 120 362 61 20 220 133 357 298 202 271 255 30 377 282 112 83 91 408 119 360 276 45 259 80 128 243 191 96 225 389 49 412 294 6 287 256 131 138 402 148 395 346 51 10 340 36 363 372 145 137 152 367 317 110 254 423 37 201 186 258 93 84 41 22 4 198 425 245 136 63 106 64 384 288 343 336 12 15 28 122 290 242 183 208 184 2 86 266 246 387 157 396 399 78 301 166 62 366 130 38 386 305 100 248 393 281 422 187 315 424 58 285 144 54 68 411 318 284 151 413 378 323 370 239 108 403 415 117 76 373 421 94 69 392 438 92 268 309 163 272 81 39 14 116 275 432 24 143 350 72 194 104 332 70 368 55 407 446 441 140 324 34 263 327 260 213 0 200 35 155 291 211 56 153 50 223 204 310 448 79 426 7 440 416 134 428 286 33 348 449 229 59 394 333 359 270 414 265 316 218 273 149 73 228 431 289 302 47 32 385 349 160 221 322 87 42 226 237 109 146 337 383 409 135 319 312 419 85 261 313 303 420 388 257 180 364 98 434 314 102 126 355 82 361 311 18 17 231 150 48 172 189 77 262 209 252 67 159 165 105 8 52 365 75 247 435 277 331 174 29 334 16 88 175 280 147 118 390 171 338 371 307 124 347 216 308 433 352 89 170 436 445 326 5 179 26 66 123 196 161 127 164 240 210 437 381 249 95 227 107 278 329 217 176 253 3 193 391 299 207 351 101 405 99 292 354 341 185 342 190 19 125 206 234 158 232 356 296 295 418 442 139 97 65 339 244 344 427 379 162 398 279 103 1 439 238 90 177 224 304 267 11 429 115 241 141 71 188 9 192 380 21 132 306 283 376 197 345 444 251 23 330 382 297 369 447 219 293 121 31 53 214 406 212 60 13 203 401 320 235 
TEST LEAKS 5 ARG:295 4 214 8 52 402 44 168 400 396 430 389 224 391 344 23 222 369 398 225 151 439 365 284 420 357 300 368 93 314 309 336 120 394 102 322 206 54 296 450 144 2 323 329 388 324 378 85 183 443 285 424 249 98 28 404 149 100 257 292 174 312 266 434 87 128 178 395 445 341 406 88 42 265 342 229 138 94 3 343 245 111 332 82 123 34 263 139 429 354 135 119 105 307 65 244 21 219 446 405 218 58 29 167 382 148 6 361 294 74 56 55 107 71 99 428 86 36 367 360 407 159 84 318 177 355 346 189 186 166 134 53 256 152 176 321 282 269 390 433 232 124 348 409 239 327 207 114 190 129 121 397 156 372 408 210 39 278 311 90 198 78 59 208 413 273 171 444 340 14 259 49 231 416 11 160 230 427 17 228 175 217 154 274 447 289 223 441 133 16 113 283 203 172 399 37 165 170 234 299 236 161 19 142 267 63 79 1 157 331 442 191 117 181 431 109 136 141 279 411 127 313 26 387 293 449 335 213 112 403 333 153 258 330 297 81 305 195 268 51 106 277 301 22 30 32 347 70 40 35 69 185 20 366 25 80 101 64 380 280 410 241 419 116 220 252 57 41 38 95 247 356 417 275 115 414 126 60 104 243 317 46 438 250 89 130 352 270 108 226 401 169 320 371 379 251 351 261 262 192 349 179 163 215 199 286 31 162 184 68 103 364 432 15 425 437 202 304 204 110 146 255 24 377 187 67 66 436 91 303 254 205 260 164 238 211 338 358 0 18 276 50 61 125 212 73 298 27 240 426 370 421 209 353 308 45 306 319 12 328 221 92 62 201 33 182 97 423 337 384 158 197 233 180 326 339 193 47 375 9 363 316 440 376 373 227 194 43 435 253 272 412 131 118 147 242 145 291 418 5 13 140 310 374 393 325 237 345 302 359 96 122 264 248 216 150 288 143 173 48 196 281 7 422 334 350 77 155 271 383 392 75 200 381 287 132 290 415 188 10 386 235 385 246 76 83 315 72 362 137 448 
TEST LEAKS 5 ARG:57 279 93 47 450 238 103 411 278 448 91 54 267 43 312 35 297 234 55 102 163 295 401 7 193 317 87 442 334 182 166 219 393 80 132 407 75 422 263 92 211 390 391 31 253 71 408 394 201 412 310 190 248 62 398 158 200 99 108 260 154 247 273 298 217 225 169 73 152 445 100 239 244 118 242 180 313 271 338 126 446 4 60 293 284 61 150 17 361 159 443 410 308 437 113 347 369 79 174 417 197 286 395 142 281 131 199 282 387 274 156 85 346 228 414 83 192 215 210 45 377 421 388 221 15 10 429 30 314 198 203 183 212 40 48 28 261 320 227 296 58 37 51 33 384 389 400 431 301 240 309 24 1 122 101 186 209 358 89 167 255 409 277 345 125 419 402 16 350 333 74 434 366 328 130 254 246 276 194 235 135 335 256 86 162 119 149 302 185 137 223 423 84 196 110 44 336 305 160 371 13 178 63 307 340 418 206 0 380 72 171 81 259 324 332 383 123 386 427 29 38 378 27 41 364 11 173 53 229 188 39 65 214 106 257 323 342 6 330 179 399 374 94 341 348 299 191 424 331 236 3 265 148 8 241 447 155 352 321 370 69 359 170 98 451 204 287 382 385 224 250 319 12 360 303 213 433 70 116 444 379 290 168 285 416 143 339 375 406 318 172 272 153 14 311 355 205 112 381 354 343 107 226 283 146 403 413 95 316 202 181 165 367 428 187 134 315 269 114 306 34 435 329 42 52 195 216 426 138 440 349 88 136 327 25 344 251 237 109 64 175 50 264 288 19 439 396 404 184 353 20 292 266 115 105 449 300 230 157 26 252 294 249 82 351 22 405 23 129 304 67 9 90 151 111 207 77 326 258 368 430 36 96 76 397 325 127 128 373 356 280 147 68 49 233 2 231 218 245 104 232 66 436 46 59 97 117 357 438 144 164 176 140 337 425 189 392 124 78 5 139 133 289 441 18 177 208 243 145 220 120 222 362 262 275 432 376 161 420 21 291 372 363 56 268 141 32 415 365 270 322 121 
TEST LEAKS 5 ARG:264 299 144 413 233 146 352 224 168 3 420 302 320 358 100 78 342 57 288 186 62 192 145 34 130 273 210 164 136 315 396 286 48 156 139 438 331 450 137 160 206 221 215 373 170 110 42 43 402 274 44 218 86 198 49 66 348 395 17 442 380 32 30 76 393 268 149 200 298 51 61 96 262 184 316 162 83 102 328 122 276 398 238 77 33 334 129 52 159 338 212 176 391 7 203 112 241 340 220 436 282 301 54 1 197 4 368 410 250 13 271 107 343 69 74 401 111 300 281 325 60 188 385 202 87 125 225 71 297 150 305 75 8 388 37 123 163 256 81 345 174 277 362 45 409 346 296 434 88 426 172 196 344 287 56 140 82 318 405 255 223 153 361 222 80 182 295 251 439 216 266 73 187 431 46 183 364 68 131 448 375 370 357 244 25 53 97 236 228 169 90 254 312 113 369 330 337 21 103 12 27 285 247 158 366 219 237 178 432 389 248 72 117 335 134 319 23 406 152 189 205 265 386 425 132 191 175 307 332 412 124 403 417 92 336 310 89 253 240 411 291 59 430 437 148 372 204 418 19 377 451 143 428 213 106 349 226 246 36 20 121 28 38 120 154 275 229 133 91 392 313 382 141 339 155 10 39 414 193 104 165 294 447 231 239 290 379 359 309 452 263 327 109 284 367 47 419 166 245 207 259 105 217 397 427 421 6 381 119 267 303 114 230 390 422 252 177 31 157 311 9 350 79 40 449 190 249 333 85 378 99 29 35 242 423 16 351 314 147 433 171 14 201 50 306 65 445 322 2 387 440 260 0 93 446 308 128 95 347 355 18 323 22 138 115 354 179 429 365 63 324 353 404 441 232 67 41 400 326 151 84 235 289 261 209 127 408 167 329 70 11 234 341 126 394 383 270 293 416 55 278 26 279 272 243 94 194 135 258 199 181 208 443 415 360 371 173 280 424 384 407 376 118 257 98 5 214 227 317 161 292 304 64 185 24 444 101 435 356 108 58 374 399 180 116 142 15 269 195 363 211 321 283 
TEST LEAKS 5 ARG:411 294 246 453 228 31 232 22 215 251 296 167 262 115 118 436 417 213 398 413 412 258 218 214 33 352 157 21 130 356 85 337 156 3 255 305 400 380 388 446 247 375 200 416 40 333 100 321 279 347 237 390 67 219 56 280 119 194 343 39 309 193 74 35 329 287 53 233 426 152 18 222 124 185 364 409 13 372 371 36 77 351 451 160 95 199 202 265 211 149 360 15 7 401 342 382 240 245 283 20 153 34 191 257 424 26 335 450 259 148 51 386 59 266 441 429 107 1 168 448 341 302 27 105 338 9 71 72 217 57 161 350 368 420 44 310 379 16 445 135 355 263 62 234 172 201 434 55 348 227 47 404 29 82 437 70 447 312 406 370 54 439 129 313 308 225 328 83 171 452 139 183 102 440 169 203 369 422 295 397 291 150 5 151 163 142 239 25 418 425 210 231 408 180 430 290 303 69 110 113 376 60 75 0 184 317 103 431 122 366 19 311 37 336 41 92 252 292 330 393 17 318 365 315 114 314 281 248 216 189 78 137 284 442 396 363 297 46 419 165 415 220 204 331 61 65 120 198 289 226 6 403 134 307 117 178 270 158 275 264 192 319 88 261 339 249 176 354 48 269 205 304 423 277 433 195 188 367 359 320 428 175 391 221 345 236 181 128 306 299 267 206 63 111 159 323 23 164 324 136 402 81 30 64 12 242 170 300 90 4 80 224 374 24 166 405 373 209 133 235 288 326 147 52 285 87 108 196 208 99 182 145 177 268 38 32 274 427 449 207 407 162 127 8 260 223 340 45 278 399 73 154 293 96 66 197 358 212 432 42 173 414 361 155 332 443 104 2 377 174 395 86 241 89 238 243 250 79 444 387 112 58 438 271 349 346 68 298 116 421 131 76 10 389 381 84 357 50 106 91 146 98 301 141 132 11 179 254 97 187 230 126 28 334 362 140 435 353 273 244 378 256 383 125 325 121 385 229 276 144 272 138 43 322 316 186 327 392 394 253 123 94 101 93 109 410 49 282 14 384 286 190 143 344 
TEST LEAKS 5 ARG:260 425 22 365 81 159 429 316 344 251 273 451 311 36 410 11 308 3 401 286 296 242 129 47 193 71 427 320 415 116 6 203 224 135 280 138 148 63 60 235 186 269 146 70 428 91 265 153 405 310 329 189 244 198 196 336 382 291 181 125 326 442 167 334 49 176 163 367 174 330 239 359 434 402 134 78 384 369 254 436 214 102 123 395 79 243 274 201 406 195 445 96 249 206 2 342 396 375 86 69 218 376 388 328 453 182 370 424 56 67 128 398 171 223 226 41 337 10 72 213 80 340 45 305 184 407 389 106 290 452 46 220 236 30 230 312 158 118 62 381 431 124 275 219 354 17 276 285 152 58 322 271 8 208 76 173 409 44 212 95 335 183 380 143 414 150 13 287 52 332 338 94 439 200 31 156 97 399 255 68 289 103 113 362 294 333 248 119 304 394 343 433 157 437 374 331 261 207 175 98 412 256 107 35 432 50 232 93 355 112 228 241 454 177 400 358 385 284 423 99 161 197 227 187 448 327 345 132 105 282 416 155 408 299 199 202 372 391 53 371 122 350 115 211 438 27 19 361 160 141 307 66 259 162 73 263 315 4 449 413 339 9 363 89 302 279 229 194 314 240 430 144 378 88 42 140 40 293 397 387 443 20 426 217 366 317 257 24 390 368 283 57 85 422 100 39 5 151 121 133 234 21 277 357 447 319 149 237 14 404 352 54 393 403 247 120 192 59 386 32 0 250 440 104 15 392 64 262 25 33 168 204 185 87 131 164 77 341 205 209 51 110 166 216 222 450 435 295 126 351 377 238 26 180 7 139 272 12 172 309 130 353 373 37 278 136 84 441 114 281 191 127 18 245 292 318 267 303 16 82 29 300 360 306 145 323 38 418 346 356 188 324 170 111 421 142 420 297 246 154 165 347 313 221 23 1 190 34 264 258 417 288 65 90 301 268 147 74 61 253 48 28 325 92 109 179 169 75 101 210 83 348 383 43 117 178 411 446 137 444 379 321 266 298 364 231 225 108 252 270 215 419 349 55 233 
TEST LEAKS 5 ARG:245 197 434 409 320 428 198 371 65 137 181 56 333 148 270 84 319 0 128 279 64 399 406 390 302 221 179 384 292 327 414 218 373 296 157 395 383 278 260 184 225 385 188 99 122 117 4 222 39 314 401 442 277 48 381 44 338 69 113 32 412 42 425 25 430 229 9 410 142 121 276 175 415 129 377 23 67 331 76 344 82 424 455 159 17 192 313 325 147 172 310 116 447 104 441 426 193 205 247 178 307 124 11 342 346 163 258 436 375 398 58 378 374 420 304 136 97 2 85 450 77 404 347 351 261 335 431 295 94 361 204 285 360 83 47 437 186 81 199 273 29 150 349 22 27 16 405 223 187 281 210 280 89 126 417 208 215 35 105 254 206 152 268 227 72 290 220 341 376 224 286 1 332 305 45 146 140 209 235 255 191 153 363 41 365 144 154 167 263 169 350 173 161 30 429 352 297 359 299 446 402 397 451 232 400 453 38 238 49 444 358 448 372 248 202 162 419 252 13 301 322 364 149 345 54 115 33 214 40 96 233 156 407 396 438 114 274 86 211 348 289 287 303 236 343 57 340 266 230 139 19 183 300 311 130 318 386 454 143 394 387 93 243 132 34 452 275 189 194 59 246 73 88 271 316 217 164 240 355 288 26 176 284 439 43 212 60 293 200 259 323 257 244 12 160 118 135 98 388 231 101 87 15 168 262 308 239 329 109 185 8 445 315 21 51 203 120 37 18 403 61 133 171 369 216 413 166 207 110 103 234 20 354 251 392 330 6 321 265 170 55 119 370 226 62 71 14 237 241 283 418 134 324 24 28 242 75 79 158 272 449 250 336 78 182 228 52 196 138 66 362 31 127 427 339 80 357 443 334 100 337 102 440 408 391 165 326 155 74 125 306 112 328 249 423 294 213 312 368 380 291 433 389 353 151 90 106 63 367 50 92 298 269 253 10 382 264 219 131 7 141 53 180 421 411 282 68 267 435 46 422 317 111 393 201 91 95 432 123 36 177 108 70 356 174 190 107 379 256 3 416 5 195 366 145 309 
TEST LEAKS 5 ARG:348 5 93 399 144 61 109 427 357 266 451 118 7 24 62 367 160 82 33 59 351 168 323 268 88 416 426 138 384 83 102 301 197 336 443 281 372 418 32 87 130 231 53 394 10 115 216 269 221 292 423 198 55 52 381 91 192 430 420 243 230 389 244 267 95 277 278 72 14 229 382 274 380 73 63 159 147 214 349 110 137 143 387 248 4 223 185 388 236 201 257 438 220 295 27 57 283 235 247 8 444 80 437 358 313 403 421 284 90 233 69 200 238 356 272 106 332 181 203 178 162 133 293 195 275 22 43 424 29 36 149 74 303 255 184 92 120 361 40 294 342 276 126 158 298 325 31 447 34 395 208 222 205 108 335 56 341 440 150 85 196 84 429 258 11 105 425 316 374 212 169 310 119 246 170 355 128 240 288 207 366 186 39 379 199 213 314 44 282 177 30 326 194 165 251 129 331 35 190 317 330 146 436 121 377 434 54 113 48 406 368 302 16 264 75 13 280 413 300 179 97 127 338 12 352 448 114 265 321 287 408 176 327 400 187 289 378 383 396 304 410 449 353 308 242 422 273 202 189 245 103 86 369 6 174 339 297 419 64 161 398 328 51 322 112 210 225 343 393 122 249 100 219 50 370 131 209 340 401 3 191 441 132 18 151 215 415 175 107 456 157 211 94 324 60 116 65 290 227 391 49 347 371 38 77 19 450 455 285 20 263 218 78 89 9 152 432 139 412 140 166 319 337 188 407 234 405 433 42 172 135 79 23 167 428 392 334 1 153 241 253 254 70 445 17 163 117 261 46 397 224 259 354 98 142 41 104 171 71 206 47 291 193 414 67 311 453 0 320 148 217 386 250 154 363 58 124 346 402 360 180 141 431 333 134 404 125 183 306 37 390 442 262 345 96 279 359 344 373 417 271 101 385 362 439 164 365 99 350 375 256 25 315 81 318 123 156 66 286 204 237 454 26 446 329 111 45 173 15 2 409 252 452 299 239 260 376 309 435 76 296 28 136 411 226 21 307 155 232 312 270 145 305 68 364 182 228 
TEST LEAKS 5 ARG:189 239 303 361 348 236 48 54 151 158 454 412 109 391 435 379 39 333 45 68 265 33 145 52 106 290 165 350 292 22 339 345 184 207 389 415 282 74 53 174 12 330 431 161 259 349 257 133 36 250 132 442 393 298 296 354 320 310 168 272 419 128 438 433 1 446 373 403 251 283 357 169 25 275 155 115 432 19 284 413 370 90 31 96 312 149 313 97 69 390 351 212 80 383 217 301 186 131 20 304 430 399 325 24 122 117 278 164 126 338 398 274 344 159 82 21 314 332 89 202 352 241 429 425 138 84 254 172 171 297 311 95 360 200 402 447 321 101 146 102 93 57 242 162 343 276 302 105 173 451 51 299 223 264 369 366 226 378 79 359 40 295 218 437 142 270 211 421 166 127 124 382 238 100 300 88 73 13 92 103 141 32 289 30 240 83 60 269 187 318 50 426 43 214 365 362 285 23 427 384 271 157 222 444 198 185 294 110 220 406 305 86 72 154 453 268 163 44 422 4 315 108 448 62 230 99 377 229 319 78 150 215 324 209 287 194 75 235 440 114 291 280 337 135 42 279 277 306 261 85 170 335 401 203 35 443 307 408 55 29 262 410 243 180 247 148 120 286 322 76 46 293 245 434 81 424 156 346 329 65 152 234 225 77 14 342 41 441 10 397 143 18 386 59 455 49 183 188 331 121 371 328 147 309 417 317 136 196 204 452 273 11 56 47 118 123 228 450 2 260 323 28 456 199 181 246 27 182 388 368 58 191 63 153 210 66 134 160 267 167 407 144 7 394 193 392 195 98 3 326 5 252 34 420 353 336 405 206 316 129 376 140 64 107 244 6 428 457 70 253 221 205 15 374 409 385 340 179 263 116 213 232 227 439 358 192 347 364 119 87 130 112 381 367 341 175 104 178 176 395 404 248 38 216 8 423 190 177 231 308 266 0 113 67 233 255 449 387 288 26 375 436 91 208 17 414 396 237 111 125 400 380 327 411 61 418 256 201 281 356 258 224 219 249 372 334 94 71 16 355 37 9 445 416 363 139 137 197 
TEST LEAKS 5 ARG:381 302 289 383 190 146 98 187 106 16 378 91 281 414 17 150 413 102 436 387 427 329 36 419 196 232 229 175 340 195 341 15 348 277 290 325 23 159 409 264 191 221 219 263 88 208 238 199 155 24 242 227 19 417 26 454 140 457 435 253 357 198 118 343 38 304 228 280 149 160 356 9 108 395 398 33 328 213 223 443 29 428 251 31 135 282 337 249 45 442 430 261 448 431 245 147 209 122 394 374 94 52 151 326 377 93 396 411 391 130 441 128 233 452 384 366 176 405 112 294 234 7 171 173 252 291 295 333 139 203 81 167 178 310 193 370 224 165 62 439 415 48 200 305 127 204 134 12 34 257 438 308 231 143 369 114 407 66 434 346 104 416 244 321 283 214 78 432 184 386 21 47 352 99 455 183 420 272 300 296 334 274 410 161 222 390 148 437 380 194 286 2 267 125 388 107 79 141 270 92 446 25 246 423 247 338 236 372 11 185 138 418 126 220 179 49 97 163 96 288 268 68 1 266 373 101 297 115 319 124 306 317 131 74 84 166 54 269 44 197 59 22 314 375 235 72 30 456 215 359 347 20 336 433 275 292 177 355 75 100 85 330 339 40 342 86 312 360 0 429 351 211 58 397 303 129 113 69 279 218 255 137 344 217 307 18 65 226 376 324 389 332 76 153 8 28 158 412 41 133 408 309 350 10 273 73 152 136 392 119 87 371 298 345 362 349 192 230 311 180 315 258 216 123 293 401 265 144 285 260 64 105 240 154 453 182 365 451 110 56 42 109 358 399 60 440 172 168 239 450 449 181 406 27 262 174 422 361 162 111 32 335 67 444 301 404 61 259 237 368 331 276 225 248 403 89 243 458 241 5 385 37 254 299 271 323 202 189 256 363 201 103 445 364 13 6 205 132 284 400 70 82 186 210 425 250 50 46 354 39 55 71 207 117 169 320 426 80 379 421 382 142 353 120 447 278 77 95 188 14 43 57 212 318 327 35 3 287 313 206 393 121 424 53 83 322 170 402 90 51 116 4 145 63 316 367 164 156 157 
TEST LEAKS 5 ARG:153 12 455 427 399 406 267 288 458 94 358 311 32 378 152 212 159 322 196 199 292 95 257 300 117 329 142 206 426 179 232 248 168 112 64 238 162 328 187 383 356 96 62 447 456 293 25 359 282 209 110 400 303 271 255 268 411 58 243 166 236 370 88 89 181 423 151 135 175 294 229 272 26 0 354 9 450 53 240 80 309 439 371 412 204 225 386 54 17 402 393 65 126 396 31 134 256 97 75 207 73 163 443 1 141 222 139 67 103 221 119 273 52 44 203 92 10 318 192 116 327 440 91 345 280 385 227 231 149 348 167 289 331 382 208 220 457 224 20 333 340 264 50 210 99 218 36 228 388 41 312 351 157 42 270 121 136 59 301 410 290 173 363 104 405 145 417 27 23 319 186 15 164 377 74 194 102 81 63 205 305 307 283 332 249 394 246 33 86 343 321 428 366 184 338 310 200 61 72 369 13 8 16 188 201 315 14 51 320 317 154 434 185 418 137 147 448 109 276 213 253 422 191 380 24 5 361 11 245 325 259 216 373 128 261 430 390 442 281 336 155 113 125 244 433 414 156 419 323 108 387 130 189 39 454 66 170 306 183 93 254 234 78 115 241 198 158 250 299 314 160 381 101 76 407 118 217 84 364 374 451 424 193 302 251 296 56 169 352 140 214 38 29 446 291 452 55 432 127 444 355 415 365 28 144 269 368 252 438 19 334 375 344 3 202 324 404 122 349 435 392 176 258 132 441 453 284 362 279 174 120 275 182 107 287 436 100 247 262 161 337 339 124 195 79 350 408 409 437 389 416 178 83 105 330 401 265 171 316 429 391 211 165 304 71 398 190 449 138 403 22 397 43 133 177 215 445 148 230 278 285 49 98 277 346 286 326 376 90 425 413 18 2 82 235 308 35 45 237 263 335 219 459 60 150 87 143 242 85 357 172 239 395 421 431 111 298 7 360 48 223 226 4 295 384 70 21 30 313 129 260 146 37 274 420 6 297 197 47 114 233 77 347 123 379 342 372 68 367 353 69 341 131 266 34 46 106 57 180 40 
TEST LEAKS 5 ARG:66 253 355 36 302 333 33 154 346 255 207 402 278 241 115 78 181 275 2 239 10 218 68 415 12 319 251 180 401 76 313 216 369 378 265 292 370 195 14 375 381 84 26 61 245 42 289 147 300 99 21 428 442 163 412 435 134 351 261 135 182 7 49 70 95 377 197 189 44 460 149 62 316 362 35 305 400 63 408 219 29 194 127 159 104 138 360 55 437 24 262 417 190 157 200 423 128 56 139 199 121 129 53 142 210 407 350 229 125 234 454 286 47 453 456 164 188 57 448 295 18 248 257 312 344 85 457 98 273 131 187 380 270 296 58 299 80 331 172 81 279 409 330 73 291 64 372 196 318 269 132 325 9 337 158 385 304 258 155 311 82 256 341 365 429 137 301 246 410 16 449 392 166 440 421 185 322 25 232 250 244 92 52 22 354 174 326 386 230 368 15 247 438 136 124 143 328 441 130 227 225 416 109 141 264 224 458 59 443 391 395 100 111 75 307 290 91 320 96 383 455 347 50 452 271 169 5 393 419 116 30 420 403 340 274 445 315 317 133 450 167 106 426 126 38 406 0 206 254 31 436 113 32 178 343 87 329 414 41 168 285 3 102 308 161 240 404 176 213 221 231 374 324 170 294 373 60 422 74 13 86 430 23 179 276 243 306 211 389 399 202 156 366 424 451 434 162 352 90 148 108 334 122 39 427 335 297 288 242 413 6 153 193 94 310 45 28 439 177 119 361 34 105 394 387 321 217 405 431 205 233 184 447 284 338 77 204 8 367 208 79 336 151 212 215 382 249 287 309 281 293 396 71 283 371 267 272 359 145 11 237 388 103 201 263 150 72 20 314 282 220 69 260 203 280 37 54 123 446 332 114 390 444 4 236 93 67 214 252 117 146 418 27 46 277 349 222 345 376 65 223 1 235 198 411 358 19 83 259 356 379 228 51 357 40 323 398 298 173 384 171 89 175 209 397 226 110 140 432 186 348 303 266 17 120 353 118 238 192 425 101 144 364 433 107 268 97 88 152 342 339 183 327 191 112 363 43 459 165 48 160 
TEST LEAKS 5 ARG:180 72 44 340 214 365 127 320 205 37 158 175 42 452 401 202 25 282 32 417 133 96 261 251 397 203 291 430 172 360 374 135 67 297 325 416 183 338 330 350 168 328 143 69 46 381 369 384 273 281 52 147 447 296 68 294 300 94 449 161 218 236 359 173 139 117 56 189 118 47 211 182 187 375 456 243 440 204 194 222 394 136 238 33 319 146 31 74 26 357 154 17 151 267 165 171 343 200 19 30 387 382 248 310 112 237 245 86 82 60 391 4 398 420 383 434 373 453 116 408 149 392 10 3 390 262 119 114 389 50 81 234 35 77 367 379 250 276 141 347 403 75 362 292 224 43 439 418 265 219 349 90 256 370 8 423 170 132 88 169 122 185 376 287 295 351 422 22 326 91 78 366 190 333 101 409 102 123 48 309 315 83 361 40 13 208 412 166 131 396 159 270 421 454 358 130 64 150 76 323 160 110 235 277 228 225 197 230 55 36 406 167 0 342 303 372 339 21 335 49 162 356 435 163 229 260 271 54 98 461 144 18 155 28 460 188 99 429 140 97 364 377 402 137 85 257 363 126 244 179 201 246 451 39 321 95 278 9 289 195 198 427 27 290 388 336 258 275 346 259 255 419 344 57 242 371 177 318 231 106 217 304 53 45 324 314 176 286 348 15 345 104 148 413 352 399 247 337 459 329 1 196 252 441 448 302 305 446 306 368 164 298 263 108 14 455 308 210 93 284 193 216 327 100 213 29 156 285 426 293 38 450 268 444 138 58 12 249 92 425 51 312 184 239 73 20 23 272 253 5 212 107 393 105 186 145 59 288 142 457 34 404 24 16 79 153 411 355 279 283 11 436 432 80 6 313 109 232 280 405 269 227 266 264 61 385 215 331 322 307 115 378 221 316 113 120 354 63 254 311 192 41 174 334 424 178 240 206 407 152 301 431 458 89 442 157 233 220 66 410 129 111 414 274 438 124 380 62 87 353 7 341 428 84 134 445 121 70 437 2 207 299 191 65 386 415 181 226 241 71 103 223 199 209 395 332 125 128 443 317 433 400 
TEST LEAKS 5 ARG:426 254 284 129 431 255 368 365 26 302 432 331 168 238 12 46 95 289 349 348 386 388 18 409 76 105 279 393 410 57 369 277 3 221 47 193 378 391 270 85 461 212 165 232 379 64 96 192 13 82 330 460 136 252 134 456 400 182 354 373 123 99 283 307 195 397 382 347 326 272 413 265 222 158 418 10 119 190 157 181 156 175 422 36 375 291 360 407 462 313 143 376 194 447 124 315 80 342 51 107 4 256 458 288 66 383 394 449 38 425 207 110 271 316 329 328 334 281 371 77 225 411 301 185 263 97 292 65 211 164 189 111 106 267 208 285 100 42 339 34 293 451 275 444 412 62 216 318 166 148 282 1 56 408 205 27 210 60 196 177 122 317 323 215 424 274 63 48 361 332 49 92 58 112 183 23 31 423 81 245 19 150 350 29 116 341 395 436 28 198 399 352 309 253 144 104 113 403 72 188 108 300 161 420 131 402 459 130 448 435 251 381 201 224 5 310 257 2 121 179 200 414 155 227 353 322 170 320 173 40 74 325 83 163 333 385 296 262 229 338 132 199 94 421 445 55 133 261 186 455 16 370 125 441 147 15 59 404 103 75 351 118 312 180 153 390 258 78 39 237 264 321 246 217 319 240 452 235 24 126 138 450 438 226 20 21 162 90 392 69 43 442 269 167 137 241 239 135 44 299 362 223 234 178 428 298 367 127 219 32 87 37 278 372 446 52 286 335 176 344 139 244 174 145 405 202 440 35 140 160 294 218 355 457 14 101 259 387 276 248 434 357 0 345 249 389 214 54 427 68 401 206 146 152 159 204 324 358 343 247 91 213 416 384 233 169 377 128 314 79 61 311 327 70 260 142 306 337 120 304 308 191 115 346 280 93 419 356 45 242 437 73 220 187 453 117 230 359 149 363 11 268 433 25 30 340 17 297 380 287 203 6 67 266 290 305 209 236 430 88 374 172 84 41 415 7 439 303 114 89 364 33 454 141 228 231 429 109 243 8 86 417 9 50 273 171 295 336 250 406 366 53 102 197 154 71 151 184 398 98 396 443 22 
TEST LEAKS 5 ARG:411 98 217 221 174 226 389 266 2 256 351 52 94 90 455 347 102 236 216 154 15 408 194 296 107 406 263 133 322 394 93 212 120 57 32 112 239 166 200 159 126 447 179 438 59 305 383 206 135 45 301 393 58 337 251 451 448 156 324 230 293 425 390 186 307 341 201 318 85 139 118 372 131 376 31 320 386 198 275 424 344 155 255 441 387 233 299 10 402 61 115 456 232 40 374 254 27 23 130 211 414 279 328 437 122 454 331 182 144 161 289 319 128 417 204 178 463 247 105 388 375 0 407 9 306 228 323 8 380 140 354 121 297 199 46 450 125 444 364 294 54 225 14 286 242 353 371 409 190 304 42 66 422 108 260 431 77 332 47 164 325 208 378 111 184 29 439 311 74 445 50 369 276 1 123 89 412 427 82 268 336 274 317 147 37 257 192 132 119 272 329 234 339 48 20 440 141 219 338 385 137 327 70 461 269 146 363 28 53 330 67 165 428 284 99 258 312 246 302 100 142 65 16 459 162 176 436 92 404 449 384 334 167 399 62 148 136 117 253 245 79 346 63 241 87 429 285 357 114 3 398 173 229 252 291 202 362 292 193 377 313 11 435 143 280 26 75 231 379 342 116 345 177 392 235 113 400 104 250 127 51 418 410 223 298 183 172 91 421 222 35 462 359 150 426 430 152 366 124 134 36 348 56 452 76 7 446 442 273 352 88 381 185 81 181 203 78 210 244 55 262 22 214 6 367 453 365 401 151 34 207 290 149 21 169 39 180 103 277 309 397 243 238 110 175 215 160 373 227 333 310 265 43 416 391 218 38 287 432 69 237 17 314 153 25 395 109 396 335 71 413 220 457 420 80 106 189 4 248 358 295 368 283 224 68 209 278 101 300 191 360 64 355 356 138 249 259 33 187 197 240 60 84 163 434 205 281 419 157 316 19 72 49 370 129 271 382 267 97 264 95 350 340 195 288 213 5 158 321 326 188 196 270 83 423 443 145 415 13 168 458 405 73 170 460 18 261 315 343 433 349 171 96 86 44 24 41 12 282 303 30 403 308 361 
TEST LEAKS 5 ARG:276 453 219 117 95 34 152 280 248 244 32 434 43 79 46 240 348 447 215 91 23 345 98 66 401 193 417 116 101 19 375 218 287 319 372 316 306 126 151 110 54 231 84 254 396 39 298 221 285 279 50 61 315 86 38 52 293 427 153 41 201 76 452 164 40 301 459 145 457 273 121 360 361 104 259 156 355 3 78 313 236 195 395 456 49 148 336 30 238 305 243 51 33 81 194 392 234 68 362 267 431 405 176 321 77 70 99 42 160 378 198 446 28 190 182 322 461 174 131 451 146 129 255 249 106 188 170 115 73 419 373 299 367 323 93 2 65 11 158 232 0 192 274 18 256 454 130 291 14 435 286 363 60 167 444 119 58 124 191 137 94 202 440 103 105 294 380 350 377 163 269 142 310 208 245 343 390 128 300 324 257 391 55 178 464 113 409 338 275 289 184 31 425 227 168 408 270 398 326 374 330 365 230 252 102 443 134 196 141 108 341 223 222 346 389 171 159 344 385 394 353 284 335 216 296 217 250 383 82 88 214 127 422 92 303 421 290 59 352 96 312 337 123 246 400 57 24 62 226 13 177 399 413 212 455 403 268 282 271 71 179 173 122 359 165 224 332 107 263 75 388 169 433 7 241 277 166 288 100 204 239 347 328 83 35 135 281 5 21 74 199 426 311 181 6 197 333 379 138 8 266 140 155 4 139 211 72 261 242 406 109 235 9 439 430 56 327 15 387 10 205 415 45 44 309 228 89 209 233 428 436 371 458 185 393 237 307 397 36 292 407 318 297 304 20 118 354 384 445 357 132 302 414 462 207 203 175 200 423 404 429 325 278 180 97 149 12 133 112 247 450 314 27 386 125 206 442 90 262 370 48 147 463 253 381 162 189 25 382 402 283 22 349 136 161 437 187 364 251 340 144 368 424 351 63 17 376 272 366 258 150 329 213 356 16 449 416 229 67 186 418 69 225 264 26 420 308 53 358 448 120 320 47 342 87 172 295 37 339 157 220 412 331 80 85 183 265 317 260 29 432 210 438 154 369 411 460 441 1 334 64 111 114 410 143 
TEST LEAKS 5 ARG:312 10 105 432 155 66 275 184 410 205 47 337 28 359 293 267 350 308 64 160 348 434 278 435 46 55 219 173 250 303 194 298 229 244 283 21 450 130 323 381 329 297 0 317 45 456 6 461 14 420 187 393 216 382 389 12 197 338 8 243 48 33 178 158 217 445 327 257 361 169 104 106 38 91 314 196 172 436 114 366 220 34 401 238 345 306 407 402 319 128 148 2 124 242 351 31 201 457 19 415 50 417 290 272 380 459 259 74 265 431 421 324 441 97 71 154 248 397 77 408 330 307 384 280 226 191 279 167 231 183 65 460 195 232 131 27 116 340 465 400 4 334 274 9 147 426 305 378 386 342 26 299 318 349 29 144 153 179 80 428 335 301 453 295 49 42 263 241 320 157 262 143 139 164 180 357 442 266 60 395 165 273 122 54 67 343 133 254 369 245 177 176 199 73 398 367 61 123 101 363 18 261 110 346 379 309 373 13 406 354 170 222 388 162 252 208 256 440 99 117 156 85 225 120 37 310 198 134 23 70 83 181 32 115 325 347 175 78 333 230 411 76 171 394 59 86 207 249 20 383 372 414 239 439 276 1 203 391 271 141 355 392 425 277 221 142 186 40 404 326 454 302 246 206 89 449 57 149 193 234 53 291 251 315 98 209 100 212 294 422 443 126 438 377 387 43 51 282 150 102 413 284 360 63 151 166 444 362 210 353 364 418 159 52 25 228 113 268 264 163 288 7 227 385 286 140 214 112 121 30 289 237 90 94 311 285 189 24 36 136 341 103 399 423 84 452 58 3 281 16 17 138 403 427 462 5 213 218 215 75 292 365 448 376 409 192 107 92 200 300 211 39 137 69 416 224 344 96 152 269 304 146 419 125 433 412 109 135 111 396 119 185 182 260 204 82 352 22 108 88 368 81 429 15 190 322 446 339 424 35 72 93 374 87 287 437 356 370 129 247 455 463 430 168 375 296 328 258 174 313 11 321 62 161 270 447 223 255 127 132 235 458 56 41 79 202 68 316 145 44 240 331 188 118 95 390 358 371 405 332 464 336 253 233 236 451 
TEST LEAKS 5 ARG:4 331 384 199 341 361 351 327 198 437 307 6 260 7 364 320 174 385 464 83 426 302 227 170 154 244 310 166 188 92 358 372 263 278 102 365 257 309 342 344 245 94 195 32 124 338 239 0 115 191 329 27 167 253 293 308 99 212 35 287 128 326 205 273 407 394 280 289 132 26 283 399 422 74 145 21 22 118 96 73 190 332 410 274 126 335 390 52 373 294 340 54 439 311 216 379 109 356 277 28 105 46 305 171 25 207 366 202 429 218 393 173 90 64 445 121 432 187 143 256 56 269 428 241 34 155 279 317 192 19 151 17 91 367 225 419 98 123 177 359 13 66 229 197 370 286 30 313 334 357 47 75 51 383 214 36 436 414 284 435 157 93 60 11 250 415 247 376 230 9 251 164 5 321 77 193 337 163 454 48 33 265 389 411 153 374 117 31 2 215 395 291 150 268 288 69 175 276 223 184 120 346 67 41 362 108 363 217 106 349 194 219 371 81 246 281 243 129 380 62 100 433 65 86 134 369 159 206 112 413 181 12 255 139 40 270 165 222 1 110 53 282 172 456 142 63 423 442 398 292 465 316 272 378 24 388 382 161 459 261 196 200 458 343 234 107 421 209 290 152 249 43 325 300 111 119 182 213 146 236 262 55 271 299 82 226 168 101 333 20 434 330 355 127 113 95 267 248 447 103 237 258 460 144 70 58 453 235 130 397 169 85 466 185 158 352 38 457 231 324 392 444 354 89 147 296 420 14 104 455 149 18 252 135 50 386 450 391 440 23 322 208 122 87 409 137 446 347 424 49 400 10 402 319 116 396 76 45 451 79 297 80 3 266 224 88 37 264 345 97 162 315 203 57 431 160 114 8 228 15 430 176 42 368 78 348 179 140 448 463 183 242 336 304 61 240 238 462 387 452 138 275 403 318 314 125 59 84 443 449 401 417 39 204 404 156 232 353 180 306 360 461 406 210 427 136 133 221 377 301 405 16 254 285 201 381 141 148 220 178 303 412 441 350 416 131 375 68 339 211 44 189 259 438 29 72 233 298 425 328 312 418 323 71 186 408 295 
TEST LEAKS 5 ARG:146 250 462 155 299 349 10 238 324 417 354 437 305 347 85 330 13 394 286 445 270 22 458 29 190 451 49 188 293 215 439 113 212 369 73 227 339 153 114 291 382 123 128 328 109 204 304 379 17 15 69 312 176 403 263 343 161 266 82 342 412 465 116 429 136 375 363 285 232 335 145 248 3 102 311 127 5 386 259 262 411 225 20 216 97 450 296 48 237 368 463 367 38 371 221 376 322 278 301 186 325 427 56 434 110 364 140 183 57 88 358 6 433 332 261 337 70 294 111 31 132 452 205 422 207 99 60 377 78 249 46 264 352 150 193 254 289 67 284 348 279 163 28 395 309 302 148 7 79 21 269 100 268 404 9 0 25 180 131 464 391 365 229 425 27 177 164 45 32 139 274 52 143 19 118 440 2 189 415 298 91 222 444 333 353 381 75 220 133 160 184 162 44 402 366 167 308 191 405 81 231 135 340 201 35 338 313 74 401 199 372 93 407 300 169 50 436 441 384 282 234 34 280 389 171 175 306 460 107 142 346 213 359 154 192 327 447 399 43 409 165 92 295 288 390 226 446 187 344 383 144 256 467 357 428 170 68 356 267 195 112 16 387 12 159 105 329 76 400 397 351 223 40 418 314 138 86 36 224 361 89 336 443 448 385 420 315 55 125 380 246 39 23 442 62 54 355 303 179 59 416 378 297 152 129 219 438 18 273 271 209 174 208 24 217 392 37 276 235 272 84 106 211 252 1 101 202 319 196 71 317 26 239 80 331 14 421 362 182 408 345 120 156 243 158 87 98 134 33 194 230 149 414 360 157 242 393 77 410 424 398 4 281 374 64 453 181 96 260 244 310 168 419 172 431 103 117 53 104 228 233 388 178 253 206 236 126 173 373 341 240 321 58 292 166 42 218 370 251 245 41 326 203 63 290 241 258 51 423 318 115 214 95 198 456 459 461 200 83 30 197 466 121 257 61 147 108 316 141 413 65 185 66 210 265 454 287 457 47 277 119 94 275 122 350 137 8 130 255 430 72 435 90 426 11 406 449 320 334 323 247 432 283 151 455 307 396 124 
TEST LEAKS 5 ARG:354 6 15 462 45 43 67 322 152 184 244 353 162 86 447 14 418 281 216 404 23 143 421 226 256 278 467 426 466 217 35 185 136 461 341 7 198 276 320 340 399 225 441 308 365 247 179 169 115 139 417 389 321 401 230 274 329 147 197 239 100 243 370 435 170 116 71 28 433 50 102 360 174 287 155 183 330 18 52 432 127 42 255 55 177 119 356 238 213 448 173 187 17 103 85 46 463 311 303 120 9 171 368 148 10 375 345 374 425 104 372 172 231 416 65 324 332 61 76 377 234 138 355 318 398 211 419 316 415 94 343 460 393 97 34 108 414 245 366 337 443 349 454 395 195 39 371 96 408 87 194 93 315 5 129 240 376 452 265 390 422 133 405 109 105 75 128 101 151 450 186 178 293 444 146 358 88 222 24 451 203 260 248 300 26 140 323 95 68 30 267 420 258 80 413 208 259 296 31 291 205 347 159 235 359 22 411 246 440 427 326 106 62 292 156 118 334 272 123 142 12 141 210 455 113 209 373 424 51 214 202 409 453 33 391 124 442 83 388 207 40 252 74 72 164 189 221 233 297 325 412 350 352 306 199 289 154 346 64 262 153 90 286 49 363 180 283 268 269 338 369 253 223 188 294 149 21 257 261 438 8 70 319 29 56 271 264 304 396 73 212 458 2 135 77 446 339 384 263 134 157 0 428 250 176 126 132 331 249 1 302 301 232 464 130 84 37 385 3 445 361 69 406 137 254 99 218 307 290 196 228 114 468 270 19 145 166 131 110 125 282 229 400 367 79 436 219 81 288 335 381 92 107 89 236 192 434 456 220 201 36 98 380 313 277 54 333 285 181 121 351 379 44 206 227 336 251 383 57 242 429 16 394 437 266 459 305 327 161 362 38 465 175 167 317 4 165 312 273 364 310 392 397 431 32 328 160 91 407 144 150 27 314 402 191 275 344 357 309 193 378 47 168 59 382 241 430 410 122 117 224 295 280 78 423 182 60 457 348 200 163 112 439 20 403 111 190 48 279 299 386 82 387 41 53 342 66 215 298 25 284 63 449 237 58 11 13 204 158 
TEST LEAKS 5 ARG:72 346 197 439 303 115 306 432 120 90 117 454 134 4 110 36 195 397 113 370 343 357 286 25 163 139 327 295 10 145 402 58 347 465 233 14 148 162 160 398 322 203 185 379 425 419 313 421 226 283 173 46 157 416 287 126 353 239 102 308 375 267 237 89 149 431 97 350 463 16 121 175 388 279 320 47 266 164 311 249 193 352 38 256 204 137 11 277 141 158 79 333 418 252 381 128 176 235 188 282 429 34 118 100 250 417 466 218 460 410 1 255 330 30 80 205 299 264 406 337 214 437 66 167 430 152 85 27 468 301 344 98 359 123 74 278 184 356 315 377 107 234 331 363 179 7 259 116 281 413 111 390 70 95 189 433 336 40 291 304 247 223 405 332 59 105 65 371 393 305 78 423 51 9 396 215 136 404 207 151 147 424 285 395 325 268 187 227 18 365 24 262 408 140 321 245 414 67 127 57 469 54 210 294 13 170 403 61 52 276 96 122 56 293 8 462 190 216 41 49 319 144 229 326 165 241 130 217 415 369 436 43 76 208 389 55 384 348 88 339 33 125 236 358 81 380 360 6 464 109 453 106 374 230 355 422 284 75 71 378 440 261 2 349 146 69 166 428 366 270 426 310 150 221 280 253 411 309 53 174 373 17 154 260 48 412 387 219 182 82 161 104 297 5 37 246 77 435 459 178 232 99 443 328 362 434 84 335 361 83 400 338 240 444 288 142 254 446 314 351 312 251 0 289 298 401 244 225 172 345 442 334 324 209 231 108 155 372 60 340 192 275 159 198 420 21 201 133 438 3 323 119 44 399 86 135 73 169 383 461 20 202 19 200 28 196 224 64 455 296 222 220 394 143 42 94 449 93 452 458 87 45 367 368 242 274 354 391 445 62 302 177 386 290 68 63 212 248 129 211 171 265 191 12 228 32 451 181 448 112 263 342 307 457 132 467 243 392 183 22 407 257 300 156 103 186 269 50 456 273 318 15 329 441 258 138 238 23 409 364 180 92 272 385 101 91 316 31 213 271 382 292 153 341 114 26 168 194 131 29 447 376 39 206 427 124 317 35 450 199 
TEST LEAKS 5 ARG:432 386 434 250 171 90 189 373 417 94 73 127 186 93 249 383 219 429 54 71 444 48 19 39 13 226 356 154 210 263 160 43 262 21 225 35 244 5 131 461 407 178 34 237 280 260 115 440 23 146 33 252 456 409 398 343 75 164 459 438 463 236 142 405 202 180 1 419 470 354 344 428 394 294 42 333 18 287 16 414 199 362 321 152 153 147 392 197 335 10 265 314 320 401 452 217 345 212 264 141 220 465 235 374 82 279 464 284 376 185 232 351 457 74 45 258 233 3 468 99 385 238 316 176 336 20 329 313 56 242 450 466 300 214 104 412 360 196 455 7 426 222 44 381 239 270 205 203 218 334 330 159 301 117 111 53 298 8 79 469 143 31 402 317 108 194 350 266 420 124 286 169 0 349 179 467 135 361 120 391 148 140 256 6 254 359 41 221 309 393 291 311 292 448 308 113 89 342 61 289 372 421 231 177 60 305 389 4 9 106 30 150 246 36 227 58 118 102 162 410 390 460 388 400 49 81 88 156 261 325 84 285 181 357 86 201 125 98 245 302 363 341 449 77 257 167 268 40 353 322 437 168 255 116 346 328 453 240 29 273 155 119 192 151 130 272 241 425 379 375 215 200 139 251 347 247 312 338 198 413 443 12 122 446 445 85 303 37 367 52 442 24 234 228 149 327 358 103 25 370 403 243 408 397 132 283 396 337 123 366 435 307 129 96 80 331 76 64 208 165 136 462 100 182 95 315 92 299 281 295 267 454 144 365 134 288 364 423 166 290 223 395 126 355 439 137 318 433 274 377 399 187 57 72 114 158 310 253 128 319 387 145 105 66 324 276 110 195 451 173 382 109 384 17 380 190 47 332 63 213 248 216 275 121 46 51 70 68 193 207 282 163 191 59 174 14 229 323 133 69 404 224 27 65 11 441 2 352 172 83 277 211 101 55 416 112 369 28 406 431 67 107 230 209 371 304 62 175 378 269 204 87 415 188 50 184 15 447 430 306 26 278 32 326 296 368 97 259 22 170 38 422 157 91 340 339 458 418 348 78 206 427 293 436 138 183 411 424 161 271 297 
TEST LEAKS 5 ARG:10 343 303 165 8 300 334 82 278 144 439 379 141 286 20 341 359 263 222 419 362 198 233 167 188 374 400 151 267 389 205 327 401 110 383 297 125 385 402 310 17 325 62 391 153 412 338 73 282 424 49 296 189 438 126 184 227 91 217 386 252 210 370 186 33 103 64 266 288 3 183 468 248 395 47 244 316 164 240 292 25 28 229 277 213 426 200 315 88 421 405 26 113 101 460 129 260 365 261 29 147 216 196 87 158 223 445 323 232 312 258 452 319 238 344 180 94 447 366 0 375 197 314 120 81 281 194 356 237 201 416 225 393 163 23 31 326 100 397 348 333 249 207 417 111 372 422 329 176 75 301 74 83 347 230 289 39 121 350 352 371 423 14 37 85 77 373 415 212 377 414 9 13 219 305 257 22 119 168 16 457 283 95 116 174 432 360 181 253 407 18 256 169 339 7 152 156 231 324 59 354 381 442 443 404 135 287 58 382 190 206 247 84 239 61 157 444 434 171 304 108 172 284 195 388 11 441 456 131 162 322 15 342 464 214 355 35 54 435 203 268 448 235 148 275 170 78 109 146 107 118 285 273 259 276 271 140 93 390 279 68 234 403 56 470 134 32 42 245 46 128 436 106 89 177 50 411 378 55 204 309 331 332 236 66 98 166 208 346 427 80 335 192 220 112 380 133 392 409 446 313 138 368 45 136 96 458 92 290 321 430 41 449 345 437 317 115 142 353 433 376 191 428 145 431 143 67 70 255 122 161 30 384 215 264 337 224 467 361 1 466 226 308 349 199 60 274 209 193 97 265 328 406 130 6 53 459 455 425 90 154 52 280 159 364 429 241 306 363 228 251 369 202 4 155 291 298 293 336 27 178 302 86 272 454 358 450 340 117 150 21 294 36 398 76 43 127 320 462 5 408 102 104 185 461 44 211 394 254 307 175 318 299 187 440 137 139 418 387 19 51 99 221 34 12 40 463 367 420 399 243 396 465 413 242 471 105 149 123 2 182 218 79 269 24 65 270 57 38 173 246 357 410 295 69 351 451 72 250 132 124 311 330 160 469 71 114 63 48 453 262 179 
TEST LEAKS 5 ARG:225 352 165 99 375 204 35 383 104 344 330 140 377 207 222 282 136 423 33 232 80 236 177 22 75 144 303 234 346 323 233 441 243 409 391 387 454 201 23 345 123 228 9 397 374 366 440 127 36 230 78 146 122 28 87 388 96 326 469 417 240 93 206 12 360 51 49 324 205 448 250 237 50 382 171 213 446 327 466 214 260 403 45 290 83 437 259 76 307 61 41 253 340 449 414 129 231 215 20 193 38 163 304 408 404 371 291 105 109 218 276 162 470 30 353 413 178 157 134 187 65 169 296 422 238 110 431 301 216 293 386 436 348 161 179 226 85 258 429 385 53 317 159 151 306 287 425 463 468 106 319 242 450 114 357 272 155 174 337 89 95 381 395 70 426 281 88 142 359 267 58 138 10 102 278 8 173 108 389 256 362 427 239 119 289 101 63 43 461 455 453 0 467 149 465 398 393 270 418 67 370 339 435 261 314 249 322 120 379 194 286 59 279 44 81 378 170 91 34 460 329 191 168 107 94 456 285 208 223 196 220 2 7 255 135 16 356 221 62 349 126 294 189 47 402 412 458 32 148 203 235 328 143 372 52 295 252 342 262 368 158 40 72 156 3 299 185 137 351 432 355 209 273 147 274 152 153 74 57 447 241 39 145 336 428 217 305 288 421 37 150 316 132 365 100 73 321 300 175 308 338 309 433 112 399 4 141 265 292 364 451 26 311 92 6 430 394 172 164 130 416 25 247 11 42 227 48 118 471 182 263 128 275 369 198 350 124 210 5 411 31 60 103 343 384 354 376 445 245 13 197 334 268 56 283 17 181 117 29 438 358 277 184 139 459 24 407 269 284 202 219 434 310 298 257 333 396 224 176 271 199 68 54 380 133 280 27 341 401 410 167 180 46 212 1 229 313 211 190 472 183 71 115 55 335 248 90 266 302 452 331 246 86 405 442 186 188 113 111 439 166 154 84 125 361 192 195 15 315 264 251 457 64 419 312 424 367 131 77 320 254 297 98 400 318 332 116 406 121 14 373 244 66 390 79 97 464 392 462 325 82 363 443 420 200 160 415 347 69 19 21 444 18 
TEST LEAKS 5 ARG:420 299 455 243 65 279 58 286 431 399 225 20 184 316 382 342 255 86 312 298 174 394 348 170 154 287 441 227 467 256 373 345 262 177 246 419 218 13 453 267 32 308 324 4 321 138 14 454 284 57 327 395 330 145 259 471 106 110 323 37 173 137 2 450 201 322 77 427 268 193 61 79 30 209 64 340 181 415 45 325 319 139 422 19 94 113 363 129 54 364 134 8 405 341 196 360 301 240 112 152 76 356 428 397 403 140 292 216 89 0 307 150 320 149 33 90 391 245 34 458 224 473 189 12 91 386 166 365 339 11 38 412 464 285 178 192 44 146 88 128 116 445 385 72 187 142 185 332 261 95 114 343 190 315 214 87 444 85 294 28 159 263 376 147 206 52 297 371 408 23 80 361 68 126 351 396 107 352 213 127 398 309 221 103 222 468 244 183 117 288 120 389 131 119 125 40 194 24 123 434 466 295 50 71 283 275 304 176 198 300 277 97 407 311 378 401 211 278 387 257 425 381 409 359 331 59 457 318 448 143 242 353 122 234 252 49 281 220 269 236 414 100 167 417 413 46 449 239 22 35 31 384 280 326 200 274 335 436 266 383 42 260 272 313 447 374 63 160 302 43 115 197 135 25 104 452 362 172 118 232 296 21 165 179 406 258 451 423 217 171 29 162 305 369 81 437 306 424 102 161 250 291 334 83 17 355 180 247 111 435 182 10 421 15 202 459 290 155 469 212 379 164 98 96 3 188 55 410 418 231 130 440 251 377 82 157 289 70 158 317 390 372 133 62 462 151 375 463 370 393 27 400 1 442 5 47 60 367 404 215 226 186 7 249 432 93 271 438 344 73 169 124 472 368 26 337 230 293 358 153 41 333 207 426 223 9 338 270 233 465 439 237 148 336 329 282 163 36 105 411 349 443 101 203 273 241 175 228 6 347 121 205 350 354 141 109 191 195 136 380 470 238 18 229 204 254 208 433 210 219 328 314 402 132 456 74 199 253 366 48 276 75 78 357 66 310 265 16 156 67 346 144 99 388 416 264 392 84 39 53 429 430 235 51 92 108 248 69 460 303 461 168 446 56 
TEST LEAKS 5 ARG:103 66 198 145 102 24 163 154 215 132 412 289 334 148 70 173 306 77 83 89 302 331 275 335 271 189 291 35 252 188 78 308 342 468 232 119 175 76 63 129 246 141 53 454 430 428 109 20 122 277 264 126 171 399 267 162 358 231 348 86 92 330 74 339 411 328 286 101 346 190 458 58 94 142 7 471 345 386 253 134 29 337 470 90 461 300 280 312 69 130 239 316 118 473 178 49 40 323 120 453 438 51 237 165 474 382 423 241 439 459 309 422 387 408 158 157 107 370 284 185 155 46 128 268 363 343 258 136 405 82 248 32 228 30 365 333 137 184 310 352 238 261 3 390 349 270 209 221 247 233 222 230 320 177 50 426 143 9 290 179 240 68 181 417 353 153 266 245 262 357 464 186 100 420 219 402 259 31 200 338 297 71 307 292 34 354 244 12 151 466 437 105 256 43 114 116 385 17 61 276 224 375 113 436 460 383 361 81 351 456 364 315 55 407 169 96 87 6 355 38 435 469 180 152 321 442 377 149 373 67 427 97 60 254 217 413 57 196 243 404 150 211 208 279 299 131 367 260 294 79 104 368 332 265 446 319 282 325 73 203 449 225 168 396 409 133 401 369 445 235 285 433 8 144 223 234 112 172 139 295 329 64 182 313 281 356 37 278 400 336 10 210 193 450 65 415 159 195 226 227 414 444 440 283 98 305 84 59 19 327 388 326 431 15 167 26 317 255 274 425 23 344 288 41 419 249 108 397 62 251 207 110 318 424 14 99 218 48 170 304 164 455 5 406 257 1 56 22 347 125 28 216 372 447 183 18 229 287 371 434 374 378 146 457 376 391 140 293 452 191 123 72 36 115 95 462 418 432 463 4 202 429 85 296 197 341 360 187 121 410 111 192 212 394 362 380 117 93 147 213 214 127 160 13 298 174 421 301 44 441 384 366 16 340 395 0 25 194 263 403 33 124 379 269 205 443 311 272 156 322 54 39 359 314 45 250 467 392 398 393 242 206 47 161 166 80 2 324 220 42 106 91 448 199 88 381 236 451 75 416 465 176 138 11 303 472 389 204 21 201 27 273 350 135 52 
TEST LEAKS 5 ARG:326 396 236 333 35 27 323 239 140 214 469 229 201 288 148 403 327 71 111 331 342 277 415 248 311 421 448 183 287 137 28 130 190 116 442 416 408 423 249 352 46 87 425 346 394 383 205 195 20 261 197 211 128 301 188 178 260 113 168 31 219 122 74 389 227 191 390 393 365 98 79 440 465 467 262 417 466 283 321 223 357 182 291 270 216 125 294 281 349 279 375 164 305 430 0 243 29 114 289 6 385 77 131 82 99 399 347 386 335 328 266 237 80 142 303 322 275 364 2 218 318 359 402 187 242 358 132 259 49 284 8 449 45 313 24 200 315 14 41 474 150 226 50 241 436 422 246 96 88 428 317 167 384 66 107 351 392 445 300 413 151 215 401 410 174 366 256 434 54 438 304 274 397 387 360 426 204 240 90 4 310 340 51 470 267 42 121 258 395 471 85 181 447 273 84 245 193 272 460 464 381 58 100 185 139 177 92 25 220 119 251 189 244 380 337 462 120 161 73 452 57 15 186 339 388 166 22 278 298 11 424 290 348 451 432 427 13 350 118 463 155 149 136 264 126 225 171 363 133 180 320 308 21 176 138 443 316 16 221 230 338 83 345 81 354 376 157 379 293 101 265 213 297 104 194 453 468 203 33 228 43 250 209 382 368 268 222 48 391 63 38 39 325 217 69 52 373 329 302 398 106 285 455 257 441 196 253 286 459 232 153 127 212 59 458 145 192 238 135 36 78 370 70 152 34 419 123 372 450 208 362 473 355 109 420 1 231 344 367 307 406 26 62 336 198 18 271 206 439 61 44 309 156 404 30 254 72 461 282 224 418 454 112 165 12 210 341 356 263 269 299 103 5 429 472 407 53 10 456 141 124 202 95 162 75 65 175 199 435 94 3 184 343 86 312 115 319 280 233 64 411 37 324 76 412 234 154 129 377 68 97 158 89 444 361 353 173 207 144 56 332 91 108 160 23 55 475 19 433 172 170 414 105 146 378 117 47 134 400 314 60 334 276 247 306 102 235 9 32 252 457 169 147 437 295 143 405 255 292 369 93 371 296 110 163 67 17 446 330 7 431 409 159 179 40 374 
TEST LEAKS 5 ARG:429 395 196 425 320 172 240 176 439 215 47 16 219 278 467 469 335 339 301 318 287 15 405 222 98 153 406 41 312 303 331 449 75 334 321 142 60 203 317 432 126 387 4 472 78 263 244 5 189 291 229 68 117 410 413 88 297 74 83 118 386 383 157 352 260 85 90 21 231 93 463 100 306 27 444 135 256 307 464 96 23 221 349 200 6 243 388 447 140 385 97 104 76 448 77 26 350 428 248 20 390 319 36 57 459 288 91 56 245 210 39 61 421 209 313 268 426 427 375 336 191 129 377 70 52 123 347 257 465 204 374 12 299 214 59 228 223 50 173 103 11 351 131 38 84 115 397 42 357 116 141 382 239 226 380 2 258 251 404 110 454 69 254 434 474 373 279 340 384 294 290 132 121 7 28 359 367 64 151 130 234 10 327 87 273 13 342 379 145 8 67 473 396 37 194 289 193 285 9 431 79 182 356 22 424 147 164 298 46 476 241 417 58 438 232 363 381 310 274 107 269 1 32 280 394 62 376 433 322 295 369 255 270 127 174 276 457 212 338 393 181 392 252 133 324 170 124 169 80 272 199 246 371 366 166 49 275 362 40 30 187 455 99 446 143 242 368 224 443 159 355 460 462 353 55 82 250 450 233 407 171 420 456 468 216 267 337 370 72 247 325 63 253 354 411 202 332 148 190 441 102 475 283 419 264 149 265 186 343 144 461 328 18 361 114 316 422 277 14 400 205 158 29 34 440 286 163 33 152 304 309 300 442 358 17 155 139 201 365 235 154 175 416 94 179 208 177 315 167 3 378 162 0 168 161 92 296 95 53 401 119 86 24 453 188 249 227 66 341 65 230 323 225 150 113 109 106 391 184 329 180 308 430 302 372 81 89 220 137 51 111 293 237 445 45 146 198 326 134 160 344 408 136 73 195 178 271 211 403 284 436 261 266 330 108 192 54 314 165 71 281 415 466 25 120 414 389 183 218 435 360 458 259 185 44 138 125 311 112 206 262 409 236 105 348 282 238 398 156 197 423 213 452 128 333 399 35 19 207 31 471 345 402 451 292 305 346 101 122 437 418 364 470 217 48 43 412 
TEST LEAKS 5 ARG:110 425 76 98 321 86 119 95 273 403 218 268 125 341 366 231 342 442 256 77 47 462 326 329 150 327 66 133 396 299 408 45 105 308 54 200 428 138 284 161 432 109 246 351 137 298 91 130 238 61 139 410 55 393 333 233 466 250 68 431 127 294 401 50 270 439 189 92 395 290 123 304 180 371 336 471 286 154 386 36 322 132 151 99 176 163 421 365 310 69 241 225 11 320 389 155 251 346 313 79 301 38 94 305 115 324 307 360 172 190 398 26 244 456 235 243 237 339 399 156 311 208 280 248 116 232 7 182 274 162 53 171 363 245 362 470 129 230 166 292 390 348 315 373 204 464 212 93 465 433 350 436 406 44 169 6 32 83 5 227 178 323 52 157 191 418 338 15 402 108 372 19 167 120 455 379 104 31 213 242 265 100 184 63 359 426 145 134 152 253 477 277 228 296 252 475 71 409 34 407 229 103 374 438 89 149 221 474 316 269 344 196 419 318 279 59 113 355 272 300 37 453 21 258 415 58 353 10 67 220 400 262 48 135 473 195 303 35 121 215 24 187 354 33 469 22 56 28 9 370 476 173 319 291 216 188 181 141 210 447 437 458 276 440 234 207 424 65 153 97 435 287 254 468 375 275 90 271 30 335 383 87 349 85 325 226 356 17 352 459 192 23 423 378 49 117 206 3 463 4 312 388 472 70 454 224 194 186 239 430 2 118 73 39 283 46 460 41 452 81 260 404 101 219 143 203 112 257 450 411 205 148 147 420 170 42 25 278 247 369 107 64 328 43 159 126 175 57 122 78 179 223 377 20 266 165 197 382 144 289 27 427 449 443 72 60 102 240 146 361 16 392 384 255 217 51 302 74 414 264 357 193 295 288 381 332 261 177 391 136 445 285 467 259 347 314 13 267 211 376 345 416 202 106 199 343 434 317 164 334 62 422 380 364 387 412 142 413 40 461 75 394 448 29 158 330 96 306 331 201 209 263 446 214 0 168 282 185 249 128 183 340 368 441 12 385 358 82 84 18 429 457 80 8 236 309 114 337 444 293 198 140 111 222 124 160 131 451 174 88 281 405 367 417 1 297 397 14 
TEST LEAKS 5 ARG:413 408 158 204 237 182 327 27 474 270 230 82 307 201 403 11 469 321 245 323 24 400 221 356 134 284 174 277 289 330 172 181 420 184 439 214 442 295 10 428 341 369 129 476 218 216 55 254 47 3 345 48 450 42 19 332 443 288 162 377 1 367 99 37 278 76 441 365 317 69 123 49 31 59 131 217 195 58 95 472 292 287 4 145 352 393 313 98 394 107 211 290 97 256 130 409 407 122 378 213 124 452 26 212 457 302 383 74 238 468 389 386 316 274 406 373 152 436 105 135 128 385 308 318 224 140 56 90 44 470 311 453 112 299 16 125 418 467 272 6 117 475 267 430 304 50 309 463 336 466 372 405 314 465 101 421 163 449 92 342 43 445 86 397 175 183 376 137 120 103 427 262 89 451 73 229 419 84 416 115 431 171 414 464 347 225 167 335 275 210 260 180 334 81 233 328 426 359 61 9 39 264 77 66 153 350 46 362 22 333 293 38 207 257 206 477 248 93 354 156 231 121 198 178 2 243 402 142 133 18 384 36 306 324 65 7 374 329 455 331 259 458 205 33 281 219 279 273 337 454 395 379 30 194 382 15 64 187 247 371 118 75 83 91 423 276 235 25 223 396 381 14 297 155 473 160 154 21 68 111 363 268 266 286 246 432 399 100 265 415 434 471 136 370 196 149 391 437 280 429 291 94 387 35 459 173 460 53 203 461 34 139 41 102 312 424 271 446 186 346 116 462 80 220 375 164 236 357 185 190 478 417 251 165 249 159 177 360 148 79 85 283 448 380 232 422 70 88 72 200 13 261 151 67 410 144 23 340 361 0 253 366 143 440 5 192 398 29 349 392 54 189 343 353 45 161 108 351 320 305 447 191 197 425 57 269 60 355 138 344 456 250 20 104 444 438 109 28 240 215 12 222 176 62 40 114 326 412 234 78 325 188 285 241 368 226 301 141 87 411 157 169 106 126 52 17 364 255 294 338 339 242 263 179 150 71 168 348 228 358 96 433 208 110 252 127 147 202 300 310 113 146 244 119 51 298 319 315 8 209 239 32 258 170 401 132 63 282 435 303 404 390 166 199 296 388 227 322 193 
TEST LEAKS 5 ARG:412 174 169 213 362 423 203 29 357 281 414 327 324 436 236 47 78 391 342 395 185 56 59 355 181 87 143 307 270 159 64 454 104 196 75 179 0 97 120 4 245 422 463 50 283 465 458 229 413 273 66 42 450 98 251 25 328 85 3 238 41 402 415 96 360 77 334 99 474 21 390 86 131 447 261 368 274 406 157 186 166 453 132 325 20 73 69 420 108 38 452 379 10 2 435 106 470 244 233 309 72 266 282 12 344 212 134 112 49 48 182 433 162 35 367 165 248 469 110 217 82 397 457 189 178 74 105 147 46 345 401 311 115 430 214 61 257 227 7 128 278 218 68 316 209 313 83 215 301 107 288 171 335 293 302 249 426 411 439 440 19 129 437 305 161 84 449 36 350 207 177 154 298 467 210 451 153 58 416 126 276 303 145 398 230 329 172 339 262 280 322 347 76 211 286 381 127 168 369 14 382 372 51 287 119 429 118 331 371 424 461 188 37 265 353 121 53 477 250 421 199 146 81 417 33 253 252 40 385 65 389 192 141 387 314 405 54 407 125 240 260 442 117 272 173 456 130 234 408 445 292 312 376 180 94 26 318 359 351 224 332 479 476 57 205 228 279 459 124 284 267 254 308 317 394 175 93 190 55 44 30 319 419 473 338 294 306 428 399 140 191 295 455 102 152 95 6 271 71 384 315 23 15 348 221 300 89 358 176 24 60 464 462 43 34 225 114 11 5 237 18 116 79 219 195 160 70 343 27 80 31 197 216 183 9 380 103 432 206 374 22 156 410 149 202 122 354 90 243 388 341 39 337 320 135 349 434 466 62 340 164 28 460 247 193 235 352 226 142 444 170 13 133 326 232 299 427 88 296 8 123 361 167 136 150 139 378 269 63 333 16 290 163 263 370 111 364 366 386 148 472 184 336 425 289 151 277 403 404 418 478 323 373 113 100 297 231 109 246 259 291 137 396 264 1 204 194 220 392 256 365 471 158 242 377 223 438 363 321 144 443 101 45 67 400 409 468 208 138 32 275 346 268 475 441 446 200 155 393 222 187 91 241 448 383 356 92 198 304 258 431 201 330 17 285 255 239 52 375 310 
TEST LEAKS 5 ARG:376 107 120 76 407 417 471 222 105 20 473 129 81 90 404 461 283 208 241 257 93 181 6 37 378 23 442 104 214 97 163 185 308 25 301 103 31 293 188 399 432 194 142 341 70 111 0 74 127 268 477 36 370 474 331 146 17 152 350 345 410 369 56 444 281 24 94 411 3 252 390 388 112 45 40 242 363 96 287 78 206 22 10 172 11 422 186 255 439 212 54 233 220 310 379 207 91 423 452 414 316 156 348 126 143 43 51 215 38 312 326 95 19 170 229 329 175 209 351 182 290 401 211 135 106 324 413 447 288 7 269 389 192 405 347 260 251 319 460 32 248 354 58 118 227 117 210 480 239 140 408 463 125 187 466 406 476 343 203 119 102 275 315 52 199 49 415 158 427 226 321 299 147 454 67 271 30 244 259 28 190 295 400 420 398 240 357 101 100 201 451 358 309 154 367 184 83 246 149 113 441 109 286 468 349 164 456 73 307 33 323 455 371 110 236 48 60 217 475 153 79 131 34 302 249 276 361 128 298 86 416 84 270 263 464 440 88 247 469 322 434 136 26 245 261 431 150 303 372 231 237 296 224 139 202 228 80 284 448 124 353 82 99 141 294 340 77 397 61 359 216 300 35 221 377 130 479 385 306 122 364 64 63 47 311 292 289 232 179 425 1 365 234 165 396 335 267 320 85 121 189 123 89 277 305 9 183 178 362 264 282 374 4 15 279 235 204 337 325 200 272 116 62 470 169 419 27 53 467 381 336 166 55 450 168 59 75 472 285 380 65 243 191 42 134 332 174 16 478 57 373 223 342 41 449 384 114 274 132 314 258 429 108 160 157 386 14 465 437 18 253 346 21 266 433 195 458 457 428 193 375 29 5 339 225 162 238 291 443 352 435 230 334 328 403 144 280 462 387 262 133 317 297 159 256 265 66 167 180 71 394 145 250 355 313 196 368 115 327 446 254 395 383 137 445 173 318 46 177 391 438 205 13 330 333 8 409 436 402 138 382 176 44 304 98 219 459 424 161 2 418 278 69 155 344 12 426 92 218 68 151 453 72 197 198 273 421 87 366 39 356 171 148 393 338 392 213 430 360 50 412 
TEST LEAKS 5 ARG:387 413 7 441 144 281 136 132 157 192 299 207 151 213 48 166 137 134 85 216 25 371 286 255 67 446 325 463 480 97 320 4 481 49 42 451 313 139 115 23 267 322 476 121 386 104 200 113 472 93 172 407 100 414 343 331 241 154 163 272 10 60 117 370 204 227 30 71 28 389 220 36 185 288 88 169 303 376 332 239 9 0 146 469 377 54 119 27 312 35 350 222 289 147 253 470 86 296 164 259 444 260 351 231 209 436 460 208 123 2 435 358 395 94 107 225 383 221 126 53 159 205 388 101 32 397 186 465 80 125 142 335 177 353 411 12 437 18 31 443 341 70 344 360 68 149 258 378 106 461 309 251 375 306 190 238 105 415 318 224 368 95 189 359 330 369 450 426 11 452 409 262 333 140 471 392 131 339 63 39 3 148 364 206 87 83 430 165 8 473 179 459 127 384 167 300 230 55 197 103 72 393 112 215 474 181 287 226 145 367 458 261 329 34 398 440 342 202 249 74 380 46 118 76 315 294 283 385 403 201 247 439 108 153 424 454 428 448 58 391 457 243 355 51 62 334 82 373 196 301 156 162 418 327 273 90 316 400 248 21 308 17 317 1 173 14 155 263 257 477 16 158 346 20 210 433 99 5 65 130 43 198 338 52 188 235 237 305 234 336 176 479 449 98 217 345 240 218 236 194 265 133 374 81 277 352 57 361 357 298 116 295 79 245 203 150 50 427 135 404 38 394 402 271 91 6 191 354 363 408 282 421 416 228 410 111 453 349 171 304 268 15 84 276 290 45 110 193 381 321 379 348 362 77 382 29 434 182 143 275 269 438 311 462 124 412 69 399 285 372 59 109 256 365 122 161 187 138 13 120 92 292 264 307 340 405 455 431 442 175 266 199 475 250 212 246 75 425 314 160 78 466 211 180 229 347 40 114 423 337 33 219 297 252 170 420 279 467 432 422 293 468 64 19 129 89 270 96 401 73 326 128 66 406 184 44 417 242 244 319 274 278 178 390 24 464 223 232 26 324 302 22 445 419 56 47 37 447 323 356 396 61 284 310 291 195 456 152 478 174 141 233 41 280 429 168 102 328 254 366 183 214 
TEST LEAKS 5 ARG:6 127 170 419 308 353 448 404 352 109 246 182 321 139 101 69 371 273 176 354 460 95 433 145 216 416 219 203 323 430 78 405 305 177 310 116 93 154 278 163 162 440 414 311 96 361 142 259 159 228 247 12 66 469 237 113 124 212 280 331 465 238 239 79 211 333 319 445 377 439 283 467 44 214 342 98 60 155 181 119 48 390 306 271 165 230 36 54 106 326 402 248 140 166 183 355 369 478 33 132 320 104 372 80 381 72 85 425 294 277 270 343 5 368 325 424 187 332 206 253 450 220 262 53 185 89 144 275 32 472 138 338 99 400 459 443 70 218 128 457 86 473 340 479 22 126 356 67 210 291 38 304 337 447 284 286 19 180 16 188 435 453 65 97 387 55 186 474 11 0 406 62 298 40 84 393 193 56 103 100 480 266 88 28 451 171 217 215 226 349 46 392 108 276 175 107 251 225 267 110 315 274 207 209 205 223 444 299 222 243 52 208 290 232 442 359 231 300 346 314 189 81 428 24 58 302 363 199 282 471 242 240 63 417 224 112 334 149 74 362 375 13 164 258 296 233 357 418 9 102 77 429 292 328 152 194 153 158 26 160 190 143 82 388 365 330 468 476 68 455 7 35 201 111 256 470 76 303 268 244 31 394 137 20 426 312 281 134 14 47 351 91 411 261 73 87 114 344 389 59 130 229 147 71 30 374 254 395 234 90 438 2 437 422 133 200 336 380 151 482 236 409 197 202 412 57 75 1 263 449 466 376 413 157 301 178 458 436 94 25 427 398 477 464 173 383 401 50 198 287 161 136 379 432 423 49 146 131 156 123 420 29 141 297 329 318 462 463 3 241 83 61 257 265 327 279 382 403 454 309 264 347 289 252 45 23 105 415 421 34 15 364 475 441 17 148 249 386 250 272 184 204 21 317 255 431 345 43 269 169 373 408 118 179 335 397 407 446 461 4 37 227 192 10 391 195 42 27 324 174 316 191 350 322 295 196 456 122 39 367 92 121 115 213 434 370 51 385 260 129 150 366 125 285 18 341 481 313 135 117 339 41 399 358 245 293 452 235 307 168 396 288 360 348 8 221 172 64 120 378 384 410 167 
TEST LEAKS 5 ARG:250 191 440 475 171 73 45 399 366 326 481 121 84 381 196 179 69 110 106 417 443 229 308 248 96 189 462 184 53 401 162 237 232 251 335 78 166 120 194 93 355 231 278 370 328 132 483 275 315 314 149 46 298 55 125 302 172 181 211 13 254 91 19 453 281 74 297 123 114 307 241 269 66 259 245 133 393 240 214 235 128 117 226 339 71 180 26 153 422 67 404 44 20 300 186 389 291 253 454 190 346 369 31 337 277 408 390 433 384 60 257 215 204 39 478 38 37 396 85 80 316 377 289 15 318 439 293 247 201 434 159 420 363 12 379 17 450 456 2 446 65 442 41 1 90 9 320 299 348 10 7 295 336 425 105 62 218 236 94 403 285 466 388 198 329 223 463 334 163 174 317 477 143 282 455 59 89 284 431 104 465 319 441 98 28 177 54 219 448 25 427 82 51 351 175 164 264 63 225 5 261 168 267 131 426 29 108 173 304 469 432 371 294 3 421 141 138 202 216 305 192 419 111 136 8 238 418 325 27 400 115 476 150 470 310 199 480 52 327 412 452 107 429 165 161 35 353 207 256 135 142 482 331 99 205 146 87 290 101 160 276 436 301 239 430 92 283 88 387 33 311 21 11 360 292 397 361 126 391 83 43 473 224 122 354 152 188 183 273 286 252 151 130 148 303 398 185 263 42 364 428 461 407 228 357 268 411 14 109 144 193 58 156 464 359 249 118 102 416 213 147 413 444 75 375 234 197 203 322 338 22 479 394 266 32 467 49 471 262 287 154 457 342 313 56 330 170 0 222 460 137 378 97 265 134 280 367 158 352 230 423 296 445 468 212 81 61 451 129 356 374 68 24 270 70 312 447 210 424 406 48 103 383 18 321 435 176 208 116 345 309 368 365 402 272 386 376 16 187 438 167 72 195 209 217 76 36 347 34 77 200 40 459 324 373 349 79 206 227 127 30 405 246 410 178 145 182 343 155 362 95 113 395 372 140 64 274 340 414 415 100 344 50 358 323 47 341 350 271 220 392 157 382 57 124 260 385 409 221 437 332 243 242 306 472 458 4 23 333 255 279 112 258 244 449 169 139 86 119 288 380 6 233 474 
TEST LEAKS 5 ARG:24 180 265 50 470 282 396 8 429 194 369 4 199 423 250 441 85 263 249 415 356 160 174 344 148 385 122 139 310 354 289 197 20 312 107 355 114 286 347 138 195 337 78 134 292 127 303 435 47 220 375 475 98 207 136 257 15 27 101 447 132 177 277 418 358 71 261 239 163 100 424 414 314 236 81 322 188 61 247 75 343 67 146 117 269 48 210 89 52 384 33 307 161 336 390 30 464 223 472 59 425 76 389 18 159 11 372 305 16 102 438 46 26 168 316 412 191 309 421 175 51 366 230 38 379 7 294 17 158 382 259 419 449 234 473 65 411 267 135 432 140 70 253 53 208 270 416 95 338 84 271 106 74 34 227 9 164 445 335 387 72 332 86 124 242 482 431 201 371 461 49 185 115 143 133 325 275 452 321 224 405 39 83 178 41 118 128 301 45 350 105 218 349 362 141 439 37 221 380 328 345 451 237 167 186 226 119 99 406 313 256 88 204 14 278 123 116 162 428 401 426 213 176 142 110 149 352 462 450 296 222 448 203 471 365 137 339 183 433 182 211 157 5 287 442 44 156 329 399 248 444 96 225 246 62 315 77 274 189 6 469 403 333 293 103 151 268 63 353 276 484 25 29 440 181 251 262 205 244 400 260 437 192 359 19 147 284 308 217 58 283 245 409 255 383 172 279 206 422 171 35 254 165 377 111 420 36 82 64 57 112 457 430 330 68 243 108 272 302 60 367 467 153 388 179 361 219 150 463 478 56 298 342 434 443 297 80 240 378 483 125 480 290 93 410 232 320 370 238 42 170 324 121 392 79 28 155 21 395 360 455 184 304 145 323 454 453 357 346 468 215 109 317 129 460 264 231 104 458 291 466 373 417 120 241 266 55 130 376 113 331 1 190 152 479 212 393 233 0 202 216 474 73 12 229 351 214 280 281 327 97 2 386 228 413 348 311 10 91 364 235 397 23 341 90 481 69 319 476 391 436 54 66 427 368 22 166 408 252 363 193 318 446 92 285 402 465 300 31 187 169 198 154 299 87 13 477 381 459 94 326 306 398 3 258 288 200 374 334 394 126 40 144 407 456 404 43 295 32 273 131 209 340 196 173 
TEST LEAKS 5 ARG:265 380 25 483 473 179 154 255 36 107 183 314 325 345 399 138 241 206 199 453 66 414 417 251 449 89 159 274 377 431 323 243 224 397 37 214 361 268 31 359 433 15 2 115 435 269 93 95 320 44 469 46 110 16 378 230 454 27 178 128 10 363 322 462 321 339 236 245 402 177 170 228 181 365 282 338 7 86 191 391 75 193 324 105 331 234 119 237 297 72 253 133 85 419 434 355 221 463 342 240 420 163 157 129 207 186 452 254 121 426 386 140 427 273 292 211 261 213 381 281 353 17 229 219 6 350 385 176 354 277 135 35 18 327 303 394 246 305 155 173 319 464 351 366 84 406 3 76 216 231 19 217 175 340 317 368 233 205 144 287 393 468 21 203 98 5 81 445 215 112 184 99 476 92 139 32 55 136 272 59 190 318 24 422 344 401 124 100 239 34 374 425 348 43 296 126 131 484 459 280 198 283 97 290 259 358 82 472 101 429 276 194 212 20 71 395 223 29 67 143 70 74 367 294 258 200 403 150 202 479 195 53 210 182 379 28 284 418 467 330 310 244 149 289 270 142 45 22 376 485 263 316 197 152 54 38 147 166 225 48 69 111 65 58 42 56 118 337 172 456 387 441 474 370 87 306 249 151 421 106 40 400 167 450 312 174 304 168 347 180 439 238 307 465 120 457 104 329 61 404 383 447 356 83 160 436 262 392 164 14 196 39 311 165 185 209 90 443 247 264 145 360 460 382 188 192 103 102 308 390 169 470 477 451 114 162 298 332 335 148 352 78 204 416 232 189 328 50 187 109 108 137 413 471 122 141 384 77 302 227 252 96 208 315 226 161 373 430 346 79 411 153 432 130 156 475 242 285 134 423 371 271 410 60 11 8 116 52 235 266 26 41 218 12 396 127 275 117 458 461 481 341 288 64 407 267 222 343 125 437 94 220 248 369 80 388 57 62 47 286 300 301 398 73 9 349 412 257 299 309 428 63 1 279 291 91 446 336 440 0 372 364 158 478 171 30 132 409 123 293 260 250 375 68 389 444 313 357 49 88 256 278 408 362 295 466 113 442 51 480 33 424 326 455 201 333 482 13 438 405 448 415 4 146 334 23 
TEST LEAKS 5 ARG:382 246 399 371 197 124 233 357 112 120 72 281 162 356 278 138 26 455 37 395 377 375 98 374 299 32 456 435 380 306 115 433 136 406 478 390 400 450 105 223 262 383 323 472 304 313 35 329 231 1 196 444 79 60 470 445 67 464 146 266 133 469 11 405 222 474 74 92 108 394 159 317 312 132 318 4 50 194 5 302 286 219 232 150 56 366 188 89 110 69 420 168 295 325 99 392 436 38 199 160 442 256 315 284 384 45 82 479 220 427 425 480 111 52 221 476 170 15 351 275 23 350 39 167 462 121 372 131 475 268 149 409 467 437 164 245 122 12 238 385 125 486 353 310 201 14 47 273 338 296 345 189 397 242 430 96 140 370 432 254 402 331 116 431 458 214 187 404 203 139 63 77 217 276 172 179 107 265 0 161 215 411 211 311 30 369 285 471 207 109 202 49 54 237 44 408 460 429 434 454 90 28 236 319 42 195 463 40 43 171 128 309 303 249 137 376 51 359 422 308 218 250 416 354 314 192 153 95 419 269 24 485 17 18 36 272 19 6 182 29 103 58 367 100 473 293 174 166 88 403 241 154 401 73 151 336 83 290 253 341 368 301 342 114 91 387 261 78 13 191 165 349 225 441 10 321 451 41 127 169 210 423 327 484 263 453 75 413 155 143 443 55 267 291 126 65 412 468 398 145 224 482 270 158 271 481 7 324 289 163 226 381 264 234 94 86 483 465 61 185 244 260 34 352 175 227 22 396 477 426 3 147 48 198 70 106 251 343 428 282 31 292 332 316 418 358 364 328 360 320 414 334 141 257 228 333 337 239 119 16 439 361 204 459 283 449 87 461 81 85 148 142 446 346 53 25 362 101 347 298 287 68 365 243 206 438 2 46 66 184 59 363 93 193 64 212 176 123 57 274 466 247 457 407 183 230 186 240 389 391 71 80 180 326 97 259 344 208 340 417 104 144 288 452 330 157 135 130 200 339 447 33 421 448 373 213 156 178 205 117 424 8 21 355 181 229 386 76 379 440 27 297 294 84 9 415 118 410 388 152 335 129 255 209 300 62 305 248 102 279 280 393 348 216 113 20 177 307 277 235 252 322 190 258 173 134 378 
TEST LEAKS 5 ARG:48 368 391 254 313 298 484 125 321 357 280 203 435 87 72 235 430 295 76 25 261 401 457 41 290 78 405 393 166 452 88 485 84 267 400 95 187 397 420 106 408 183 356 17 172 58 328 444 487 330 422 108 4 209 416 188 154 465 301 394 165 486 99 335 169 90 281 286 247 147 271 227 348 149 57 364 145 168 121 278 128 367 285 12 284 54 380 97 425 96 383 349 19 224 311 320 171 409 372 207 204 232 440 415 112 476 362 358 354 344 93 178 374 437 296 480 200 158 79 46 279 175 225 288 438 365 120 469 14 275 113 52 424 443 331 332 94 326 92 75 133 307 316 407 37 191 28 257 67 43 338 461 323 389 411 347 334 291 1 304 428 360 62 195 219 44 53 236 418 146 181 246 387 282 381 102 421 468 382 211 127 273 292 68 228 244 277 464 388 136 71 159 83 65 309 193 324 300 129 144 350 26 471 398 156 470 13 483 442 264 369 259 248 396 180 361 355 432 210 126 451 7 384 403 50 220 119 481 59 36 138 124 2 20 242 56 110 473 222 134 21 433 184 322 42 174 29 196 377 35 336 459 115 305 272 325 34 186 155 10 289 245 11 239 194 189 32 122 263 477 352 343 0 111 223 455 329 49 426 201 450 33 142 251 317 370 375 39 293 107 390 150 385 371 252 345 69 410 243 238 5 205 341 456 66 373 366 135 479 233 434 262 303 8 9 276 256 30 475 337 6 423 240 104 266 105 132 472 101 137 466 353 314 429 448 231 38 182 27 249 406 163 161 463 447 77 230 318 379 414 250 436 197 392 18 308 265 179 413 22 255 170 55 319 23 439 131 458 258 86 376 283 363 80 81 449 139 45 453 399 339 445 61 395 208 116 412 51 460 269 192 213 24 212 315 47 152 40 64 215 312 342 177 162 117 402 176 141 89 294 404 118 234 85 73 91 310 386 3 153 268 31 446 306 454 351 419 109 164 202 346 190 151 260 359 441 103 82 378 467 253 148 229 123 474 74 287 130 16 216 143 237 340 198 478 482 140 297 241 206 167 299 173 427 15 221 333 217 98 417 199 185 114 160 327 63 157 70 270 302 100 218 214 274 462 226 431 60 
TEST LEAKS 5 ARG:176 101 385 187 215 199 39 367 345 132 282 435 341 44 361 150 415 164 389 368 405 295 203 195 453 303 40 369 363 400 86 411 236 227 380 450 32 406 22 212 107 153 114 252 12 239 90 444 451 456 483 110 352 185 180 283 431 358 50 123 372 134 3 8 226 69 306 383 460 379 382 121 14 189 178 6 231 15 442 136 232 27 478 388 278 159 94 233 265 112 204 19 82 390 407 106 37 141 335 213 399 384 443 481 99 242 256 96 294 18 177 299 162 102 75 225 11 137 170 412 374 437 364 197 441 41 421 316 337 97 465 402 362 409 240 255 68 48 333 419 49 139 71 85 375 339 161 292 277 181 84 76 210 57 35 70 424 201 324 247 207 280 377 183 89 338 0 253 91 479 28 287 432 245 279 216 17 221 459 131 300 276 325 360 302 261 449 320 370 323 250 330 211 269 408 228 234 488 142 145 315 297 105 452 414 59 95 267 104 120 146 472 66 327 326 273 218 65 290 4 262 243 63 446 428 60 270 30 175 223 1 310 119 117 198 127 396 301 152 378 485 347 87 186 193 357 305 64 173 420 275 192 313 172 386 205 391 224 260 266 314 392 77 475 138 293 115 165 359 45 10 350 184 160 371 334 79 284 403 157 395 322 249 202 482 33 214 171 401 5 271 312 52 81 34 445 62 354 72 298 2 194 126 289 58 376 309 118 344 9 413 447 291 238 259 487 116 196 422 154 98 179 73 29 438 74 329 464 457 394 78 398 43 108 285 342 163 125 484 366 476 56 36 206 220 251 20 321 311 54 430 124 340 55 235 140 458 328 24 51 448 42 7 317 93 332 16 67 281 263 229 296 128 308 470 480 331 356 191 425 486 222 200 88 346 148 149 31 53 418 151 47 429 434 373 217 25 188 473 144 26 307 353 471 319 209 454 462 246 248 349 288 208 387 440 156 455 241 23 468 404 174 147 351 272 92 237 423 122 348 219 143 111 304 433 109 343 244 336 477 83 38 410 258 13 463 268 182 286 469 466 397 257 169 381 467 393 254 436 61 274 21 103 318 167 439 80 230 135 100 190 158 474 365 355 264 461 166 46 129 417 130 133 168 427 416 155 113 426 
TEST LEAKS 5 ARG:299 480 263 298 292 229 133 312 421 416 100 400 73 181 156 461 35 285 300 355 311 346 111 220 122 259 19 180 241 252 262 411 315 29 343 359 476 195 384 159 379 371 60 234 7 75 41 380 434 445 107 20 310 106 64 337 101 4 324 308 185 335 136 301 362 198 43 469 347 342 16 393 186 489 254 235 70 206 381 345 94 438 126 426 280 329 164 99 207 271 485 294 59 26 22 256 217 435 52 475 193 167 366 163 353 367 386 31 448 243 403 219 224 173 237 151 208 471 48 161 98 296 158 199 488 165 290 307 215 291 37 387 316 102 349 92 162 168 322 333 470 205 54 397 138 223 462 184 258 330 266 202 233 203 465 211 317 144 76 3 155 2 412 34 289 414 57 147 351 440 177 478 227 9 272 188 189 305 191 309 13 424 473 406 253 460 127 399 425 236 90 249 320 87 197 113 242 200 365 250 79 350 18 479 382 132 401 149 25 245 123 251 270 332 407 56 468 6 62 481 32 442 190 458 422 327 370 130 53 331 108 68 348 340 46 80 284 374 372 430 166 86 390 23 383 484 51 472 431 389 417 455 325 275 303 124 360 120 10 376 74 377 178 429 58 218 115 182 196 39 95 77 436 148 477 117 66 169 170 444 392 281 288 267 402 452 269 131 439 69 204 81 314 135 457 356 456 282 487 388 72 463 363 1 228 293 45 394 212 464 404 194 297 213 83 244 410 146 171 71 378 361 420 226 433 319 268 143 248 105 240 152 89 323 97 109 467 265 8 110 91 174 443 373 42 141 449 221 450 257 405 116 30 277 264 313 82 137 61 214 192 326 85 209 153 118 232 391 364 65 216 302 321 33 459 395 344 119 93 295 304 341 419 358 454 150 154 441 369 50 187 11 145 40 179 239 338 451 278 409 88 276 222 247 260 273 427 128 225 368 482 334 274 428 103 104 287 230 432 160 453 486 354 67 12 27 129 210 17 352 55 96 114 318 413 415 142 15 121 125 112 357 238 49 339 375 84 139 328 175 483 78 446 38 408 183 24 385 255 172 21 28 140 63 423 0 47 474 418 36 466 246 396 176 231 261 286 201 398 283 44 5 447 306 157 336 14 134 279 437 
TEST LEAKS 5 ARG:76 393 473 400 224 372 396 20 115 478 349 445 419 47 163 226 124 348 225 309 93 337 31 152 68 193 207 2 105 364 307 102 96 405 149 198 310 75 245 297 63 317 387 481 261 232 281 370 293 4 236 29 205 429 231 377 0 457 134 434 414 169 487 428 12 213 277 64 128 361 126 157 181 168 466 192 133 468 284 139 234 113 449 99 42 62 221 422 398 418 164 399 88 175 209 38 7 446 95 461 121 34 308 290 70 327 197 286 138 44 109 46 10 285 183 111 321 101 81 448 266 131 79 381 137 247 127 41 431 379 191 378 440 188 37 328 219 158 463 65 344 484 214 357 268 227 53 107 212 167 441 161 409 471 325 8 442 26 119 360 420 50 358 303 3 242 199 354 43 179 135 306 437 177 403 229 263 329 374 485 417 305 256 142 376 355 476 404 97 19 375 204 223 336 423 287 301 51 159 186 322 386 176 289 228 451 17 171 433 174 279 456 278 479 259 269 24 475 453 460 385 413 22 1 425 291 61 151 332 173 380 72 427 362 389 9 356 490 210 90 106 331 304 251 472 122 474 136 146 110 415 295 201 367 244 114 35 426 162 243 319 87 351 262 103 292 165 94 11 444 202 178 240 116 334 345 271 182 411 489 52 458 315 237 54 390 36 238 421 424 172 339 416 30 39 383 217 255 241 92 432 77 112 443 363 412 335 211 145 144 148 366 302 33 32 341 274 246 250 150 316 40 154 48 430 190 486 184 200 84 253 140 365 447 239 252 402 83 69 410 272 455 313 324 470 155 452 85 371 23 369 123 482 59 320 233 311 230 368 73 13 467 60 359 283 118 170 14 343 74 258 248 314 270 98 45 67 166 125 312 397 401 196 347 296 147 235 189 450 330 66 195 275 108 346 71 333 82 203 25 220 257 439 264 288 194 382 180 488 129 141 340 100 206 267 323 298 86 187 436 464 459 216 28 260 469 56 438 265 57 454 318 143 21 58 276 80 395 120 394 350 338 16 132 280 208 477 373 91 117 49 326 6 130 222 407 388 462 89 156 480 249 153 353 435 300 185 5 18 408 78 273 294 218 406 465 352 342 254 27 215 392 104 160 384 483 391 55 299 282 15 
TEST LEAKS 5 ARG:30 318 148 236 95 361 88 335 14 212 210 38 387 228 276 123 377 49 293 284 110 319 340 407 53 342 395 241 34 352 89 299 19 45 222 32 289 450 93 253 431 371 82 458 28 126 412 460 144 193 8 146 91 121 432 138 214 200 441 315 384 150 336 217 399 115 83 206 296 178 303 75 213 383 113 63 360 434 467 287 54 215 226 413 229 26 18 278 23 153 409 323 250 163 426 261 474 128 216 476 154 224 114 198 257 149 419 252 2 359 294 414 29 175 77 422 111 302 464 136 420 283 277 268 483 79 473 396 51 68 158 140 466 366 157 20 397 66 195 129 40 267 16 416 472 12 471 375 132 424 62 355 231 204 33 3 392 203 343 187 322 78 406 328 448 272 47 116 119 403 455 344 25 37 301 130 446 57 385 170 417 447 6 443 240 275 218 159 202 433 381 189 104 280 162 42 232 449 486 67 192 451 156 5 401 382 118 36 85 288 246 208 365 169 485 76 7 98 147 120 266 354 249 477 46 84 436 188 176 191 325 411 468 378 456 264 143 139 11 125 255 439 291 400 60 61 295 127 308 225 235 454 425 461 4 21 475 220 346 463 237 55 265 100 402 141 421 166 331 404 31 347 183 457 465 219 427 151 10 444 348 305 117 184 103 64 445 487 73 70 398 285 386 81 391 491 251 358 145 269 131 339 438 312 122 207 338 190 248 333 314 13 311 15 179 205 24 313 102 349 430 260 440 380 345 233 488 357 415 135 194 262 300 330 341 201 316 80 324 256 351 282 292 124 379 173 134 164 174 271 168 197 484 418 479 199 281 1 43 329 86 71 160 405 177 72 374 363 56 362 186 394 286 263 44 234 196 69 298 259 367 27 106 182 393 369 74 39 478 254 142 270 227 482 105 453 239 9 279 428 185 388 389 437 238 304 96 87 364 161 180 326 356 390 258 370 48 435 274 273 353 35 109 92 94 452 101 245 372 334 133 470 320 462 165 50 221 152 230 223 408 41 480 332 290 306 97 247 155 181 481 337 90 442 309 459 171 22 489 490 423 52 373 429 327 59 112 321 172 244 99 107 243 108 65 209 310 0 307 58 17 410 297 350 167 211 317 469 368 137 242 376 
TEST LEAKS 5 ARG:442 82 428 137 237 214 170 151 266 385 9 29 130 46 186 256 307 475 461 193 353 152 430 221 280 195 279 434 294 383 40 277 310 3 229 291 14 22 202 342 287 54 233 93 317 469 283 75 411 448 278 347 421 91 32 371 61 59 25 403 171 426 109 242 376 336 480 10 319 346 425 270 293 76 173 365 227 158 28 476 44 135 418 196 43 351 454 405 327 483 249 492 127 62 318 68 272 251 490 58 179 95 184 432 487 15 458 259 404 441 313 245 122 343 255 149 234 467 322 210 164 145 391 215 236 175 459 11 267 21 345 38 207 0 323 101 420 129 364 219 116 92 379 246 12 73 481 88 427 446 297 1 140 131 217 292 155 128 84 148 136 6 146 142 200 303 144 295 447 265 439 163 189 103 166 299 185 445 199 370 98 182 250 355 121 226 86 315 8 339 301 348 4 181 451 33 231 472 321 372 373 285 331 232 330 139 455 395 435 223 352 423 309 261 70 50 431 102 356 78 394 298 77 110 363 360 16 477 388 239 57 203 194 42 338 190 240 209 191 107 464 316 387 118 489 324 417 462 488 393 132 304 306 368 409 263 438 444 72 247 111 114 141 204 440 252 429 87 443 333 474 99 436 478 296 160 117 125 392 397 416 396 248 312 143 243 27 258 5 367 386 407 35 113 153 452 60 300 112 123 41 150 81 465 65 433 281 456 213 172 354 302 74 328 400 222 108 45 325 124 188 26 174 269 69 484 413 424 169 37 126 120 53 314 66 274 290 449 218 157 180 63 165 289 412 79 286 83 100 241 466 162 419 414 366 96 138 55 471 401 212 260 380 183 176 238 262 473 47 105 457 308 257 340 154 7 398 225 216 34 187 197 389 437 220 422 415 253 208 51 39 254 361 228 382 31 375 399 329 463 349 30 205 350 198 275 177 470 18 224 332 406 24 134 49 97 230 271 305 23 211 133 335 71 106 482 390 89 362 357 326 156 384 94 374 341 161 201 276 67 119 104 168 468 358 410 378 282 491 52 344 64 56 460 381 453 320 115 2 90 486 479 206 377 369 244 178 192 85 159 337 20 408 147 268 273 450 288 235 334 48 359 13 19 485 402 17 311 167 36 284 80 264 
TEST LEAKS 5 ARG:21 438 487 163 34 431 209 5 410 400 461 423 180 186 288 189 417 116 27 20 412 405 106 276 447 331 13 390 270 408 141 257 421 203 248 244 439 345 250 301 369 50 176 266 453 168 154 130 120 436 121 465 51 47 342 256 74 220 19 179 428 334 419 193 462 298 153 72 75 22 167 145 398 443 253 278 65 82 317 471 485 378 386 172 105 230 235 221 201 399 473 279 332 361 316 389 366 41 155 11 343 459 321 254 101 166 371 83 233 42 143 416 164 124 102 358 182 387 225 76 229 450 337 328 117 441 89 490 477 404 479 380 178 306 424 81 368 325 12 2 308 285 119 206 483 79 165 146 57 295 460 315 148 451 43 313 457 152 379 98 367 53 177 58 486 237 112 463 204 171 217 62 326 222 238 35 196 396 293 174 466 377 372 170 113 223 347 32 291 265 93 227 188 281 61 353 210 258 134 437 356 397 135 96 468 282 474 458 228 402 305 192 267 335 318 92 108 247 388 357 207 488 138 322 289 211 385 24 456 251 30 181 73 478 151 272 392 149 435 350 374 491 187 484 290 107 33 158 131 307 327 161 6 142 297 493 144 36 10 395 339 344 492 147 346 91 373 213 133 340 216 132 150 114 362 275 376 26 215 280 219 426 442 200 18 370 29 481 185 88 294 242 80 3 224 433 300 173 352 351 190 87 448 31 312 475 444 381 359 40 86 37 56 273 401 46 111 198 348 55 194 364 464 100 17 232 360 409 122 382 413 299 336 77 422 264 363 260 25 476 1 205 454 341 103 52 49 183 226 15 109 414 0 406 212 118 128 245 54 425 241 469 277 393 429 304 320 68 284 123 263 403 319 384 9 127 184 314 268 309 208 482 4 45 67 420 430 136 214 63 243 427 115 292 329 296 446 283 274 440 269 239 303 202 394 139 169 302 162 323 234 28 449 355 85 48 38 349 126 95 271 252 383 60 432 261 236 218 286 287 104 94 249 129 365 159 191 195 415 480 39 310 66 140 434 59 470 64 84 407 90 324 69 262 44 333 467 455 338 246 23 197 199 71 311 70 7 137 354 240 14 231 391 445 97 157 255 375 156 411 175 489 160 259 418 110 8 472 330 125 99 78 16 452 
TEST LEAKS 5 ARG:237 47 97 86 427 27 276 460 43 224 89 240 429 298 431 146 394 407 32 76 404 22 279 181 440 73 93 9 125 54 493 167 309 220 162 384 425 231 81 295 456 68 196 479 401 132 50 267 314 139 420 414 36 378 402 290 61 363 328 218 444 17 190 299 255 461 46 416 280 379 124 25 6 273 294 481 269 247 346 262 155 274 248 174 296 477 361 7 266 331 203 263 11 356 153 233 111 370 342 250 65 49 321 490 197 251 157 33 20 109 222 103 117 471 329 455 381 289 149 1 115 442 148 34 464 90 400 186 437 232 323 313 399 347 292 324 191 368 284 96 31 189 120 121 405 359 383 59 358 201 2 130 436 119 390 485 297 403 38 319 105 184 322 35 337 193 122 169 216 234 107 71 408 301 388 179 428 72 281 353 152 42 227 183 348 282 21 438 171 85 10 291 88 170 260 83 304 487 443 84 79 177 387 116 131 208 26 376 430 326 80 389 340 432 380 69 40 385 182 215 144 150 249 446 142 396 367 474 462 15 264 302 127 339 163 293 454 19 423 412 52 16 268 24 459 147 8 360 217 154 238 415 135 235 114 156 63 476 285 175 77 66 470 206 277 265 164 395 192 87 352 129 473 110 159 62 166 101 199 28 137 23 349 413 243 128 406 136 433 261 100 355 102 350 5 194 422 453 172 354 468 207 37 338 417 327 357 145 14 13 316 391 435 386 239 489 60 64 58 12 187 373 434 397 286 259 345 278 18 228 465 393 466 29 180 226 409 288 469 91 287 256 118 242 138 366 53 333 283 126 160 478 341 398 491 214 418 108 254 411 419 213 494 225 371 330 236 257 55 211 486 448 75 98 271 451 365 377 176 106 99 450 312 241 246 204 303 472 308 369 392 245 344 343 305 161 223 320 198 67 56 424 230 141 325 336 475 57 364 382 317 315 300 158 375 318 210 173 94 143 30 95 212 421 275 334 51 165 151 492 188 484 372 335 41 272 133 202 4 140 253 362 74 39 306 209 252 452 480 44 112 195 229 113 219 70 311 123 0 445 92 439 48 467 258 447 221 351 200 449 332 168 134 307 488 45 82 483 463 441 244 482 426 205 78 185 178 458 410 104 374 270 3 457 310 
TEST LEAKS 5 ARG:199 90 479 390 59 290 269 412 142 205 311 27 405 148 200 115 419 20 251 465 195 344 364 336 169 475 138 431 226 358 407 371 429 480 340 209 238 217 424 98 196 246 334 4 446 44 19 0 241 121 450 416 326 349 212 426 28 455 160 356 101 177 324 365 330 312 293 490 292 244 7 197 452 283 338 387 46 468 287 125 423 43 105 260 67 112 495 33 154 181 341 5 279 327 300 64 372 425 191 210 471 215 448 394 249 275 309 237 489 295 185 168 476 231 481 153 128 225 53 395 347 75 163 149 9 15 165 378 288 451 440 82 280 432 147 48 223 198 137 132 303 1 68 204 397 129 203 145 42 18 291 107 255 379 166 413 298 227 13 253 60 116 259 459 274 353 208 434 45 176 110 427 156 194 11 368 54 421 410 296 135 65 374 373 10 301 234 151 167 360 323 343 366 117 216 319 74 477 457 277 350 458 146 409 83 32 306 155 152 36 382 184 222 266 70 8 133 250 418 370 314 100 220 108 258 437 50 351 173 282 305 361 408 388 141 136 402 447 119 124 180 441 123 399 213 439 467 25 77 214 404 415 56 422 357 57 99 453 114 438 466 143 270 256 316 150 456 23 51 14 400 420 487 109 276 342 63 30 95 398 257 322 228 189 29 230 122 461 211 61 201 34 58 337 202 272 190 313 187 307 406 164 85 299 383 321 139 40 449 193 335 6 245 474 239 488 414 240 236 473 442 49 328 492 294 80 94 380 35 111 345 2 483 120 444 182 315 243 131 346 174 428 17 103 93 493 494 12 472 73 104 403 363 354 76 254 206 38 436 62 462 396 178 22 286 207 284 393 310 88 273 232 333 52 39 252 320 485 369 26 79 317 460 78 144 84 41 130 224 367 329 172 126 386 417 384 37 179 265 302 106 352 219 162 268 31 289 355 469 157 248 482 464 389 486 229 430 478 332 102 183 385 86 445 433 233 97 69 484 96 81 87 127 377 348 381 454 391 331 72 281 55 242 218 392 171 443 118 376 401 264 3 263 24 113 325 285 89 463 362 91 192 47 188 297 186 21 175 71 16 470 170 435 158 267 235 375 221 140 491 134 247 359 92 271 66 262 339 308 261 278 411 318 159 161 304 
TEST LEAKS 5 ARG:444 116 313 109 120 237 413 399 282 180 367 29 39 484 427 436 300 481 214 386 66 204 87 151 195 305 387 160 79 285 9 117 174 475 96 355 130 359 187 144 409 51 385 165 398 24 163 42 487 455 59 435 337 81 138 181 319 417 191 115 102 150 332 173 143 226 485 473 410 145 347 456 463 350 54 72 209 19 486 149 168 253 93 235 449 60 369 296 360 110 266 461 496 336 392 423 164 64 193 396 377 6 374 197 315 11 309 28 331 321 36 99 307 108 171 401 397 56 425 107 141 390 479 476 493 10 376 354 167 62 208 442 365 242 140 166 111 239 5 453 31 95 222 363 469 2 303 240 68 388 272 482 270 15 243 121 53 467 74 452 22 437 229 419 61 277 406 134 255 326 301 228 411 175 292 478 8 186 159 451 221 43 250 329 441 128 430 491 101 146 172 407 394 113 86 458 362 264 324 207 280 156 443 371 339 302 190 289 445 278 304 77 297 119 488 41 446 489 227 137 432 353 200 380 373 349 32 247 58 395 323 492 139 125 92 490 216 344 123 283 178 49 90 18 340 372 153 438 69 71 466 483 106 268 274 327 33 460 431 495 78 169 223 184 260 183 67 13 234 450 118 192 34 290 55 97 16 298 424 288 352 364 83 295 199 422 3 198 177 48 310 218 357 262 258 254 391 63 468 358 294 480 320 333 381 378 103 246 133 361 212 356 322 316 176 152 343 379 230 147 232 75 94 335 472 112 412 375 389 284 52 286 142 267 231 370 47 433 245 414 306 330 220 281 474 366 21 45 85 126 12 415 26 345 179 408 314 122 291 318 261 50 70 44 368 338 196 317 162 251 73 40 351 98 217 439 273 440 384 124 135 136 434 131 263 464 477 287 428 17 494 91 405 311 233 7 89 38 325 454 35 104 194 82 293 248 23 189 25 447 188 404 158 148 57 205 462 457 312 84 348 30 155 76 14 215 342 470 275 308 238 334 105 259 211 465 224 88 402 20 269 225 185 170 219 37 132 382 459 161 1 4 157 400 244 383 65 393 279 276 206 201 256 127 265 114 421 346 328 129 420 471 154 426 429 416 252 80 213 0 100 236 341 202 203 249 448 27 182 210 299 418 403 257 271 241 46 
TEST LEAKS 5 ARG:146 421 432 250 266 430 286 390 416 238 11 283 207 443 482 253 334 469 153 175 127 22 71 78 97 294 415 251 363 454 178 271 233 378 293 248 458 263 148 173 478 158 124 310 382 232 273 489 102 125 426 142 75 259 495 308 84 311 44 135 333 485 136 210 56 52 26 235 343 81 272 438 449 95 328 292 462 215 49 85 264 236 423 346 86 427 223 92 364 230 303 274 405 444 288 166 62 470 229 139 422 433 351 441 192 269 383 329 104 219 321 107 280 154 436 10 445 473 314 357 4 16 377 477 268 412 121 128 54 2 66 372 307 297 47 290 193 483 174 300 14 429 165 466 40 185 69 129 63 349 177 206 3 73 34 1 463 220 361 112 486 398 402 386 43 249 187 342 301 109 19 41 331 476 410 332 275 336 277 323 420 247 151 130 461 117 408 234 211 72 35 404 465 353 217 368 257 101 451 258 133 5 27 388 370 184 414 37 453 7 243 90 413 225 77 437 354 155 291 330 373 381 65 214 45 411 116 110 103 452 12 115 278 497 144 267 298 340 487 491 196 360 98 89 46 327 208 194 424 425 401 359 367 160 58 335 111 418 53 403 186 450 325 190 252 170 245 355 316 365 213 25 169 435 227 105 28 221 494 472 162 83 94 106 337 400 79 397 352 176 91 431 399 240 181 389 231 305 496 299 282 369 161 24 0 479 205 457 48 442 255 51 393 396 222 163 481 467 319 344 188 122 379 60 471 313 480 93 21 226 296 474 209 262 137 468 254 143 287 80 260 141 366 164 322 406 242 371 113 123 448 394 387 82 385 324 270 20 246 326 199 87 256 281 237 38 189 348 200 6 156 339 179 171 484 312 362 295 15 392 61 439 18 202 70 68 96 376 39 284 261 375 152 9 315 358 265 320 304 88 182 212 119 31 145 157 302 198 17 419 434 33 67 374 55 276 464 244 30 446 172 203 32 126 228 149 134 459 99 197 114 180 456 8 440 50 216 341 417 239 317 118 147 159 395 338 59 455 204 318 13 29 195 428 132 347 100 345 306 108 493 356 409 279 42 150 490 64 168 492 74 23 224 131 309 447 460 384 191 183 167 140 36 350 57 241 138 285 76 289 201 120 218 391 380 488 475 407 
TEST LEAKS 5 ARG:132 445 205 88 355 194 175 406 396 154 297 249 442 204 115 228 146 123 280 144 284 469 184 244 188 292 414 386 473 100 390 229 105 195 246 150 66 12 408 404 44 444 95 471 379 435 148 321 92 186 125 19 301 45 128 170 327 283 187 491 454 76 159 155 357 218 338 488 376 472 326 265 490 381 462 263 399 60 136 443 1 368 56 168 165 223 389 276 429 85 152 304 253 347 279 277 138 330 167 176 459 315 166 300 484 74 364 114 164 430 450 48 14 460 387 83 120 290 322 206 235 393 289 331 134 41 242 428 371 281 135 395 312 247 407 308 452 463 278 296 384 182 328 21 67 75 494 50 482 380 400 6 474 78 302 174 11 334 38 35 410 298 299 117 333 479 71 68 42 492 84 268 424 448 402 344 219 324 126 183 15 51 261 214 80 307 143 340 369 96 339 250 485 437 27 366 458 426 363 200 130 288 90 251 258 420 233 416 55 377 46 356 133 337 20 37 453 157 93 360 309 171 243 192 140 108 190 61 342 29 87 169 193 314 149 354 374 222 18 9 212 385 3 316 359 201 72 362 310 185 191 31 57 447 254 203 131 383 257 77 151 457 432 215 160 320 456 436 210 358 26 274 412 58 207 350 226 375 441 122 178 345 153 82 240 417 467 33 311 213 107 468 102 180 349 232 382 466 285 305 477 496 65 113 101 52 5 264 53 234 24 476 103 196 465 481 252 36 63 303 388 54 39 119 139 220 162 32 398 49 10 106 121 262 269 489 267 109 181 112 449 329 145 260 438 8 413 498 294 17 23 129 318 111 419 2 392 225 255 25 209 461 62 91 89 353 34 451 427 365 317 295 361 313 4 403 30 110 179 293 239 13 291 137 394 124 440 73 273 141 287 197 495 16 270 372 464 172 161 211 282 425 97 272 86 230 397 198 147 421 238 415 28 217 332 104 418 231 189 40 483 79 127 391 81 116 446 99 98 142 227 259 216 431 256 351 455 245 7 199 409 470 493 177 348 336 433 378 266 221 475 69 173 286 478 248 487 423 59 163 47 341 411 64 237 156 346 335 367 275 434 497 236 158 70 22 202 480 486 405 0 208 271 370 422 241 325 343 352 323 439 94 224 118 373 401 306 43 319 
TEST LEAKS 5 ARG:52 478 443 253 448 385 291 243 164 26 299 212 462 81 336 57 359 361 249 279 484 89 219 301 307 290 127 461 402 435 324 488 399 200 260 476 353 433 62 93 322 199 194 50 9 312 44 287 250 91 256 68 180 497 434 357 403 337 48 269 397 363 112 155 380 358 166 429 6 130 31 395 317 85 45 390 487 22 96 160 356 468 147 471 374 387 43 240 284 53 258 368 427 332 246 189 318 88 465 215 421 306 255 70 302 264 84 496 18 136 60 437 383 54 248 59 466 431 124 400 106 420 37 342 414 464 236 413 165 278 126 214 61 444 129 381 72 371 33 35 198 187 297 376 310 41 455 499 107 445 411 135 360 125 489 119 305 14 296 375 105 439 94 311 286 195 97 42 20 473 456 86 419 486 267 116 11 224 175 203 73 339 343 92 463 344 251 416 216 283 369 319 450 355 78 49 71 115 29 423 110 245 4 217 449 148 252 154 47 128 271 1 326 389 222 169 320 178 87 140 274 65 458 171 262 168 316 298 295 263 69 28 201 313 188 157 32 221 13 197 472 482 185 398 174 469 232 218 341 228 209 100 315 192 288 470 281 233 113 162 329 345 498 266 183 289 17 98 378 237 480 452 406 412 372 438 428 109 330 108 415 58 308 391 379 7 280 56 328 392 373 367 244 447 161 273 459 170 348 410 382 150 241 82 259 425 167 30 63 207 77 5 460 254 394 120 226 494 323 40 144 346 2 122 268 442 211 152 23 123 34 75 16 479 21 242 27 401 492 490 131 99 432 481 153 46 331 239 491 424 407 151 396 36 121 146 454 172 227 163 440 196 300 55 276 12 334 229 347 10 159 467 51 384 294 303 156 485 208 83 366 158 25 76 231 186 230 370 114 204 95 67 134 238 409 139 103 352 132 193 340 453 270 350 272 145 3 349 141 138 475 386 393 101 210 0 182 285 333 64 142 225 493 292 173 235 441 247 39 327 405 265 15 74 325 137 321 205 277 351 102 133 304 90 365 261 111 8 477 213 191 79 117 220 257 422 404 436 190 24 377 408 451 176 177 293 338 335 483 364 179 430 457 417 282 388 118 181 354 223 143 149 309 426 495 184 418 66 362 314 234 19 104 80 202 275 474 38 446 206 
TEST LEAKS 5 ARG:231 54 307 109 459 69 79 453 469 266 113 492 306 213 368 353 26 71 498 484 66 105 214 312 444 16 153 12 138 38 98 422 463 210 15 295 308 269 398 107 382 104 86 207 395 393 21 299 390 39 378 186 61 386 114 431 354 483 142 76 129 346 277 232 364 59 48 325 292 430 280 168 1 460 302 77 179 365 304 62 183 387 336 56 28 119 115 326 227 493 407 485 320 14 158 144 238 404 281 408 100 260 41 83 279 218 130 20 272 124 141 226 220 360 421 500 314 7 351 225 8 490 196 247 389 344 249 438 44 372 99 342 137 146 199 400 450 5 321 120 396 466 182 441 361 411 13 165 447 177 242 486 93 401 174 473 24 25 243 154 464 136 128 208 479 434 117 288 149 324 163 265 31 92 384 380 412 32 64 18 311 494 425 95 291 164 456 212 237 499 298 415 53 315 356 191 122 198 132 223 363 245 68 482 234 461 203 305 467 397 195 420 188 285 34 332 70 89 446 350 328 349 233 9 197 204 385 63 331 366 33 135 282 399 171 454 330 367 403 206 475 151 258 43 156 376 362 418 428 264 0 111 275 42 133 267 131 87 405 90 160 180 414 37 2 108 224 96 250 175 283 81 201 448 127 72 248 392 216 251 252 433 373 374 4 94 259 123 162 85 91 121 487 169 50 451 445 222 491 375 170 110 472 319 322 17 235 297 194 139 478 470 465 230 273 452 323 290 303 317 184 46 310 103 449 284 424 140 240 497 274 40 391 474 276 55 45 97 439 327 289 352 318 426 477 80 60 462 29 148 383 65 155 263 19 377 172 145 143 27 78 301 118 358 202 152 30 413 381 457 369 313 74 147 261 442 256 241 286 47 476 270 481 73 84 423 157 176 432 255 300 185 419 159 209 215 200 126 211 173 51 296 102 88 11 82 334 106 379 125 370 293 394 187 480 271 343 49 219 181 10 458 112 488 189 192 278 229 134 355 417 294 435 339 228 335 217 333 287 244 257 455 410 52 116 427 409 75 337 357 348 440 221 338 236 436 329 429 468 254 205 489 495 443 193 371 101 161 22 167 57 166 402 345 437 406 239 67 309 3 316 190 36 340 253 359 150 496 471 416 262 347 35 268 178 23 58 246 388 341 6 
OK
